Material_ID,Formula,element_A,element_Aprime,element_B,element_Bprime,Formation_Energy_eV_atom,Energy_Above_Hull_eV,Band_Gap_eV,Total_Magnetization_uB,Volume_A3,Density_g_cm3,Space_Group_Symbol,Space_Group_Number,EN_A,EN_Aprime,EN_B,EN_Bprime,EN_O,EN_avg,Shannon_A,Shannon_Aprime,Shannon_B,Shannon_Bprime,Tolerance_Factor,Octahedral_Mismatch,Val_A,Val_Aprime,Val_B,Val_Bprime,Val_avg,Total_A_Charge,Group_B,Group_Bprime,Sum_Ox_B_Bprime,Ox_B,Ox_Bprime,d_electrons_B,d_electrons_Bprime,Total_d_electrons,Spin_Proxy_Distance,HS_moment_B,HS_moment_Bprime,Total_HS_FM,Total_HS_FiM,d_AO,d_BO,d_BprimeO,d_avg,E_GNN,M_net,M_abs
mp-2227887,BaMgBi2O5,Bi,Bi,Ba,Mg,-1.6363795022222232,0.6390484497222229,0.0,0.0003982,174.96769140736558,6.259867885043268,P4/mmm,123,1.9,1.9,0.89,1.31,3.44,1.1,1.03,1.03,1.35,0.72,0.7056548165434539,0.6086956521739131,3,3,4,4,4.0,6,4,4,6,3.0,3.0,1.0,1.0,2.0,3.0,1.0,1.0,2.0,0.0,2.4299999999999997,2.75,2.12,2.435,-1.6264452191619985,0.0003982,2.0
mp-2242142,BaMgBi2O5,Bi,Bi,Ba,Mg,-1.5249992888888895,0.7504286630555566,0.8410000000000002,0.0,182.79418452847025,5.991846158489463,P4/mmm,123,1.9,1.9,0.89,1.31,3.44,1.1,1.03,1.03,1.35,0.72,0.7056548165434539,0.6086956521739131,3,3,4,4,4.0,6,4,4,6,3.0,3.0,1.0,1.0,2.0,3.0,1.0,1.0,2.0,0.0,2.4299999999999997,2.75,2.12,2.435,-1.5277645749123132,0.0,2.0
mp-768636,LiBi2BO5,Bi,Bi,Li,B,-2.0386030161111117,0.09842523166666872,1.7318000000000007,0.0007881,464.9530287824633,7.367249748796289,Pnma,62,1.9,1.9,0.98,2.04,3.44,1.51,1.03,1.03,0.76,0.27,0.8972686570670027,0.9514563106796116,3,3,4,4,4.0,6,4,4,6,3.0,3.0,1.0,1.0,2.0,3.0,1.0,1.0,2.0,0.0,2.4299999999999997,2.16,1.67,1.915,-2.025649245349098,0.0007881,2.0
mp-768764,Li2BiBO5,Li,Li,Bi,B,-2.0693998350925935,0.06405714513888494,0.0,0.002183,188.2881638628227,5.532604315407077,P4/nmm,129,0.98,0.98,1.9,2.04,3.44,1.97,0.76,0.76,1.03,0.27,0.7450490962746062,1.1692307692307693,1,1,5,4,4.5,2,15,4,10,7.75,2.25,7.25,1.75,9.0,4.0,2.75,1.75,4.5,1.0,2.16,2.4299999999999997,1.67,2.05,-2.038939237964433,0.002183,4.5
mp-775928,Li2VPO5,Li,Li,V,P,-2.614071395145503,0.08917004995371425,1.2372999999999998,8.0000088,373.2723816544944,3.1281525715787573,P1,1,0.98,0.98,1.63,2.19,3.44,1.91,0.76,0.76,0.79,0.44,0.7579903957136194,0.5691056910569107,1,1,5,4,4.5,2,5,4,10,5.25,4.75,0.0,0.0,0.0,5.0,0.0,0.0,0.0,0.0,2.16,2.19,1.8399999999999999,2.0149999999999997,-2.61875446263997,8.0000088,8.0000088
mp-777569,Ta2CrNO5,Ta,Ta,Cr,N,-2.6314210666296294,0.17924780166666743,1.4420000000000002,0.0,209.84423315815533,8.038156756734537,Cm,8,1.5,1.5,1.66,3.04,3.44,2.35,0.72,0.72,0.73,0.16,0.8125021008755993,1.2808988764044942,2,2,6,4,5.0,4,6,4,8,4.5,3.5,1.5,0.5,2.0,3.0,1.5,0.5,2.0,1.0,2.12,2.13,1.5599999999999998,1.8449999999999998,-2.636103805768613,0.0,2.0
mp-779348,Ta2CrNO5,Ta,Ta,Cr,N,-2.6367584746851853,0.17391039361111105,1.2699000000000003,1.9e-06,420.06631407640174,8.030926470886763,P2_1,4,1.5,1.5,1.66,3.04,3.44,2.35,0.72,0.72,0.73,0.16,0.8125021008755993,1.2808988764044942,2,2,6,4,5.0,4,6,4,8,4.5,3.5,1.5,0.5,2.0,3.0,1.5,0.5,2.0,1.0,2.12,2.13,1.5599999999999998,1.8449999999999998,-2.6051742183750375,1.9e-06,2.0
mp-780725,Li2VPO5,Li,Li,V,P,-2.6269234332010587,0.07631801189815857,1.0671,8.0005151,364.78500791639436,3.2009346196580806,Pmn2_1,31,0.98,0.98,1.63,2.19,3.44,1.91,0.76,0.76,0.79,0.44,0.7579903957136194,0.5691056910569107,1,1,5,4,4.5,2,5,4,10,5.25,4.75,0.0,0.0,0.0,5.0,0.0,0.0,0.0,0.0,2.16,2.19,1.8399999999999999,2.0149999999999997,-2.6115747386180006,8.0005151,8.0005151
mp-818654,Na2FePO5,Na,Na,Fe,P,-2.3065772812390537,0.04788172277777747,1.5365000000000002,40.0055057,885.7691374383993,3.1913950967796314,Pbcn,60,0.93,0.93,1.83,2.19,3.44,2.01,1.02,1.02,0.61,0.44,0.8889342392059455,0.32380952380952377,1,1,8,4,6.0,2,8,4,10,6.0,4.0,2.0,0.0,2.0,3.0,2.0,0.0,2.0,2.0,2.42,2.01,1.8399999999999999,1.9249999999999998,-2.3159667689577526,40.0055057,40.0055057
mp-825626,BaLu2NiO5,Lu,Lu,Ba,Ni,-3.0321822092592594,0.16430057874999182,0.0,5e-06,479.60769862015775,8.668891328772208,Pnma,62,1.0,1.0,0.89,1.91,3.44,1.4,0.861,0.861,1.35,0.69,0.6606481125052827,0.6470588235294119,3,3,4,10,7.0,6,4,10,6,1.5,4.5,2.5,5.5,8.0,3.0,2.5,4.5,7.0,2.0,2.261,2.75,2.09,2.42,-3.02133100838754,5e-06,7.0
mp-849504,Ta2CrNO5,Ta,Ta,Cr,N,-2.6430613480185183,0.16760752027777848,1.4359999999999995,5.2e-06,418.3398749965615,8.064069152556247,Pmn2_1,31,1.5,1.5,1.66,3.04,3.44,2.35,0.72,0.72,0.73,0.16,0.8125021008755993,1.2808988764044942,2,2,6,4,5.0,4,6,4,8,4.5,3.5,1.5,0.5,2.0,3.0,1.5,0.5,2.0,1.0,2.12,2.13,1.5599999999999998,1.8449999999999998,-2.6523297018747676,5.2e-06,2.0
mp-861176,Li2FePO5,Li,Li,Fe,P,-2.373820267089947,0.09642386055555452,1.6162999999999998,39.996597,766.9802149137264,3.129735945026007,P2_1/c,14,0.98,0.98,1.83,2.19,3.44,2.01,0.76,0.76,0.61,0.44,0.7934289077210093,0.32380952380952377,1,1,8,4,6.0,2,8,4,10,6.0,4.0,2.0,0.0,2.0,3.0,2.0,0.0,2.0,2.0,2.16,2.01,1.8399999999999999,1.9249999999999998,-2.383134862161352,39.996597,39.996597
mp-863039,Li2MnPO5,Li,Li,Mn,P,-2.471080309082284,0.08044160009259294,0.8236999999999997,31.9978823,760.2891499593517,3.141432801161159,P2_1/c,14,0.98,0.98,1.55,2.19,3.44,1.87,0.76,0.76,0.67,0.44,0.7812535280628863,0.41441441441441446,1,1,7,4,5.5,2,7,4,10,5.75,4.25,1.25,0.0,1.25,3.75,1.25,0.0,1.25,1.25,2.16,2.07,1.8399999999999999,1.9549999999999998,-2.4662410636509633,31.9978823,31.9978823
mp-976868,NiH2SeO5,H,H,Ni,Se,-1.1325926494270833,0.11992859777777731,2.0722,0.0,191.9039758683265,3.8015308272153807,C2/c,15,2.2,2.2,1.91,2.55,3.44,2.23,-28.0,-28.0,0.69,1.98,-6.877162844446861,0.9662921348314607,2,2,10,4,7.0,4,10,4,8,5.5,2.5,4.5,1.5,6.0,1.0,4.5,1.5,6.0,3.0,-26.6,2.09,3.38,2.735,-1.1708582543202393,0.0,6.0
mp-1046989,Ca2AlMoO5,Ca,Ca,Al,Mo,-2.9510520650000007,0.041141240466266105,1.6287000000000003,5.9995554,243.1429742126197,3.8665014465995244,Cc,9,1.0,1.0,1.61,2.16,3.44,1.8850000000000002,1.0,1.0,0.535,0.69,0.8432577763218453,0.2530612244897958,2,2,3,6,4.5,4,13,6,8,5.75,2.25,7.25,3.75,11.0,6.0,2.75,3.75,6.5,1.0,2.4,1.935,2.09,2.0125,-2.9855504216502613,5.9995554,6.5
mp-1047440,Ca2YVO5,Ca,Ca,Y,V,-3.180787671111111,0.10896040118055339,1.5755,3.9883638,251.7192399466731,3.958078865725242,Ima2,46,1.0,1.0,1.22,1.63,3.44,1.4249999999999998,1.0,1.0,0.9,0.79,0.7559270712016543,0.1301775147928994,2,2,3,5,4.0,4,3,5,8,3.5,4.5,0.0,0.5,0.5,4.5,0.0,0.5,0.5,0.5,2.4,2.3,2.19,2.245,-3.1920334216959305,3.9883638,3.9883638
mp-1047496,Ca2YCoO5,Ca,Ca,Y,Co,-2.799216830555556,0.13164828479166601,0.6059999999999999,6.0038237,239.18104445611795,4.276533073948493,C2,5,1.0,1.0,1.22,1.88,3.44,1.5499999999999998,1.0,1.0,0.9,0.65,0.7802557585506731,0.3225806451612903,2,2,3,9,6.0,4,3,9,8,2.5,5.5,0.5,3.5,4.0,1.0,0.5,3.5,4.0,3.0,2.4,2.3,2.05,2.175,-2.8194734529622445,6.0038237,6.0038237
mp-1047503,Ca2YCrO5,Ca,Ca,Y,Cr,-3.1232553894444433,0.1352026056249951,2.2051,5.9981711,248.12467630975965,4.029534779061341,Ima2,46,1.0,1.0,1.22,1.66,3.44,1.44,1.0,1.0,0.9,0.73,0.7661653611050627,0.2085889570552148,2,2,3,6,4.5,4,3,6,8,3.25,4.75,0.0,1.25,1.25,3.75,0.0,1.25,1.25,1.25,2.4,2.3,2.13,2.215,-3.116970442792538,5.9981711,5.9981711
mp-1047494,Ca2YMnO5,Ca,Ca,Y,Mn,-3.020662470881226,0.13160341840277123,0.2881,7.9990481,250.66841959324486,4.027621204114971,Ima2,46,1.0,1.0,1.22,1.55,3.44,1.385,1.0,1.0,0.9,0.67,0.776684793980647,0.2929936305732484,2,2,3,7,5.0,4,3,7,8,3.0,5.0,0.0,2.0,2.0,3.0,0.0,2.0,2.0,2.0,2.4,2.3,2.07,2.1849999999999996,-3.0388229523916506,7.9990481,7.9990481
mp-1047556,Ca2YNiO5,Ca,Ca,Y,Ni,-2.7299279372222225,0.11674555673611042,0.0,2.0002085,237.00276699236252,4.312478214142565,Ima2,46,1.0,1.0,1.22,1.91,3.44,1.565,1.0,1.0,0.9,0.69,0.7731463666732182,0.2641509433962265,2,2,3,10,6.5,4,3,10,8,2.25,5.75,0.75,4.25,5.0,0.0,0.75,4.25,5.0,3.5,2.4,2.3,2.09,2.195,-2.7581740112489284,2.0002085,5.0
mp-1047527,Ca2YFeO5,Ca,Ca,Y,Fe,-2.929702393333334,0.13136146312499974,0.9384000000000001,9.9986477,251.84695911326833,4.020733519846966,Ima2,46,1.0,1.0,1.22,1.83,3.44,1.525,1.0,1.0,0.9,0.61,0.7874971112982432,0.3841059602649007,2,2,3,8,5.5,4,3,8,8,2.75,5.25,0.25,2.75,3.0,2.0,0.25,2.75,3.0,2.5,2.4,2.3,2.01,2.155,-2.9003894179549032,9.9986477,9.9986477
mp-1076627,Sr2TiMnO5,Sr,Sr,Ti,Mn,-3.0787602173627073,0.051147827777777266,1.4088000000000003,2e-07,511.64960612654284,4.648046607830034,Ima2,46,0.95,0.95,1.54,1.55,3.44,1.545,1.18,1.18,0.86,0.67,0.8426491895895116,0.24836601307189535,2,2,4,7,5.5,4,4,7,8,3.25,4.75,0.75,2.25,3.0,2.0,0.75,2.25,3.0,1.5,2.58,2.26,2.07,2.165,-3.0832757433724383,2e-07,3.0
mp-1094028,TiSiAg2O5,Ag,Ag,Ti,Si,-2.303131396296296,0.06237548824073702,1.3457999999999997,1.54e-05,237.80729662876868,5.1907487033938775,P4/nmm,129,1.93,1.93,1.54,1.9,3.44,1.72,1.15,1.15,0.86,0.4,0.888237582278668,0.7301587301587301,1,1,4,4,4.0,2,4,4,10,5.0,5.0,0.0,0.0,0.0,5.0,0.0,0.0,0.0,0.0,2.55,2.26,1.7999999999999998,2.03,-2.3017808322025375,1.54e-05,1.54e-05
mp-1096865,AlFe2BO5,Fe,Fe,Al,B,-2.436238123796296,6.267550000771394e-05,2.8114,31.9999992,351.9393778725637,4.3309701990894105,Pbam,55,1.83,1.83,1.61,2.04,3.44,1.8250000000000002,0.61,0.61,0.535,0.27,0.7885074231261916,0.6583850931677019,2,2,3,4,3.5,4,13,4,8,6.25,1.75,6.75,2.25,9.0,4.0,3.25,2.25,5.5,1.0,2.01,1.935,1.67,1.8025,-2.464733087520565,31.9999992,31.9999992
mp-1097025,GaFe2BO5,Fe,Fe,Ga,B,-2.125574479074073,0.0,2.0764482392262114,31.9996768,367.2565819441348,4.923354712801115,Pbam,55,1.83,1.83,1.81,2.04,3.44,1.925,0.61,0.61,0.62,0.27,0.7703439729999784,0.7865168539325842,2,2,3,4,3.5,4,13,4,8,6.25,1.75,6.75,2.25,9.0,4.0,3.25,2.25,5.5,1.0,2.01,2.02,1.67,1.845,-2.1364621335645766,31.9996768,31.9996768
mp-1097047,FeCu2BO5,Cu,Cu,Fe,B,-1.6169733526851857,0.06335902833332963,0.0,21.9964342,368.440811956914,4.93500451274288,P1,1,1.9,1.9,1.83,2.04,3.44,1.935,0.77,0.77,0.61,0.27,0.8339248452037,0.7727272727272727,2,2,8,4,6.0,4,8,4,8,5.0,3.0,3.0,1.0,4.0,1.0,3.0,1.0,4.0,2.0,2.17,2.01,1.67,1.8399999999999999,-1.6147549008909885,21.9964342,21.9964342
mp-1097060,KCe2FeO5,Ce,Ce,K,Fe,-2.8129837738611108,0.22895226212966868,0.03649999999999931,19.9991158,605.3311325812673,4.994498690441648,Pna2_1,33,1.12,1.12,0.82,1.83,3.44,1.325,1.01,1.01,1.38,0.61,0.7115354249100542,0.7738693467336684,3,3,4,8,6.0,6,4,8,6,2.0,4.0,2.0,4.0,6.0,1.0,2.0,4.0,6.0,2.0,2.41,2.78,2.01,2.3949999999999996,-2.8360036454095567,19.9991158,19.9991158
mp-1105158,Sr2ScGaO5,Sr,Sr,Sc,Ga,-3.1986859458333337,0.0,2.7724,0.000814,263.0145802718084,4.670918421757266,Ima2,46,0.95,0.95,1.36,1.81,3.44,1.585,1.18,1.18,0.745,0.62,0.876031450401581,0.18315018315018314,2,2,3,3,3.0,4,3,13,8,1.5,6.5,1.5,6.5,8.0,3.0,1.5,3.5,5.0,2.0,2.58,2.145,2.02,2.0825,-3.1911719854664202,0.000814,5.0
mp-1106089,Ba2InGaO5,Ba,Ba,In,Ga,-2.570699569351852,0.0,1.4144999999999999,0.0012176,294.7278335288981,6.075770794557979,Ima2,46,0.89,0.89,1.78,1.81,3.44,1.795,1.35,1.35,0.8,0.62,0.9215846674232254,0.2535211267605635,2,2,3,3,3.0,4,13,13,8,4.0,4.0,9.0,9.0,18.0,13.0,1.0,1.0,2.0,0.0,2.75,2.2,2.02,2.1100000000000003,-2.582712343150228,0.0012176,2.0
mp-1106222,Zn2SiHO5,Zn,Zn,Si,H,-1.9867611890277783,0.12989087319444081,0.09160000000000001,1.999371,238.39747115614156,3.3421272100887935,Imm2,44,1.65,1.65,1.9,2.2,3.44,2.05,0.74,0.74,0.4,-28.0,-0.12203294449509769,284000.0,2,2,4,4,4.0,4,4,4,8,4.0,4.0,0.0,0.0,0.0,5.0,0.0,0.0,0.0,0.0,2.1399999999999997,1.7999999999999998,-26.6,-12.4,-1.9925950640236438,1.999371,1.999371
mp-1147662,Sr2CuCO5,Sr,Sr,Cu,C,-2.3781140738888897,0.044726490277759545,0.0,0.0063612,237.3114394242258,4.629324771998555,I-42m,121,0.95,0.95,1.9,2.55,3.44,2.2249999999999996,1.18,1.18,0.77,0.16,0.9781959761186556,1.3118279569892473,2,2,11,4,7.5,4,11,4,8,5.75,2.25,5.25,1.75,7.0,2.0,4.75,1.75,6.5,3.0,2.58,2.17,1.5599999999999998,1.8649999999999998,-2.390148206133478,0.0063612,6.5
mp-1147744,Li2VPO5,Li,Li,V,P,-2.6219429526455023,0.08129849245371545,1.4956999999999998,7.9999414,372.39171610920863,3.135550309151895,P-1,2,0.98,0.98,1.63,2.19,3.44,1.91,0.76,0.76,0.79,0.44,0.7579903957136194,0.5691056910569107,1,1,5,4,4.5,2,5,4,10,5.25,4.75,0.0,0.0,0.0,5.0,0.0,0.0,0.0,0.0,2.16,2.19,1.8399999999999999,2.0149999999999997,-2.5848973889553233,7.9999414,7.9999414
mp-1177806,Li2VCO5,Li,Li,V,C,-2.287785884074075,0.05153788555556549,1.6756000000000002,4.0016627,331.065140546731,3.146502641692008,P1,1,0.98,0.98,1.63,2.55,3.44,2.09,0.76,0.76,0.79,0.16,0.8145870119269027,1.3263157894736841,1,1,5,4,4.5,2,5,4,10,5.25,4.75,0.0,0.0,0.0,5.0,0.0,0.0,0.0,0.0,2.16,2.19,1.5599999999999998,1.875,-2.2880558285688335,4.0016627,4.0016627
mp-1180996,Mg2PHO5,Mg,Mg,P,H,-2.3965817799140217,0.37375047101851955,2.2900249909284547,0.0027595,540.2376427184461,2.9616279127420326,P31m,157,1.31,1.31,2.19,2.2,3.44,2.1950000000000003,0.72,0.72,0.44,-28.0,-0.1210877525133668,284400.0,2,2,4,4,4.0,4,4,4,8,4.0,4.0,0.0,0.0,0.0,5.0,0.0,0.0,0.0,0.0,2.12,1.8399999999999999,-26.6,-12.38,-2.4177359984931397,0.0027595,0.0027595
mp-1182243,BaEu2PdO5,Eu,Eu,Ba,Pd,-2.627765221666668,0.13462544527778064,0.0,24.0051146,272.5102019895024,7.649430156066629,P4/mbm,127,1.5,1.5,0.89,2.2,3.44,1.5450000000000002,1.17,1.17,1.35,0.86,0.7254548613370966,0.4434389140271494,3,3,4,10,7.0,6,4,10,6,1.5,4.5,2.5,5.5,8.0,3.0,2.5,4.5,7.0,2.0,2.57,2.75,2.26,2.505,-2.611314323424604,24.0051146,24.0051146
mp-1182677,BaGd2CuO5,Gd,Gd,Ba,Cu,-3.023537846388889,0.025897405277778063,0.37729999999999997,51.999999,523.7244456162902,7.550803891153323,Pnma,62,1.2,1.2,0.89,1.9,3.44,1.395,0.938,0.938,1.35,0.77,0.6720388839081902,0.5471698113207547,3,3,4,11,7.5,6,4,11,6,1.25,4.75,2.75,6.25,9.0,4.0,2.75,3.75,6.5,1.0,2.338,2.75,2.17,2.46,-3.047954719388309,51.999999,51.999999
mp-1187872,Zn2InGaO5,Zn,Zn,In,Ga,-1.984964748240741,0.012503672777776309,1.1575841766888866,0.0055873,220.54970203200665,5.9533436507355795,P6_3/mmc,194,1.65,1.65,1.78,1.81,3.44,1.795,0.74,0.74,0.8,0.62,0.7171604321038917,0.2535211267605635,2,2,3,3,3.0,4,13,13,8,4.0,4.0,9.0,9.0,18.0,13.0,1.0,1.0,2.0,0.0,2.1399999999999997,2.2,2.02,2.1100000000000003,-1.980787476340646,0.0055873,2.0
mp-1188181,BaEu2PtO5,Eu,Eu,Ba,Pt,-2.653670721111114,0.1265269126388855,0.0,24.0009537,277.5644568389624,8.571010337710524,P4/mbm,127,1.5,1.5,0.89,2.2,3.44,1.5450000000000002,1.17,1.17,1.35,0.8,0.7342482535957281,0.5116279069767441,3,3,4,10,7.0,6,4,10,6,1.5,4.5,2.5,5.5,8.0,3.0,2.5,4.5,7.0,2.0,2.57,2.75,2.2,2.475,-2.6928641235887096,24.0009537,24.0009537
mp-1188668,FePH2O5,H,H,Fe,P,-1.9883757207936508,0.0060159172222151724,2.0661000000000005,9.999723,183.29701781041396,3.058986348603721,C2/c,15,2.2,2.2,1.83,2.19,3.44,2.01,-28.0,-28.0,0.61,0.44,-9.770930067305022,0.32380952380952377,2,2,8,4,6.0,4,8,4,8,5.0,3.0,3.0,1.0,4.0,1.0,3.0,1.0,4.0,2.0,-26.6,2.01,1.8399999999999999,1.9249999999999998,-2.0149394417716193,9.999723,9.999723
mp-1188700,InAsH2O5,H,H,In,As,-1.6516798390740743,0.0,2.1239,0.0002131,206.74603040131308,4.365313416078385,P-1,2,2.2,2.2,1.78,2.18,3.44,1.98,-28.0,-28.0,0.8,0.58,-8.99954085146515,0.31884057971014507,2,2,3,4,3.5,4,13,4,8,6.25,1.75,6.75,2.25,9.0,4.0,3.25,2.25,5.5,1.0,-26.6,2.2,1.98,2.09,-1.6477426143566918,0.0002131,5.5
mp-1189864,Li2LuSiO5,Li,Li,Lu,Si,-2.981167382592593,0.08876958374073673,0.11570000000000003,2.0000018,216.8011469250045,4.54855856194875,P-1,2,0.98,0.98,1.0,1.9,3.44,1.45,0.76,0.76,0.861,0.4,0.7522042094867977,0.7311657414750197,1,1,4,4,4.0,2,4,4,10,5.0,5.0,0.0,0.0,0.0,5.0,0.0,0.0,0.0,0.0,2.16,2.261,1.7999999999999998,2.0305,-2.9663980509926846,2.0000018,2.0000018
mp-1194602,CdH2SO5,H,H,Cd,S,-1.6521831686111108,0.0,3.4984,0.0008028,419.7006791796628,3.584398620950887,P2_1/c,14,2.2,2.2,1.69,2.58,3.44,2.135,-28.0,-28.0,0.95,1.84,-6.7295314417038155,0.6379928315412188,2,2,12,4,8.0,4,12,4,8,6.0,2.0,6.0,2.0,8.0,3.0,4.0,2.0,6.0,2.0,-26.6,2.3499999999999996,3.24,2.795,-1.6487558029873115,0.0008028,6.0
mp-1194762,Na2NdGeO5,Na,Na,Nd,Ge,-2.410584326695402,0.06462260999999714,0.4843783408417881,4.0000272,498.0527988548215,4.572446934949557,Pnma,62,0.93,0.93,1.14,2.01,3.44,1.5749999999999997,1.02,1.02,0.983,0.73,0.7583418614985353,0.29538820782253356,1,1,4,4,4.0,2,4,4,10,5.0,5.0,0.0,0.0,0.0,5.0,0.0,0.0,0.0,0.0,2.42,2.383,2.13,2.2565,-2.4128972923431666,4.0000272,4.0000272
mp-1194817,Na2ScSiO5,Na,Na,Sc,Si,-2.835659041834292,0.061997303124994296,0.0,8.0194821,899.8721748543381,2.9379913419348744,Pca2_1,29,0.93,0.93,1.36,1.9,3.44,1.63,1.02,1.02,0.745,0.4,0.8675277112656249,0.6026200873362445,1,1,3,4,3.5,2,3,4,10,4.75,5.25,0.0,0.0,0.0,5.0,0.0,0.0,0.0,0.0,2.42,2.145,1.7999999999999998,1.9725,-2.841681115746078,8.0194821,8.0194821
mp-1197678,VCu2HO5,Cu,Cu,V,H,-1.4933717754166669,0.03572429402777022,0.052999999999999936,16.0043558,808.536617582988,4.256019486246107,P2_12_12_1,19,1.9,1.9,1.63,2.2,3.44,1.915,0.77,0.77,0.79,-28.0,-0.12572074683939435,287900.0,2,2,5,4,4.5,4,5,4,8,4.25,3.75,0.75,0.25,1.0,4.0,0.75,0.25,1.0,0.5,2.17,2.19,-26.6,-12.205,-1.5229422152240155,16.0043558,16.0043558
mp-1198030,Sr2CuCO5,Sr,Sr,Cu,C,-2.3839508750000014,0.03888968916664837,0.0,0.0029755,475.08507610840775,4.624821028705688,I-4,82,0.95,0.95,1.9,2.55,3.44,2.2249999999999996,1.18,1.18,0.77,0.16,0.9781959761186556,1.3118279569892473,2,2,11,4,7.5,4,11,4,8,5.75,2.25,5.25,1.75,7.0,2.0,4.75,1.75,6.5,3.0,2.58,2.17,1.5599999999999998,1.8649999999999998,-2.3983477591678954,0.0029755,6.5
mp-1198057,NbBi2O5F,Bi,Bi,Nb,F,-2.404462266944446,0.019686785833338938,2.375435319825481,0.0001088,508.27560526869024,7.96969703506214,Pca2_1,29,1.9,1.9,1.6,3.98,3.44,2.79,1.03,1.03,0.72,1.33,0.7085647333127053,0.5951219512195124,3,3,5,4,4.5,6,5,4,6,3.25,2.75,1.75,1.25,3.0,2.0,1.75,1.25,3.0,0.5,2.4299999999999997,2.12,2.73,2.425,-2.413675042363642,0.0001088,3.0
mp-1198923,Cd2AsHO5,Cd,Cd,As,H,-1.5859742878472218,0.0,1.5943,0.0025128,1976.274097440928,5.118705563548662,P2_1/c,14,1.69,1.69,2.18,2.2,3.44,2.1900000000000004,0.95,0.95,0.58,-28.0,-0.13498789080328077,285799.99999999994,2,2,4,4,4.0,4,4,4,8,4.0,4.0,0.0,0.0,0.0,5.0,0.0,0.0,0.0,0.0,2.3499999999999996,1.98,-26.6,-12.31,-1.5648318433228434,0.0025128,0.0025128
mp-1199415,Mn2VHO5,Mn,Mn,V,H,-2.0974863295402306,0.0,1.5524,80.0008831,874.8774349296987,3.671881274133864,Pnma,62,1.55,1.55,1.63,2.2,3.44,1.915,0.67,0.67,0.79,-28.0,-0.11992716403573563,287900.0,2,2,5,4,4.5,4,5,4,8,4.25,3.75,0.75,0.25,1.0,4.0,0.75,0.25,1.0,0.5,2.07,2.19,-26.6,-12.205,-2.0906139637488614,80.0008831,80.0008831
mp-1200251,Cu2PHO5,Cu,Cu,P,H,-1.6561035653769847,0.015529509185185475,0.0,8.001045,411.3757563223271,3.86008397241648,P2_1/c,14,1.9,1.9,2.19,2.2,3.44,2.1950000000000003,0.77,0.77,0.44,-28.0,-0.12394359573302166,284400.0,2,2,4,4,4.0,4,4,4,8,4.0,4.0,0.0,0.0,0.0,5.0,0.0,0.0,0.0,0.0,2.17,1.8399999999999999,-26.6,-12.38,-1.6913643684842394,8.001045,8.001045
mp-1202472,Zn2SiHO5,Zn,Zn,Si,H,-1.9819749229166672,0.13467713930555192,0.2032,3.9992126,473.56703910568206,3.3649076450588606,Pnn2,34,1.65,1.65,1.9,2.2,3.44,2.05,0.74,0.74,0.4,-28.0,-0.12203294449509769,284000.0,2,2,4,4,4.0,4,4,4,8,4.0,4.0,0.0,0.0,0.0,5.0,0.0,0.0,0.0,0.0,2.1399999999999997,1.7999999999999998,-26.6,-12.4,-1.9754932435287713,3.9992126,3.9992126
mp-1202591,Mn2AsHO5,Mn,Mn,As,H,-1.8762432144013417,0.0,0.0,40.0000007,467.8144974111562,3.7739373549064483,Pnnm,58,1.55,1.55,2.18,2.2,3.44,2.1900000000000004,0.67,0.67,0.58,-28.0,-0.11890422721820902,285799.99999999994,2,2,4,4,4.0,4,4,4,8,4.0,4.0,0.0,0.0,0.0,5.0,0.0,0.0,0.0,0.0,2.07,1.98,-26.6,-12.31,-1.883944860009668,40.0000007,40.0000007
mp-1202958,Co2AsHO5,Co,Co,As,H,-1.5068288893055564,0.0,1.9497834725482583,24.0001621,448.9409773468795,4.05081184387223,Pnnm,58,1.88,1.88,2.18,2.2,3.44,2.1900000000000004,0.65,0.65,0.58,-28.0,-0.11775539410498961,285799.99999999994,2,2,4,4,4.0,4,4,4,8,4.0,4.0,0.0,0.0,0.0,5.0,0.0,0.0,0.0,0.0,2.05,1.98,-26.6,-12.31,-1.5203673293116755,24.0001621,24.0001621
mp-1203339,Ca2FeCoO5,Ca,Ca,Fe,Co,-2.283790955833333,0.04349864222221278,0.0,57.9998206,907.7024023446721,4.023644660479883,Pbcm,57,1.0,1.0,1.83,1.88,3.44,1.855,1.0,1.0,0.61,0.65,0.835988312732864,0.06349206349206354,2,2,8,9,8.5,4,8,9,8,3.75,4.25,4.25,4.75,9.0,4.0,4.25,4.75,9.0,0.5,2.4,2.01,2.05,2.03,-2.271557430056516,57.9998206,57.9998206
mp-1203720,FeCo2BO5,Co,Co,Fe,B,-1.7506580429629632,0.2570755373611142,0.0,35.9998996,359.24541559791805,4.890748914368964,Pbam,55,1.88,1.88,1.83,2.04,3.44,1.935,0.65,0.65,0.61,0.27,0.787809185561099,0.7727272727272727,2,2,8,4,6.0,4,8,4,8,5.0,3.0,3.0,1.0,4.0,1.0,3.0,1.0,4.0,2.0,2.05,2.01,1.67,1.8399999999999999,-1.7300380525130443,35.9998996,35.9998996
mp-1204162,Ba2YFeO5,Ba,Ba,Y,Fe,-2.9265065249999997,0.0,2.8876000000000004,20.0045356,626.7424128035217,5.292613144251313,P2_1/c,14,0.89,0.89,1.22,1.83,3.44,1.525,1.35,1.35,0.9,0.61,0.902340440029237,0.3841059602649007,2,2,3,8,5.5,4,3,8,8,2.75,5.25,0.25,2.75,3.0,2.0,0.25,2.75,3.0,2.5,2.75,2.3,2.01,2.155,-2.9078809226176756,20.0045356,20.0045356
mp-1204505,Na2InSiO5,Na,Na,In,Si,-2.1461200768805875,0.20301814222222347,0.4163953472654094,3.999958,418.4186392160936,4.26831662870551,Pnma,62,0.93,0.93,1.78,1.9,3.44,1.8399999999999999,1.02,1.02,0.8,0.4,0.8555992052357224,0.6666666666666666,1,1,3,4,3.5,2,13,4,10,7.25,2.75,5.75,1.25,7.0,2.0,4.25,1.25,5.5,3.0,2.42,2.2,1.7999999999999998,2.0,-2.1629044273450404,3.999958,5.5
mp-1204544,InTe2O5F,Te,Te,In,F,-1.7981799200000002,0.021412317222219812,3.251680709065605,0.0,526.2433118993418,5.9198098085069635,C222_1,20,2.1,2.1,1.78,3.98,3.44,2.88,2.21,2.21,0.8,1.33,1.0355600324882095,0.4976525821596245,2,2,3,4,3.5,4,13,4,8,6.25,1.75,6.75,2.25,9.0,4.0,3.25,2.25,5.5,1.0,3.61,2.2,2.73,2.465,-1.8043641675170246,0.0,5.5
mp-1205054,Ba2YCoO5,Ba,Ba,Y,Co,-2.808661915555556,0.0,0.7717999999999998,15.9995009,599.2920695123111,5.569266766002001,P2_1/c,14,0.89,0.89,1.22,1.88,3.44,1.5499999999999998,1.35,1.35,0.9,0.65,0.8940430566726463,0.3225806451612903,2,2,3,9,6.0,4,3,9,8,2.5,5.5,0.5,3.5,4.0,1.0,0.5,3.5,4.0,3.0,2.75,2.3,2.05,2.175,-2.8020366469274847,15.9995009,15.9995009
mp-1207444,ZnCdB2O5,B,B,Zn,Cd,-2.3002044981481484,0.02078836211111046,2.7413000000000003,0.0003537,405.8985071086997,4.572762587231407,P2_12_12_1,19,2.04,2.04,1.65,1.69,3.44,1.67,0.27,0.27,0.74,0.95,0.5259992537111511,0.24852071005917156,2,2,12,12,12.0,4,12,12,8,4.0,4.0,8.0,8.0,16.0,11.0,2.0,2.0,4.0,0.0,1.67,2.1399999999999997,2.3499999999999996,2.2449999999999997,-2.280693595605701,0.0003537,4.0
mp-1207853,VCo2BO5,Co,Co,V,B,-2.088319086851852,0.16873751555555572,1.5536000000000003,32.0000011,359.3699166051423,4.798424223484579,Pbam,55,1.88,1.88,1.63,2.04,3.44,1.835,0.65,0.65,0.79,0.27,0.7510719696541047,0.9811320754716981,2,2,5,4,4.5,4,5,4,8,4.25,3.75,0.75,0.25,1.0,4.0,0.75,0.25,1.0,0.5,2.05,2.19,1.67,1.93,-2.097902571608758,32.0000011,32.0000011
mp-1207866,VPN2O5,N,N,V,P,-0.6613265271825399,1.2844987949999975,0.9699,12.0006147,327.17790483559065,1.9278745739262244,P2_1,4,3.04,3.04,1.63,2.19,3.44,1.91,0.16,0.16,0.79,0.44,0.5474375080153916,0.5691056910569107,2,2,5,4,4.5,4,5,4,8,4.25,3.75,0.75,0.25,1.0,4.0,0.75,0.25,1.0,0.5,1.5599999999999998,2.19,1.8399999999999999,2.0149999999999997,-0.6650397067158162,12.0006147,12.0006147
mp-1207977,VFe2BO5,Fe,Fe,V,B,-2.217364028796297,0.0,1.6459999999999995,40.000606,374.89487694029293,4.49028479441799,Pbam,55,1.83,1.83,1.63,2.04,3.44,1.835,0.61,0.61,0.79,0.27,0.7364169068315857,0.9811320754716981,2,2,5,4,4.5,4,5,4,8,4.25,3.75,0.75,0.25,1.0,4.0,0.75,0.25,1.0,0.5,2.01,2.19,1.67,1.93,-2.2394907282764174,40.000606,40.000606
mp-1208668,SrFeBi2O5,Bi,Bi,Sr,Fe,-1.7520107755555567,0.21911612611110787,0.0,10.0586171,268.32837867364367,7.93883691587839,P4/mmm,123,1.9,1.9,0.95,1.83,3.44,1.3900000000000001,1.03,1.03,1.18,0.61,0.7487012977269326,0.6368715083798882,3,3,4,8,6.0,6,4,8,6,2.0,4.0,2.0,4.0,6.0,1.0,2.0,4.0,6.0,2.0,2.4299999999999997,2.58,2.01,2.295,-1.7759349080371702,10.0586171,10.0586171
mp-1208779,Sr2NdBeO5,Sr,Sr,Nd,Be,-3.1297079030555546,0.007751844675924602,0.0,3.9993675,478.5619715741874,5.669615283379504,Pnma,62,0.95,0.95,1.14,1.57,3.44,1.355,1.18,1.18,0.983,0.45,0.8619586560176199,0.7438939288206559,2,2,4,4,4.0,4,4,4,8,4.0,4.0,0.0,0.0,0.0,5.0,0.0,0.0,0.0,0.0,2.58,2.383,1.8499999999999999,2.1165,-3.1134573866076707,3.9993675,3.9993675
mp-1208778,Sr2SmBeO5,Sr,Sr,Sm,Be,-3.1440756719444445,0.01571883293981191,0.0,4.0001437,471.83973749450166,5.836513462810966,Pnma,62,0.95,0.95,1.17,1.57,3.44,1.37,1.18,1.18,0.958,0.45,0.8670796081089793,0.7215909090909092,2,2,4,4,4.0,4,4,4,8,4.0,4.0,0.0,0.0,0.0,5.0,0.0,0.0,0.0,0.0,2.58,2.3579999999999997,1.8499999999999999,2.1039999999999996,-3.116950871373028,4.0001437,4.0001437
mp-1208818,Sr2LaBeO5,Sr,Sr,La,Be,-3.154625205555556,0.009051647175926547,0.0,3.9889351,490.42405242284093,5.460205690610353,Pnma,62,0.95,0.95,1.1,1.57,3.44,1.335,1.18,1.18,1.032,0.45,0.8520950469226027,0.785425101214575,2,2,4,4,4.0,4,3,4,8,3.75,4.25,0.0,0.0,0.0,5.0,0.0,0.0,0.0,0.0,2.58,2.432,1.8499999999999999,2.141,-3.1560654079871626,3.9889351,3.9889351
mp-1208913,Sr2GdBeO5,Sr,Sr,Gd,Be,-3.147357455000001,0.021731306759257052,0.0,24.0019858,466.58610210047226,6.000314677852151,Pnma,62,0.95,0.95,1.2,1.57,3.44,1.385,1.18,1.18,0.938,0.45,0.8712203894275514,0.7031700288184437,2,2,4,4,4.0,4,4,4,8,4.0,4.0,0.0,0.0,0.0,5.0,0.0,0.0,0.0,0.0,2.58,2.338,1.8499999999999999,2.094,-3.1272867970421605,24.0019858,24.0019858
mp-1209112,Sr2EuBeO5,Sr,Sr,Eu,Be,-2.9504919308333353,0.09353037675926057,0.0,19.997425,482.0647647405754,5.734816566254938,Pnma,62,0.95,0.95,1.5,1.57,3.44,1.5350000000000001,1.18,1.18,1.17,0.45,0.8254911744168745,0.888888888888889,2,2,4,4,4.0,4,4,4,8,4.0,4.0,0.0,0.0,0.0,5.0,0.0,0.0,0.0,0.0,2.58,2.57,1.8499999999999999,2.21,-2.9432592103323825,19.997425,19.997425
mp-1210044,NdEu2BeO5,Eu,Eu,Nd,Be,-3.39077013638889,0.0002694681944426236,0.0,51.9995887,457.77271749881174,7.794322244412063,Pnma,62,1.5,1.5,1.14,1.57,3.44,1.355,1.17,1.17,0.983,0.45,0.8586177309942957,0.7438939288206559,3,3,4,4,4.0,6,4,4,6,3.0,3.0,1.0,1.0,2.0,3.0,1.0,1.0,2.0,0.0,2.57,2.383,1.8499999999999999,2.1165,-3.4036725314809924,51.9995887,51.9995887
mp-1210331,Na2PrSiO5,Na,Na,Pr,Si,-2.8048343588250315,0.026304688541667787,0.5707000000000002,4.0013589,477.01033219894884,4.107321447257524,Pnma,62,0.93,0.93,1.13,1.9,3.44,1.515,1.02,1.02,0.99,0.4,0.8168011505830287,0.8489208633093523,1,1,4,4,4.0,2,4,4,10,5.0,5.0,0.0,0.0,0.0,5.0,0.0,0.0,0.0,0.0,2.42,2.3899999999999997,1.7999999999999998,2.0949999999999998,-2.7976064467148634,4.0013589,4.0013589
mp-1210684,Mg2TiBO5,Mg,Mg,Ti,B,-3.0869348422222234,0.04167837269445318,0.0,4.0028653,357.32812534660593,3.481327524622026,Pbam,55,1.31,1.31,1.54,2.04,3.44,1.79,0.72,0.72,0.86,0.27,0.7628836519671658,1.0442477876106195,2,2,4,4,4.0,4,4,4,8,4.0,4.0,0.0,0.0,0.0,5.0,0.0,0.0,0.0,0.0,2.12,2.26,1.67,1.9649999999999999,-3.056174110892904,4.0028653,4.0028653
mp-1210692,Mg2FeBO5,Mg,Mg,Fe,B,-2.6778405357407404,0.0,2.0856999999999997,20.0042235,354.45421654266875,3.6590546827420125,Pbam,55,1.31,1.31,1.83,2.04,3.44,1.935,0.72,0.72,0.61,0.27,0.814709987019283,0.7727272727272727,2,2,8,4,6.0,4,8,4,8,5.0,3.0,3.0,1.0,4.0,1.0,3.0,1.0,4.0,2.0,2.12,2.01,1.67,1.8399999999999999,-2.6785570565229393,20.0042235,20.0042235
mp-1213128,MnAl2SiO5,Al,Al,Mn,Si,-2.5442214661590032,0.4574406346743327,0.3445999999999998,39.9994602,1067.3268112779465,2.7006519702992633,Ccce,68,1.61,1.61,1.55,1.9,3.44,1.725,0.535,0.535,0.67,0.4,0.7071067811865475,0.5046728971962617,2,2,7,4,5.5,4,7,4,8,4.75,3.25,2.25,0.75,3.0,2.0,2.25,0.75,3.0,1.5,1.935,2.07,1.7999999999999998,1.9349999999999998,-2.512928593042723,39.9994602,39.9994602
mp-1213761,CrNi2BO5,Ni,Ni,Cr,B,-2.0418554501851864,0.0,2.7366,27.9982336,345.571928112693,5.001067733563826,Pbam,55,1.91,1.91,1.66,2.04,3.44,1.85,0.69,0.69,0.73,0.27,0.7778174593052022,0.9199999999999999,2,2,6,4,5.0,4,6,4,8,4.5,3.5,1.5,0.5,2.0,3.0,1.5,0.5,2.0,1.0,2.09,2.13,1.67,1.9,-2.0942503522669815,27.9982336,27.9982336
mp-1214104,Ca2PrBeO5,Ca,Ca,Pr,Be,-3.153950414351851,0.04124802298611119,0.0,3.9994432,444.0952807491718,4.637635877400641,Pnma,62,1.0,1.0,1.13,1.57,3.44,1.35,1.0,1.0,0.99,0.45,0.8004982428526951,0.7500000000000001,2,2,4,4,4.0,4,4,4,8,4.0,4.0,0.0,0.0,0.0,5.0,0.0,0.0,0.0,0.0,2.4,2.3899999999999997,1.8499999999999999,2.1199999999999997,-3.1375123642643468,3.9994432,3.9994432
mp-1214119,Ca2LaBeO5,Ca,Ca,La,Be,-3.183271189444445,0.05266573402777652,0.0,3.9905141,449.6556245224048,4.550712373959577,Pnma,62,1.0,1.0,1.1,1.57,3.44,1.335,1.0,1.0,1.032,0.45,0.7926465552768397,0.785425101214575,2,2,4,4,4.0,4,3,4,8,3.75,4.25,0.0,0.0,0.0,5.0,0.0,0.0,0.0,0.0,2.4,2.432,1.8499999999999999,2.141,-3.1815302480796817,3.9905141,3.9905141
mp-1214112,Ca2YBeO5,Ca,Ca,Y,Be,-3.2182876000000005,0.03930015770833162,0.0,3.9997762,418.31902090061357,4.097705433235058,Pnma,62,1.0,1.0,1.22,1.57,3.44,1.395,1.0,1.0,0.9,0.45,0.8178584457097415,0.6666666666666666,2,2,3,4,3.5,4,3,4,8,3.75,4.25,0.0,0.0,0.0,5.0,0.0,0.0,0.0,0.0,2.4,2.3,1.8499999999999999,2.0749999999999997,-3.2242677470093177,3.9997762,3.9997762
mp-1214133,Ca2EuBeO5,Ca,Ca,Eu,Be,-2.99832748388889,0.11795489444444396,0.0,20.0019849,441.93996742984154,4.82642523583002,Pnma,62,1.0,1.0,1.5,1.57,3.44,1.5350000000000001,1.0,1.0,1.17,0.45,0.767898766899418,0.888888888888889,2,2,4,4,4.0,4,4,4,8,4.0,4.0,0.0,0.0,0.0,5.0,0.0,0.0,0.0,0.0,2.4,2.57,1.8499999999999999,2.21,-2.99649226835818,20.0019849,20.0019849
mp-1214173,Ca2CrFeO5,Ca,Ca,Cr,Fe,-2.6102839225000007,0.04330046416666633,1.7324000000000002,32.0014016,459.3022635981477,3.8755713486263605,Pnma,62,1.0,1.0,1.66,1.83,3.44,1.745,1.0,1.0,0.73,0.61,0.8198339492017942,0.17910447761194032,2,2,6,8,7.0,4,6,8,8,3.5,4.5,2.5,3.5,6.0,1.0,2.5,3.5,6.0,1.0,2.4,2.13,2.01,2.07,-2.6500353007920188,32.0014016,32.0014016
mp-1214594,Ba2YCuO5,Ba,Ba,Y,Cu,-2.5151641094444446,0.1789616834722194,0.0,0.1380029,291.36714213463006,5.780089602530345,P4/mmm,123,0.89,0.89,1.22,1.9,3.44,1.56,1.35,1.35,0.9,0.77,0.8700419007888168,0.15568862275449102,2,2,3,11,7.0,4,3,11,8,2.0,6.0,1.0,5.0,6.0,1.0,1.0,5.0,6.0,4.0,2.75,2.3,2.17,2.235,-2.519557547201195,0.1380029,6.0
mp-1214737,BaEu2CuO5,Eu,Eu,Ba,Cu,-2.6292506275000025,0.17005171583334366,0.0,51.9990102,541.6586499613179,7.171157898027673,Pnma,62,1.5,1.5,0.89,1.9,3.44,1.395,1.17,1.17,1.35,0.77,0.7387253770932629,0.5471698113207547,3,3,4,11,7.5,6,4,11,6,1.25,4.75,2.75,6.25,9.0,4.0,2.75,3.75,6.5,1.0,2.57,2.75,2.17,2.46,-2.6221083760697677,51.9990102,51.9990102
mp-1214877,AlNi2BO5,Ni,Ni,Al,B,-2.3201892974074068,0.0,3.621100000000001,16.0002535,328.2037210378175,4.759476791987507,Pbam,55,1.91,1.91,1.61,2.04,3.44,1.8250000000000002,0.69,0.69,0.535,0.27,0.8198908031511146,0.6583850931677019,2,2,3,4,3.5,4,13,4,8,6.25,1.75,6.75,2.25,9.0,4.0,3.25,2.25,5.5,1.0,2.09,1.935,1.67,1.8025,-2.2906314165125763,16.0002535,16.0002535
mp-1215154,Al2FeSiO5,Al,Al,Fe,Si,-2.420527922916667,0.5811341779166783,0.0,33.5128081,1062.45296540967,2.724380865561364,Ccce,68,1.61,1.61,1.83,1.9,3.44,1.865,0.535,0.535,0.61,0.4,0.7182423210477531,0.41584158415841577,2,2,8,4,6.0,4,8,4,8,5.0,3.0,3.0,1.0,4.0,1.0,3.0,1.0,4.0,2.0,1.935,2.01,1.7999999999999998,1.9049999999999998,-2.43089332728214,33.5128081,33.5128081
mp-1218081,SrSm2BeO5,Sm,Sm,Sr,Be,-3.4956969361111114,0.027713006620368574,3.8531,0.0020422,451.32280103990956,7.025188750948219,Pna2_1,33,1.17,1.17,0.95,1.57,3.44,1.26,0.958,0.958,1.18,0.45,0.7527574672857241,0.8957055214723927,3,3,4,4,4.0,6,4,4,6,3.0,3.0,1.0,1.0,2.0,3.0,1.0,1.0,2.0,0.0,2.3579999999999997,2.58,1.8499999999999999,2.215,-3.5118668081689752,0.0020422,2.0
mp-1218200,SrNd2BeO5,Nd,Nd,Sr,Be,-3.4701620108333335,0.008578417592589815,3.8353,4.13e-05,464.8638781769927,6.645718425871217,Pna2_1,33,1.14,1.14,0.95,1.57,3.44,1.26,0.983,0.983,1.18,0.45,0.760738356463902,0.8957055214723927,3,3,4,4,4.0,6,4,4,6,3.0,3.0,1.0,1.0,2.0,3.0,1.0,1.0,2.0,0.0,2.383,2.58,1.8499999999999999,2.215,-3.480197151705024,4.13e-05,2.0
mp-1218277,SrLa2BeO5,La,La,Sr,Be,-3.523112109722223,0.008062528703701943,3.8244000000000007,0.0005107,488.0588172256339,6.1846281671981815,Pna2_1,33,1.1,1.1,0.95,1.57,3.44,1.26,1.032,1.032,1.18,0.45,0.7763808992531303,0.8957055214723927,3,3,4,4,4.0,6,4,4,6,3.0,3.0,1.0,1.0,2.0,3.0,1.0,1.0,2.0,0.0,2.432,2.58,1.8499999999999999,2.215,-3.5048040673681817,0.0005107,2.0
mp-1218318,SrEu2BeO5,Eu,Eu,Sr,Be,-3.0905137738888917,0.2013517742592672,0.0,48.0010467,464.351574316251,6.873963778295489,Pna2_1,33,1.5,1.5,0.95,1.57,3.44,1.26,1.17,1.17,1.18,0.45,0.8204354075166713,0.8957055214723927,3,3,4,4,4.0,6,4,4,6,3.0,3.0,1.0,1.0,2.0,3.0,1.0,1.0,2.0,0.0,2.57,2.58,1.8499999999999999,2.215,-3.083938751695698,48.0010467,48.0010467
mp-1218337,SrGd2BeO5,Gd,Gd,Sr,Be,-3.4900665944444444,0.051931862037037035,2.2258999999999998,55.9930973,449.42059781231865,7.258583149660588,Pna2_1,33,1.2,1.2,0.95,1.57,3.44,1.26,0.938,0.938,1.18,0.45,0.746372755943182,0.8957055214723927,3,3,4,4,4.0,6,4,4,6,3.0,3.0,1.0,1.0,2.0,3.0,1.0,1.0,2.0,0.0,2.338,2.58,1.8499999999999999,2.215,-3.5006617985197854,55.9930973,55.9930973
mp-1218718,Sr2PrGaO5,Sr,Sr,Pr,Ga,-3.068383713796296,0.03175739798611055,3.4958,0.0008188,268.0910913641109,5.771108840914721,Fmmm,69,0.95,0.95,1.13,1.81,3.44,1.47,1.18,1.18,0.99,0.62,0.8273630364903821,0.4596273291925466,2,2,4,3,3.5,4,4,13,8,1.75,6.25,2.25,6.75,9.0,4.0,2.25,3.25,5.5,1.0,2.58,2.3899999999999997,2.02,2.205,-3.058118365134029,0.0008188,5.5
mp-1218758,Sr2LaGaO5,Sr,Sr,La,Ga,-3.110187525277778,0.030692072638887957,3.5963999999999996,0.0003778,270.99977773316874,5.684630017788107,Fmmm,69,0.95,0.95,1.1,1.81,3.44,1.455,1.18,1.18,1.032,0.62,0.8195577248253786,0.49878934624697335,2,2,4,3,3.5,4,3,13,8,1.5,6.5,1.5,6.5,8.0,3.0,1.5,3.5,5.0,2.0,2.58,2.432,2.02,2.226,-3.108245974290817,0.0003778,5.0
mp-1218775,Sr2MnGaO5,Sr,Sr,Mn,Ga,-2.654308990325671,0.021642825833333212,0.5765999999999998,1e-07,502.6643401979891,5.019934739594657,C2/m,12,0.95,0.95,1.55,1.81,3.44,1.6800000000000002,1.18,1.18,0.67,0.62,0.892095596802588,0.07751937984496131,2,2,7,3,5.0,4,7,13,8,2.5,5.5,4.5,7.5,12.0,7.0,4.5,2.5,7.0,2.0,2.58,2.07,2.02,2.045,-2.6349360905150134,1e-07,7.0
mp-1218806,Sr2GdGaO5,Sr,Sr,Gd,Ga,-3.087806906944446,0.05848459999999811,2.3392999999999997,13.9996887,260.2788433810135,6.152851565055969,Fmmm,69,0.95,0.95,1.2,1.81,3.44,1.505,1.18,1.18,0.938,0.62,0.8372351975499278,0.40821566110397944,2,2,4,3,3.5,4,4,13,8,1.75,6.25,2.25,6.75,9.0,4.0,2.25,3.25,5.5,1.0,2.58,2.338,2.02,2.1790000000000003,-3.1018479688219927,13.9996887,13.9996887
mp-1218832,Sr2EuFeO5,Sr,Sr,Eu,Fe,-2.699153078333334,0.13638034777777186,0.0,21.999088,268.87445405354936,5.719442380003821,Fmmm,69,0.95,0.95,1.5,1.83,3.44,1.665,1.18,1.18,1.17,0.61,0.7966530547865907,0.6292134831460674,2,2,4,8,6.0,4,4,8,8,3.0,5.0,1.0,3.0,4.0,1.0,1.0,3.0,4.0,2.0,2.58,2.57,2.01,2.29,-2.705706321265289,21.999088,21.999088
mp-1218825,Sr2CuCO5,Sr,Sr,Cu,C,-2.3149939822222234,0.10784658194442631,0.0,0.0180191,122.25163285105997,4.493157676444393,Pmm2,25,0.95,0.95,1.9,2.55,3.44,2.2249999999999996,1.18,1.18,0.77,0.16,0.9781959761186556,1.3118279569892473,2,2,11,4,7.5,4,11,4,8,5.75,2.25,5.25,1.75,7.0,2.0,4.75,1.75,6.5,3.0,2.58,2.17,1.5599999999999998,1.8649999999999998,-2.3228361452848665,0.0180191,6.5
mp-1219550,SbHC2O5,C,C,Sb,H,-1.529600656805556,0.054688601805550796,2.7119,0.0,445.6017035396674,3.380485979976516,P2_12_12_1,19,2.55,2.55,2.05,2.2,3.44,2.125,0.16,0.16,0.76,-28.0,-0.09026895078977201,287600.0,2,2,5,4,4.5,4,15,4,8,6.75,1.25,8.25,2.75,11.0,6.0,1.75,2.75,4.5,1.0,1.5599999999999998,2.16,-26.6,-12.22,-1.5588709557681983,0.0,4.5
mp-1220571,NbBi2O5F,Bi,Bi,Nb,F,-2.396311910833335,0.02783714194444986,2.1849,0.0007938,508.5869974668016,7.9648174343440905,P2_12_12_1,19,1.9,1.9,1.6,3.98,3.44,2.79,1.03,1.03,0.72,1.33,0.7085647333127053,0.5951219512195124,3,3,5,4,4.5,6,5,4,6,3.25,2.75,1.75,1.25,3.0,2.0,1.75,1.25,3.0,0.5,2.4299999999999997,2.12,2.73,2.425,-2.390389505292043,0.0007938,3.0
mp-1220624,Nd2EuBeO5,Nd,Nd,Eu,Be,-3.472573916944446,0.011903127777774358,0.3672000000000004,28.0072779,462.7903905010555,7.5989852345845685,Pna2_1,33,1.14,1.14,1.5,1.57,3.44,1.5350000000000001,0.983,0.983,1.17,0.45,0.7624594839672139,0.888888888888889,3,3,4,4,4.0,6,4,4,6,3.0,3.0,1.0,1.0,2.0,3.0,1.0,1.0,2.0,0.0,2.383,2.57,1.8499999999999999,2.21,-3.467352811500848,28.0072779,28.0072779
mp-1221788,MnCoB2O5,B,B,Mn,Co,-2.336669708473819,0.11982056374074368,2.5983,3.9998477,187.8362358957225,3.8100205829251927,P-1,2,2.04,2.04,1.55,1.88,3.44,1.7149999999999999,0.27,0.27,0.67,0.65,0.5732370507677351,0.030303030303030328,2,2,7,9,8.0,4,7,9,8,3.5,4.5,3.5,4.5,8.0,3.0,3.5,4.5,8.0,1.0,1.67,2.07,2.05,2.0599999999999996,-2.3365674393409694,3.9998477,8.0
mp-1223221,KSrBi2O5,Bi,Bi,K,Sr,-1.9053697380277788,0.11593705166666357,0.0,0.0010558,154.41140538907734,6.717761986926079,P4/mmm,123,1.9,1.9,0.82,0.95,3.44,0.885,1.03,1.03,1.38,1.18,0.6411453277176531,0.15625,3,3,4,4,4.0,6,4,4,6,3.0,3.0,1.0,1.0,2.0,3.0,1.0,1.0,2.0,0.0,2.4299999999999997,2.78,2.58,2.6799999999999997,-1.9100614806952816,0.0010558,2.0
mp-1224117,HgH2SO5,H,H,Hg,S,-1.3915877397222236,0.016074099804532338,1.9527116265035538,0.0034946,408.5366753348588,5.115999027954549,Pna2_1,33,2.2,2.2,1.9,2.58,3.44,2.24,-28.0,-28.0,1.19,1.84,-6.452500987842938,0.4290429042904291,2,2,12,4,8.0,4,12,4,8,6.0,2.0,6.0,2.0,8.0,3.0,4.0,2.0,6.0,2.0,-26.6,2.59,3.24,2.915,-1.419895154563232,0.0034946,6.0
mp-1225359,FeCu2BO5,Cu,Cu,Fe,B,-1.6289711071296304,0.051361273888884895,0.05146040543877106,16.0058694,365.5224976080422,4.974405355578901,P2_1/c,14,1.9,1.9,1.83,2.04,3.44,1.935,0.77,0.77,0.61,0.27,0.8339248452037,0.7727272727272727,2,2,8,4,6.0,4,8,4,8,5.0,3.0,3.0,1.0,4.0,1.0,3.0,1.0,4.0,2.0,2.17,2.01,1.67,1.8399999999999999,-1.6373840135849376,16.0058694,16.0058694
mp-1227164,CaPr2BeO5,Pr,Pr,Ca,Be,-3.481037730648148,0.014973629027778657,3.836267082210691,0.0,456.1106385258604,5.983808025898618,Pna2_1,33,1.13,1.13,1.0,1.57,3.44,1.2850000000000001,0.99,0.99,1.0,0.45,0.7952871562521638,0.7586206896551725,3,3,4,4,4.0,6,4,4,6,3.0,3.0,1.0,1.0,2.0,3.0,1.0,1.0,2.0,0.0,2.3899999999999997,2.4,1.8499999999999999,2.125,-3.4878920209786832,0.0,2.0
mp-1227167,CaNd2BeO5,Nd,Nd,Ca,Be,-3.5088040702777783,0.016250051666665044,3.9495000000000005,0.0009845,448.41750698673775,6.185247016117159,Pna2_1,33,1.14,1.14,1.0,1.57,3.44,1.2850000000000001,0.983,0.983,1.0,0.45,0.7929578633259023,0.7586206896551725,3,3,4,4,4.0,6,4,4,6,3.0,3.0,1.0,1.0,2.0,3.0,1.0,1.0,2.0,0.0,2.383,2.4,1.8499999999999999,2.125,-3.5248496156622107,0.0009845,2.0
mp-1227185,CaY2BeO5,Y,Y,Ca,Be,-3.567416348333334,0.05337365208333189,4.0155,0.0,412.7937557788923,4.938229579633845,Pna2_1,33,1.22,1.22,1.0,1.57,3.44,1.2850000000000001,0.9,0.9,1.0,0.45,0.7653391043430866,0.7586206896551725,3,3,4,4,4.0,6,4,4,6,3.0,3.0,1.0,1.0,2.0,3.0,1.0,1.0,2.0,0.0,2.3,2.4,1.8499999999999999,2.125,-3.570642062566654,0.0,2.0
mp-1227216,CaLa2BeO5,La,La,Ca,Be,-3.54466113638889,0.0328271955555568,3.939000000000001,0.0008578,466.79110303580904,5.789915225520858,Pna2_1,33,1.1,1.1,1.0,1.57,3.44,1.2850000000000001,1.032,1.032,1.0,0.45,0.8092629138097334,0.7586206896551725,3,3,4,4,4.0,6,4,4,6,3.0,3.0,1.0,1.0,2.0,3.0,1.0,1.0,2.0,0.0,2.432,2.4,1.8499999999999999,2.125,-3.536580119252599,0.0008578,2.0
mp-1227214,CaGd2BeO5,Gd,Gd,Ca,Be,-3.5490802144444444,0.03923193555555571,2.5808000000000004,56.000976,425.06474636737636,6.931591974898812,Pna2_1,33,1.2,1.2,1.0,1.57,3.44,1.2850000000000001,0.938,0.938,1.0,0.45,0.7779838373713638,0.7586206896551725,3,3,4,4,4.0,6,4,4,6,3.0,3.0,1.0,1.0,2.0,3.0,1.0,1.0,2.0,0.0,2.338,2.4,1.8499999999999999,2.125,-3.511356496420234,56.000976,56.000976
mp-1227430,Ca2CuCO5,Ca,Ca,Cu,C,-2.29217682,0.15311895074074044,0.0,6.63e-05,112.40752812508778,3.4820191521145665,Pmm2,25,1.0,1.0,1.9,2.55,3.44,2.2249999999999996,1.0,1.0,0.77,0.16,0.9099497452266563,1.3118279569892473,2,2,11,4,7.5,4,11,4,8,5.75,2.25,5.25,1.75,7.0,2.0,4.75,1.75,6.5,3.0,2.4,2.17,1.5599999999999998,1.8649999999999998,-2.2886852637433632,6.63e-05,6.5
mp-1227552,Ca2AlFeO5,Ca,Ca,Al,Fe,-2.904706467222223,0.040506828035712594,1.7716999999999996,20.0055188,435.11741754174795,3.7091322987983393,Pnma,62,1.0,1.0,1.61,1.83,3.44,1.7200000000000002,1.0,1.0,0.535,0.61,0.8603580607592973,0.131004366812227,2,2,3,8,5.5,4,13,8,8,5.25,2.75,7.75,5.25,13.0,8.0,2.25,4.75,7.0,2.5,2.4,1.935,2.01,1.9725,-2.8995554594077677,20.0055188,20.0055188
mp-1227637,CaEu2BeO5,Eu,Eu,Ca,Be,-3.1280853208333355,0.21009392083333012,0.0,48.0016794,442.7301543059611,6.496405272179335,Pna2_1,33,1.5,1.5,1.0,1.57,3.44,1.2850000000000001,1.17,1.17,1.0,0.45,0.8551832600703185,0.7586206896551725,3,3,4,4,4.0,6,4,4,6,3.0,3.0,1.0,1.0,2.0,3.0,1.0,1.0,2.0,0.0,2.57,2.4,1.8499999999999999,2.125,-3.129574239148659,48.0016794,48.0016794
mp-1228598,Ba2ScAlO5,Ba,Ba,Sc,Al,-3.3716624259259267,0.06013186930555303,1.9971999999999999,0.0019322,434.70543757684385,4.888598535964687,Cm,8,0.89,0.89,1.36,1.61,3.44,1.485,1.35,1.35,0.745,0.535,0.9532076707171595,0.32812499999999994,2,2,3,3,3.0,4,3,13,8,1.5,6.5,1.5,6.5,8.0,3.0,1.5,3.5,5.0,2.0,2.75,2.145,1.935,2.04,-3.4100378502319075,0.0019322,5.0
mp-1247671,Ca2MnAlO5,Ca,Ca,Mn,Al,-2.928346916992337,0.10806841109126442,0.5726,16.001743,447.021421640642,3.59688339862464,Pm,6,1.0,1.0,1.55,1.61,3.44,1.58,1.0,1.0,0.67,0.535,0.8474688014220794,0.22406639004149378,2,2,7,3,5.0,4,7,13,8,2.5,5.5,4.5,7.5,12.0,7.0,4.5,2.5,7.0,2.0,2.4,2.07,1.935,2.0025,-2.9288771945013212,16.001743,16.001743
mp-1251151,Ca2AlSnO5,Ca,Ca,Al,Sn,-2.88240697,0.14717293113095753,1.6406,0.0010344,257.18251112873975,3.949466105857286,P1,1,1.0,1.0,1.61,1.96,3.44,1.7850000000000001,1.0,1.0,0.535,0.69,0.8432577763218453,0.2530612244897958,2,2,3,4,3.5,4,13,14,8,3.75,4.25,9.25,9.75,19.0,14.0,0.75,0.25,1.0,0.5,2.4,1.935,2.09,2.0125,-2.881202365801179,0.0010344,1.0
mp-1251643,Ca2AlVO5,Ca,Ca,Al,V,-3.1746858633333344,0.0,1.7959999999999994,4.7e-06,446.55240729843234,3.541215382630801,Ima2,46,1.0,1.0,1.61,1.63,3.44,1.62,1.0,1.0,0.535,0.79,0.822815163562528,0.38490566037735846,2,2,3,5,4.0,4,13,5,8,6.0,2.0,7.0,3.0,10.0,5.0,3.0,3.0,6.0,0.0,2.4,1.935,2.19,2.0625,-3.125421021083629,4.7e-06,6.0
mp-1251079,Ca2AlBiO5,Ca,Ca,Al,Bi,-2.777608289444445,0.13916760470237755,2.4052999999999995,0.0002952,265.7537732579194,4.950178680547073,Cc,9,1.0,1.0,1.61,1.9,3.44,1.755,1.0,1.0,0.535,1.03,0.7775744672841759,0.6325878594249201,2,2,3,5,4.0,4,13,15,8,3.5,4.5,9.5,10.0,19.5,14.5,0.5,0.0,0.5,0.5,2.4,1.935,2.4299999999999997,2.1825,-2.7814555087400676,0.0002952,0.5
mp-1253097,Ca2AlSbO5,Ca,Ca,Al,Sb,-2.8183953055555557,0.1438888446190454,2.545,0.0008729,254.89173155067732,4.024700576992521,Cc,9,1.0,1.0,1.61,2.05,3.44,1.83,1.0,1.0,0.535,0.76,0.828843113478737,0.34749034749034746,2,2,3,5,4.0,4,13,15,8,3.5,4.5,9.5,10.0,19.5,14.5,0.5,0.0,0.5,0.5,2.4,1.935,2.16,2.0475000000000003,-2.8123643587088836,0.0008729,0.5
mp-1253743,Ca2TiAlO5,Ca,Ca,Ti,Al,-3.363047490925927,0.03231440970238442,0.0,1.9789601,225.15733027924873,3.4662805391912768,Ima2,46,1.0,1.0,1.54,1.61,3.44,1.5750000000000002,1.0,1.0,0.86,0.535,0.8090852323469434,0.4659498207885304,2,2,4,3,3.5,4,4,13,8,1.75,6.25,2.25,6.75,9.0,4.0,2.25,3.25,5.5,1.0,2.4,2.26,1.935,2.0975,-3.3637417263200318,1.9789601,5.5
mp-1254937,Ca2AlCoO5,Ca,Ca,Al,Co,-2.791027576666666,0.023986977480160654,0.0,4.0866972,216.99609625372833,3.766013235239277,P1,1,1.0,1.0,1.61,1.88,3.44,1.745,1.0,1.0,0.535,0.65,0.8517220952811614,0.1940928270042194,2,2,3,9,6.0,4,13,9,8,5.0,3.0,8.0,6.0,14.0,9.0,2.0,4.0,6.0,2.0,2.4,1.935,2.05,1.9925,-2.8144011374190567,4.0866972,6.0
mp-1257498,Ca2AlNiO5,Ca,Ca,Al,Ni,-2.7224068333333338,0.008416099424604084,0.0,2.0004167,214.33877072601769,3.808987938996482,Ima2,46,1.0,1.0,1.61,1.91,3.44,1.76,1.0,1.0,0.535,0.69,0.8432577763218453,0.2530612244897958,2,2,3,10,6.5,4,13,10,8,4.75,3.25,8.25,6.75,15.0,10.0,1.75,3.25,5.0,1.5,2.4,1.935,2.09,2.0125,-2.6995503770430336,2.0004167,5.0
mp-1257214,Ca2AlFeO5,Ca,Ca,Al,Fe,-2.921796394444445,0.02341690081349057,0.6983481919577699,10.0000001,223.74948833721336,3.606506721350567,Ima2,46,1.0,1.0,1.61,1.83,3.44,1.7200000000000002,1.0,1.0,0.535,0.61,0.8603580607592973,0.131004366812227,2,2,3,8,5.5,4,13,8,8,5.25,2.75,7.75,5.25,13.0,8.0,2.25,4.75,7.0,2.5,2.4,1.935,2.01,1.9725,-2.90675773379071,10.0000001,10.0000001
mp-1258227,Ca2AlAgO5,Ca,Ca,Al,Ag,-2.5054717596296303,0.10144279011904356,0.0,0.0007813,240.90821265012787,4.066806751790776,Cc,9,1.0,1.0,1.61,1.93,3.44,1.77,1.0,1.0,0.535,1.15,0.7567697992631947,0.7299703264094953,2,2,3,11,7.0,4,13,11,8,4.5,3.5,8.5,7.5,16.0,11.0,1.5,2.5,4.0,1.0,2.4,1.935,2.55,2.2424999999999997,-2.4896511206887695,0.0007813,4.0
mp-1261272,Ca2AlWO5,Ca,Ca,Al,W,-2.8040671005555557,0.25131111805556205,0.7575513909154434,5.9990258,241.3389558328716,5.105000249909639,Ima2,46,1.0,1.0,1.61,1.7,3.44,1.655,1.0,1.0,0.535,0.66,0.8495901250802071,0.20920502092050208,2,2,3,6,4.5,4,13,6,8,5.75,2.25,7.25,3.75,11.0,6.0,2.75,3.75,6.5,1.0,2.4,1.935,2.06,1.9975,-2.8222548496514506,5.9990258,6.5
mp-1261316,Ca2AlCrO5,Ca,Ca,Al,Cr,-3.121868097222222,0.02073933664682226,2.8594999999999997,1.4e-06,220.10997239974412,3.60806703705307,Ima2,46,1.0,1.0,1.61,1.66,3.44,1.635,1.0,1.0,0.535,0.73,0.8349600368254436,0.3083003952569169,2,2,3,6,4.5,4,13,6,8,5.75,2.25,7.25,3.75,11.0,6.0,2.75,3.75,6.5,1.0,2.4,1.935,2.13,2.0324999999999998,-3.0938122110035,1.4e-06,6.5
mp-1264781,Ca2AlCuO5,Ca,Ca,Al,Cu,-2.6882025044444444,0.06394360220237694,0.0,0.001719,218.1493998237214,3.8163279706437554,Ima2,46,1.0,1.0,1.61,1.9,3.44,1.755,1.0,1.0,0.535,0.77,0.8268240072339653,0.3601532567049808,2,2,3,11,7.0,4,13,11,8,4.5,3.5,8.5,7.5,16.0,11.0,1.5,2.5,4.0,1.0,2.4,1.935,2.17,2.0525,-2.7162395257002903,0.001719,4.0
mp-1272187,Ca2MnGaO5,Ca,Ca,Mn,Ga,-2.705393252270115,0.014855785231477014,0.7963,0.0080685,226.16427569059334,4.182312592521523,C2,5,1.0,1.0,1.55,1.81,3.44,1.6800000000000002,1.0,1.0,0.67,0.62,0.8298563691186864,0.07751937984496131,2,2,7,3,5.0,4,7,13,8,2.5,5.5,4.5,7.5,12.0,7.0,4.5,2.5,7.0,2.0,2.4,2.07,2.02,2.045,-2.6936561103941097,0.0080685,7.0
mp-1282857,Sr2MnGaO5,Sr,Sr,Mn,Ga,-2.6561289928256713,0.019822823333333517,1.3539999999999999,1.8e-06,250.86132989993803,5.0293566264713,Fmmm,69,0.95,0.95,1.55,1.81,3.44,1.6800000000000002,1.18,1.18,0.67,0.62,0.892095596802588,0.07751937984496131,2,2,7,3,5.0,4,7,13,8,2.5,5.5,4.5,7.5,12.0,7.0,4.5,2.5,7.0,2.0,2.58,2.07,2.02,2.045,-2.612319880309472,1.8e-06,7.0
mp-1283659,Sr2MnGaO5,Sr,Sr,Mn,Ga,-2.672337734492337,0.0036140816666678788,1.0253999999999999,0.0048002,248.62354166948143,5.074624403568805,C2,5,0.95,0.95,1.55,1.81,3.44,1.6800000000000002,1.18,1.18,0.67,0.62,0.892095596802588,0.07751937984496131,2,2,7,3,5.0,4,7,13,8,2.5,5.5,4.5,7.5,12.0,7.0,4.5,2.5,7.0,2.0,2.58,2.07,2.02,2.045,-2.6921484609949506,0.0048002,7.0
mp-1303469,Li2FeSiO5,Li,Li,Fe,Si,-2.301269561296296,0.09572544787037351,0.0,15.9985337,375.98365638582123,3.1411963425574605,Ibca,73,0.98,0.98,1.83,1.9,3.44,1.865,0.76,0.76,0.61,0.4,0.8017588700067941,0.41584158415841577,1,1,8,4,6.0,2,8,4,10,6.0,4.0,2.0,0.0,2.0,3.0,2.0,0.0,2.0,2.0,2.16,2.01,1.7999999999999998,1.9049999999999998,-2.3125955158883515,15.9985337,15.9985337
mp-1304562,Li2FeSiO5,Li,Li,Fe,Si,-2.3100070012962965,0.08698800787037264,0.0,16.0048193,370.30327813389425,3.189381666433649,P4/nmm,129,0.98,0.98,1.83,1.9,3.44,1.865,0.76,0.76,0.61,0.4,0.8017588700067941,0.41584158415841577,1,1,8,4,6.0,2,8,4,10,6.0,4.0,2.0,0.0,2.0,3.0,2.0,0.0,2.0,2.0,2.16,2.01,1.7999999999999998,1.9049999999999998,-2.3080139739945436,16.0048193,16.0048193
mp-1304341,Li2FeSiO5,Li,Li,Fe,Si,-2.3017361685185183,0.09525884064815138,0.0,16.0000321,374.14653538063305,3.156620133069009,Pmmn,59,0.98,0.98,1.83,1.9,3.44,1.865,0.76,0.76,0.61,0.4,0.8017588700067941,0.41584158415841577,1,1,8,4,6.0,2,8,4,10,6.0,4.0,2.0,0.0,2.0,3.0,2.0,0.0,2.0,2.0,2.16,2.01,1.7999999999999998,1.9049999999999998,-2.311805681600842,16.0000321,16.0000321
mp-1337023,Ca2YCuO5,Ca,Ca,Y,Cu,-2.6925357922222215,0.17546087562499757,0.0,0.0004589,241.6926619770284,4.295476431205951,Ima2,46,1.0,1.0,1.22,1.9,3.44,1.56,1.0,1.0,0.9,0.77,0.7593092952338765,0.15568862275449102,2,2,3,11,7.0,4,3,11,8,2.0,6.0,1.0,5.0,6.0,1.0,1.0,5.0,6.0,4.0,2.4,2.3,2.17,2.235,-2.723549060843544,0.0004589,6.0
mp-1345959,Ca2YSbO5,Ca,Ca,Y,Sb,-2.920000128333334,0.16379213152777794,2.915306704016855,0.000258,302.6520084203373,4.069090379613735,Cc,9,1.0,1.0,1.22,2.05,3.44,1.6349999999999998,1.0,1.0,0.9,0.76,0.761011782442921,0.1686746987951807,2,2,3,5,4.0,4,3,15,8,1.0,7.0,2.0,8.0,10.0,5.0,2.0,2.0,4.0,0.0,2.4,2.3,2.16,2.23,-2.9186288688372137,0.000258,4.0
mp-1347575,Ca2YBiO5,Ca,Ca,Y,Bi,-2.8636628394444443,0.16896361590277387,2.3925872618646924,7.87e-05,290.54173525729396,5.235682020349057,Cc,9,1.0,1.0,1.22,1.9,3.44,1.56,1.0,1.0,0.9,1.03,0.717571363571972,0.13471502590673576,2,2,3,5,4.0,4,3,15,8,1.0,7.0,2.0,8.0,10.0,5.0,2.0,2.0,4.0,0.0,2.4,2.3,2.4299999999999997,2.3649999999999998,-2.8849089137189665,7.87e-05,4.0
mp-1367745,Ca2YAgO5,Ca,Ca,Y,Ag,-2.5341809818518524,0.18858412909721878,0.0,0.0001717,268.29884500320946,4.41814284569337,Ima2,46,1.0,1.0,1.22,1.93,3.44,1.575,1.0,1.0,0.9,1.15,0.6998170205557583,0.24390243902439016,2,2,3,11,7.0,4,3,11,8,2.0,6.0,1.0,5.0,6.0,1.0,1.0,5.0,6.0,4.0,2.4,2.3,2.55,2.425,-2.5247091332391487,0.0001717,6.0
mp-1367535,Ca2YWO5,Ca,Ca,Y,W,-2.813775959444445,0.3635635068749963,0.8620961969696648,2.0001425,268.8211669682104,5.348131335212498,Cc,9,1.0,1.0,1.22,1.7,3.44,1.46,1.0,1.0,0.9,0.66,0.7784661811228046,0.30769230769230765,2,2,3,6,4.5,4,3,6,8,3.25,4.75,0.0,1.25,1.25,3.75,0.0,1.25,1.25,1.25,2.4,2.3,2.06,2.1799999999999997,-2.832164444129121,2.0001425,2.0001425
mp-1368579,Ca2YMoO5,Ca,Ca,Y,Mo,-2.7904660450000005,0.31757782166666537,0.0,2.571921,266.28924510974593,4.302720291398683,Ima2,46,1.0,1.0,1.22,2.16,3.44,1.69,1.0,1.0,0.9,0.69,0.7731463666732182,0.2641509433962265,2,2,3,6,4.5,4,3,6,8,3.25,4.75,0.0,1.25,1.25,3.75,0.0,1.25,1.25,1.25,2.4,2.3,2.09,2.195,-2.7594673568996497,2.571921,2.571921
mp-1368847,Ca2AlBiO5,Ca,Ca,Al,Bi,-2.7761439472222227,0.14063194692460002,2.3709000000000002,0.0,266.210922702731,4.941678009678443,P1,1,1.0,1.0,1.61,1.9,3.44,1.755,1.0,1.0,0.535,1.03,0.7775744672841759,0.6325878594249201,2,2,3,5,4.0,4,13,15,8,3.5,4.5,9.5,10.0,19.5,14.5,0.5,0.0,0.5,0.5,2.4,1.935,2.4299999999999997,2.1825,-2.7918090130689475,0.0,0.5
mp-1369394,Ca2YTiO5,Ca,Ca,Y,Ti,-3.3714497698148147,0.14200639279761695,0.0,1.9178198,253.72366403318108,3.886566721130112,Ima2,46,1.0,1.0,1.22,1.54,3.44,1.38,1.0,1.0,0.9,0.86,0.7443229275647868,0.0454545454545455,2,2,3,4,3.5,4,3,4,8,3.75,4.25,0.0,0.0,0.0,5.0,0.0,0.0,0.0,0.0,2.4,2.3,2.26,2.28,-3.3778910001389284,1.9178198,1.9178198
mp-1372050,Ca2AlCoO5,Ca,Ca,Al,Co,-2.794079868333333,0.02093468581349267,0.0,4.0066953,216.6126719356876,3.772679424449494,C2,5,1.0,1.0,1.61,1.88,3.44,1.745,1.0,1.0,0.535,0.65,0.8517220952811614,0.1940928270042194,2,2,3,9,6.0,4,13,9,8,5.0,3.0,8.0,6.0,14.0,9.0,2.0,4.0,6.0,2.0,2.4,1.935,2.05,1.9925,-2.77780952398594,4.0066953,6.0
mp-1375904,Ca2AlAgO5,Ca,Ca,Al,Ag,-2.4987049396296297,0.10820961011904373,0.0,1.6e-06,238.7586981721965,4.103419700591572,Ima2,46,1.0,1.0,1.61,1.93,3.44,1.77,1.0,1.0,0.535,1.15,0.7567697992631947,0.7299703264094953,2,2,3,11,7.0,4,13,11,8,4.5,3.5,8.5,7.5,16.0,11.0,1.5,2.5,4.0,1.0,2.4,1.935,2.55,2.2424999999999997,-2.523322225958309,1.6e-06,4.0
mp-1378984,Ca2YSnO5,Ca,Ca,Y,Sn,-2.967521280555555,0.18164008423611122,2.4941000000000004,0.0009164,278.6254120885466,4.383624158177657,P1,1,1.0,1.0,1.22,1.96,3.44,1.5899999999999999,1.0,1.0,0.9,0.69,0.7731463666732182,0.2641509433962265,2,2,3,4,3.5,4,3,14,8,1.25,6.75,1.75,7.25,9.0,4.0,1.75,2.75,4.5,1.0,2.4,2.3,2.09,2.195,-2.962972081863472,0.0009164,4.5
mp-6121,BaY2ZnO5,Y,Y,Ba,Zn,-3.2263243563888895,0.021570728101845127,3.0986000000000002,7.4e-05,515.8655885600521,5.929858352976885,Pnma,62,1.22,1.22,0.89,1.65,3.44,1.27,0.9,0.9,1.35,0.74,0.6651720232020691,0.5837320574162681,3,3,4,12,8.0,6,4,12,6,1.0,5.0,3.0,7.0,10.0,5.0,3.0,3.0,6.0,0.0,2.3,2.75,2.1399999999999997,2.445,-3.200181501303241,7.4e-05,6.0
mp-6138,Na2TiSiO5,Na,Na,Ti,Si,-2.9956953140102183,0.0,2.9703,0.0,211.27653516080173,3.174143852966248,P4/nmm,129,0.93,0.93,1.54,1.9,3.44,1.72,1.02,1.02,0.86,0.4,0.842954882005638,0.7301587301587301,1,1,4,4,4.0,2,4,4,10,5.0,5.0,0.0,0.0,0.0,5.0,0.0,0.0,0.0,0.0,2.42,2.26,1.7999999999999998,2.03,-3.027844978701443,0.0,0.0
mp-6228,Na2TiGeO5,Na,Na,Ti,Ge,-2.6133515673435506,0.0,3.2391000000000005,0.001104,236.43991809791353,3.462152659476336,P4/nmm,129,0.93,0.93,1.54,2.01,3.44,1.775,1.02,1.02,0.86,0.73,0.7795892530621618,0.16352201257861637,1,1,4,4,4.0,2,4,4,10,5.0,5.0,0.0,0.0,0.0,5.0,0.0,0.0,0.0,0.0,2.42,2.26,2.13,2.195,-2.6096588901729043,0.001104,0.001104
mp-6250,BaTm2ZnO5,Tm,Tm,Ba,Zn,-3.2969268208333347,0.026635475185181612,3.0578000000000003,0.002457,495.6523335604467,8.316578652900073,Pnma,62,1.25,1.25,0.89,1.65,3.44,1.27,1.03,1.03,1.35,0.74,0.70276870277436,0.5837320574162681,3,3,4,12,8.0,6,4,12,6,1.0,5.0,3.0,7.0,10.0,5.0,3.0,3.0,6.0,0.0,2.4299999999999997,2.75,2.1399999999999997,2.445,-3.291729164948366,0.002457,6.0
mp-6312,Sr2CuCO5,Sr,Sr,Cu,C,-2.379524217777779,0.043316346388870386,0.0,0.0006333,473.5887236783725,4.6394336278635215,I4/m,87,0.95,0.95,1.9,2.55,3.44,2.2249999999999996,1.18,1.18,0.77,0.16,0.9781959761186556,1.3118279569892473,2,2,11,4,7.5,4,11,4,8,5.75,2.25,5.25,1.75,7.0,2.0,4.75,1.75,6.5,3.0,2.58,2.17,1.5599999999999998,1.8649999999999998,-2.363887760342233,0.0006333,6.5
mp-6332,Li2TiSiO5,Li,Li,Ti,Si,-3.102775733333333,0.0,3.2152999999999996,4.6e-06,188.40023243956938,2.9937525790871207,P4/nmm,129,0.98,0.98,1.54,1.9,3.44,1.72,0.76,0.76,0.86,0.4,0.7523894814595777,0.7301587301587301,1,1,4,4,4.0,2,4,4,10,5.0,5.0,0.0,0.0,0.0,5.0,0.0,0.0,0.0,0.0,2.16,2.26,1.7999999999999998,2.03,-3.1275147475508946,4.6e-06,4.6e-06
mp-6468,BaNd2ZnO5,Nd,Nd,Ba,Zn,-3.139614177222223,0.012545028796290048,3.0561999999999996,0.0011211,272.43568366812013,6.963317965988391,I4/mcm,140,1.14,1.14,0.89,1.65,3.44,1.27,0.983,0.983,1.35,0.74,0.6891760570828396,0.5837320574162681,3,3,4,12,8.0,6,4,12,6,1.0,5.0,3.0,7.0,10.0,5.0,3.0,3.0,6.0,0.0,2.383,2.75,2.1399999999999997,2.445,-3.1660233094839088,0.0011211,6.0
mp-6452,BaSm2ZnO5,Sm,Sm,Ba,Zn,-3.1872932938888883,0.009535426435181904,3.4403128788171187,0.0024209,541.639428011011,7.154918577004959,Pnma,62,1.17,1.17,0.89,1.65,3.44,1.27,0.958,0.958,1.35,0.74,0.6819459263958605,0.5837320574162681,3,3,4,12,8.0,6,4,12,6,1.0,5.0,3.0,7.0,10.0,5.0,3.0,3.0,6.0,0.0,2.3579999999999997,2.75,2.1399999999999997,2.445,-3.1768544625765505,0.0024209,6.0
mp-6495,BaEr2ZnO5,Er,Er,Ba,Zn,-3.2830353608333334,0.022205376018515466,3.0633,0.0022249,501.92173404272677,8.16836037423067,Pnma,62,1.24,1.24,0.89,1.65,3.44,1.27,0.89,0.89,1.35,0.74,0.6622799709272776,0.5837320574162681,3,3,4,12,8.0,6,4,12,6,1.0,5.0,3.0,7.0,10.0,5.0,3.0,3.0,6.0,0.0,2.29,2.75,2.1399999999999997,2.445,-3.2770956673686698,0.0022249,6.0
mp-6501,BaHo2ZnO5,Ho,Ho,Ba,Zn,-3.269829354722221,0.019003241990738218,3.0589,0.0025385,507.1452910431363,8.023228771380943,Pnma,62,1.23,1.23,0.89,1.65,3.44,1.27,0.9010000000000001,0.9010000000000001,1.35,0.74,0.6654612284295485,0.5837320574162681,3,3,4,12,8.0,6,4,12,6,1.0,5.0,3.0,7.0,10.0,5.0,3.0,3.0,6.0,0.0,2.301,2.75,2.1399999999999997,2.445,-3.2648194977153033,0.0025385,6.0
mp-6643,BaDy2ZnO5,Dy,Dy,Ba,Zn,-3.2605967625925922,0.01572824240740367,3.0566,0.0037068,512.593881187532,7.874962437195041,Pnma,62,1.22,1.22,0.89,1.65,3.44,1.27,1.07,1.07,1.35,0.74,0.7143369118735264,0.5837320574162681,3,3,4,12,8.0,6,4,12,6,1.0,5.0,3.0,7.0,10.0,5.0,3.0,3.0,6.0,0.0,2.4699999999999998,2.75,2.1399999999999997,2.445,-3.2536677984026525,0.0037068,6.0
mp-6704,BaNd2CuO5,Nd,Nd,Ba,Cu,-2.9651516888888887,0.021025534722223682,0.5842,2.0003093,269.3301449517058,7.0206367817862,P4/mbm,127,1.14,1.14,0.89,1.9,3.44,1.395,0.983,0.983,1.35,0.77,0.6849737640518466,0.5471698113207547,3,3,4,11,7.5,6,4,11,6,1.25,4.75,2.75,6.25,9.0,4.0,2.75,3.75,6.5,1.0,2.383,2.75,2.17,2.46,-2.9787521833204584,2.0003093,6.5
mp-6793,BaLa2ZnO5,La,La,Ba,Zn,-3.1903301794444445,0.014263236574070248,3.1692,0.0003414,283.02187609561764,6.577619546991341,I4/mcm,140,1.1,1.1,0.89,1.65,3.44,1.27,1.032,1.032,1.35,0.74,0.7033471132293184,0.5837320574162681,3,3,4,12,8.0,6,4,12,6,1.0,5.0,3.0,7.0,10.0,5.0,3.0,3.0,6.0,0.0,2.432,2.75,2.1399999999999997,2.445,-3.1856851055012245,0.0003414,6.0
mp-8514,BaNd2PdO5,Nd,Nd,Ba,Pd,-2.9737952538888885,0.0,2.0844000000000005,0.0003135,277.6697912663871,7.322571954623858,P4/mbm,127,1.14,1.14,0.89,2.2,3.44,1.5450000000000002,0.983,0.983,1.35,0.86,0.6726688461347476,0.4434389140271494,3,3,4,10,7.0,6,4,10,6,1.5,4.5,2.5,5.5,8.0,3.0,2.5,4.5,7.0,2.0,2.383,2.75,2.26,2.505,-2.967933804422915,0.0003135,7.0
mp-8515,BaSm2PdO5,Sm,Sm,Ba,Pd,-3.0094635322222225,0.0,2.032,7.87e-05,269.8907419369051,7.684197402936299,P4/mbm,127,1.17,1.17,0.89,2.2,3.44,1.5450000000000002,0.958,0.958,1.35,0.86,0.6656118922306902,0.4434389140271494,3,3,4,10,7.0,6,4,10,6,1.5,4.5,2.5,5.5,8.0,3.0,2.5,4.5,7.0,2.0,2.3579999999999997,2.75,2.26,2.505,-3.0237505605827497,7.87e-05,7.0
mp-8809,BaLa2PtO5,La,La,Ba,Pt,-3.030775586666667,0.0,2.402100000000001,0.000974,289.6913647108643,7.912804146733791,P4/mbm,127,1.1,1.1,0.89,2.2,3.44,1.5450000000000002,1.032,1.032,1.35,0.8,0.6948216936750237,0.5116279069767441,3,3,4,10,7.0,6,4,10,6,1.5,4.5,2.5,5.5,8.0,3.0,2.5,4.5,7.0,2.0,2.432,2.75,2.2,2.475,-2.993460096443772,0.000974,7.0
mp-9656,BaY2PdO5,Y,Y,Ba,Pd,-3.0264920266666673,0.01859818654166645,1.7879999999999998,9.52e-05,258.3320356960755,6.447925305472836,P4/mbm,127,1.22,1.22,0.89,2.2,3.44,1.5450000000000002,0.9,0.9,1.35,0.86,0.6492397591732771,0.4434389140271494,3,3,4,10,7.0,6,4,10,6,1.5,4.5,2.5,5.5,8.0,3.0,2.5,4.5,7.0,2.0,2.3,2.75,2.26,2.505,-3.0170153682484315,9.52e-05,7.0
mp-9740,BaDy2PdO5,Dy,Dy,Ba,Pd,-3.061456264814813,0.011975081388890807,1.7855999999999996,0.0007287,256.5935900872606,8.396661486057287,P4/mbm,127,1.22,1.22,0.89,2.2,3.44,1.5450000000000002,1.07,1.07,1.35,0.86,0.6972270457208671,0.4434389140271494,3,3,4,10,7.0,6,4,10,6,1.5,4.5,2.5,5.5,8.0,3.0,2.5,4.5,7.0,2.0,2.4699999999999998,2.75,2.26,2.505,-3.085282334758866,0.0007287,7.0
mp-9760,BaTb2PdO5,Tb,Tb,Ba,Pd,-3.056340362592593,0.004388369027779504,1.8352,0.0006463,259.2960338733176,8.217580885039823,P4/mbm,127,1.5,1.5,0.89,2.2,3.44,1.5450000000000002,0.9230000000000002,0.9230000000000002,1.35,0.86,0.65573215676501,0.4434389140271494,3,3,4,10,7.0,6,4,10,6,1.5,4.5,2.5,5.5,8.0,3.0,2.5,4.5,7.0,2.0,2.323,2.75,2.26,2.505,-3.043209290419916,0.0006463,7.0
mp-9759,BaPr2PdO5,Pr,Pr,Ba,Pd,-2.9476335753703844,0.0,2.1388999999999996,0.0,276.30751127474406,7.278520019660134,P4/mbm,127,1.13,1.13,0.89,2.2,3.44,1.5450000000000002,0.99,0.99,1.35,0.86,0.6746447932278836,0.4434389140271494,3,3,4,10,7.0,6,4,10,6,1.5,4.5,2.5,5.5,8.0,3.0,2.5,4.5,7.0,2.0,2.3899999999999997,2.75,2.26,2.505,-2.9671272087749307,0.0,7.0
mp-9757,BaSm2PtO5,Sm,Sm,Ba,Pt,-3.008846080000001,0.0028959483333306224,2.6307,1.38e-05,271.9349715667316,8.709265294700723,P4/mbm,127,1.17,1.17,0.89,2.2,3.44,1.5450000000000002,0.958,0.958,1.35,0.8,0.6736799151668197,0.5116279069767441,3,3,4,10,7.0,6,4,10,6,1.5,4.5,2.5,5.5,8.0,3.0,2.5,4.5,7.0,2.0,2.3579999999999997,2.75,2.2,2.475,-2.9931043879251518,1.38e-05,7.0
mp-9785,BaHo2PdO5,Ho,Ho,Ba,Pd,-3.0662034727777754,0.019735465138891684,1.6925,0.0008338,254.02534692435776,8.545100349144107,P4/mbm,127,1.23,1.23,0.89,2.2,3.44,1.5450000000000002,0.9010000000000001,0.9010000000000001,1.35,0.86,0.6495220373294395,0.4434389140271494,3,3,4,10,7.0,6,4,10,6,1.5,4.5,2.5,5.5,8.0,3.0,2.5,4.5,7.0,2.0,2.301,2.75,2.26,2.505,-3.0430315611976275,0.0008338,7.0
mp-13182,Li2TiGeO5,Li,Li,Ti,Ge,-2.7158954927777788,0.0015369686111128544,3.4593000000000003,9.5e-06,201.886286168223,3.5267014474955167,P4/nmm,129,0.98,0.98,1.54,2.01,3.44,1.775,0.76,0.76,0.86,0.73,0.6958317300058965,0.16352201257861637,1,1,4,4,4.0,2,4,4,10,5.0,5.0,0.0,0.0,0.0,5.0,0.0,0.0,0.0,0.0,2.16,2.26,2.13,2.195,-2.732309139144813,9.5e-06,9.5e-06
mp-15904,BaGd2ZnO5,Gd,Gd,Ba,Zn,-3.2007851988888882,0.014632035185181635,2.6469105524162537,55.9879495,529.9549793355868,7.485380973241496,Pnma,62,1.2,1.2,0.89,1.65,3.44,1.27,0.938,0.938,1.35,0.74,0.6761618218462774,0.5837320574162681,3,3,4,12,8.0,6,4,12,6,1.0,5.0,3.0,7.0,10.0,5.0,3.0,3.0,6.0,0.0,2.338,2.75,2.1399999999999997,2.445,-3.1815176763040016,55.9879495,55.9879495
mp-17687,SrDy2CuO5,Dy,Dy,Sr,Cu,-3.085557710092592,0.06288479972222127,0.0,4.0027038,489.89171220718265,7.540690051904194,Pnma,62,1.22,1.22,0.95,1.9,3.44,1.4249999999999998,1.07,1.07,1.18,0.77,0.7353910524340094,0.42051282051282046,3,3,4,11,7.5,6,4,11,6,1.25,4.75,2.75,6.25,9.0,4.0,2.75,3.75,6.5,1.0,2.4699999999999998,2.58,2.17,2.375,-3.077302091553862,4.0027038,6.5
mp-17734,SrHo2CuO5,Ho,Ho,Sr,Cu,-3.0980380930555547,0.06291200847222278,0.0,4.0029861,483.98127101451325,7.699485319792657,Pnma,62,1.23,1.23,0.95,1.9,3.44,1.4249999999999998,0.9010000000000001,0.9010000000000001,1.18,0.77,0.6850748225306299,0.42051282051282046,3,3,4,11,7.5,6,4,11,6,1.25,4.75,2.75,6.25,9.0,4.0,2.75,3.75,6.5,1.0,2.301,2.58,2.17,2.375,-3.081596889855665,4.0029861,6.5
mp-17736,BaLu2CoO5,Lu,Lu,Ba,Co,-3.1289729503703714,0.0842169531018504,1.3091999999999997,4.0011716,483.2103813235537,8.607554672671244,Pnma,62,1.0,1.0,0.89,1.88,3.44,1.385,0.861,0.861,1.35,0.65,0.6661535134428267,0.7000000000000001,3,3,4,9,6.5,6,4,9,6,1.75,4.25,2.25,4.75,7.0,2.0,2.25,4.75,7.0,2.5,2.261,2.75,2.05,2.4,-3.0910370907172924,4.0011716,7.0
mp-17836,BaNd2BeO5,Nd,Nd,Ba,Be,-3.436739420555556,0.0,3.873,0.0020186,497.8382093008551,6.868729717472382,P2_1/c,14,1.14,1.14,0.89,1.57,3.44,1.23,0.983,0.983,1.35,0.45,0.7326241128554534,1.0000000000000002,3,3,4,4,4.0,6,4,4,6,3.0,3.0,1.0,1.0,2.0,3.0,1.0,1.0,2.0,0.0,2.383,2.75,1.8499999999999999,2.3,-3.4416471828756134,0.0020186,2.0
mp-17878,BaHo2CuO5,Ho,Ho,Ba,Cu,-3.0933189113888884,0.0295317029166684,0.0,4.0545651,500.7958923478265,8.100242863830404,Pnma,62,1.23,1.23,0.89,1.9,3.44,1.395,0.9010000000000001,0.9010000000000001,1.35,0.77,0.661403538012295,0.5471698113207547,3,3,4,11,7.5,6,4,11,6,1.25,4.75,2.75,6.25,9.0,4.0,2.75,3.75,6.5,1.0,2.301,2.75,2.17,2.46,-3.1083936346760384,4.0545651,6.5
mp-18084,BaTb2ZnO5,Tb,Tb,Ba,Zn,-3.25075140037037,0.012870990046292441,3.0505999999999998,0.0033926,518.5397416852841,7.693085932162265,Pnma,62,1.5,1.5,0.89,1.65,3.44,1.27,0.9230000000000002,0.9230000000000002,1.35,0.74,0.6718237434340899,0.5837320574162681,3,3,4,12,8.0,6,4,12,6,1.0,5.0,3.0,7.0,10.0,5.0,3.0,3.0,6.0,0.0,2.323,2.75,2.1399999999999997,2.445,-3.2685416889628804,0.0033926,6.0
mp-18414,BaLa2BeO5,La,La,Ba,Be,-3.487561350277778,0.00682040749999846,3.8870000000000005,0.0006395,518.7141450171284,6.455624937985324,P2_1/c,14,1.1,1.1,0.89,1.57,3.44,1.23,1.032,1.032,1.35,0.45,0.7476885616720363,1.0000000000000002,3,3,4,4,4.0,6,4,4,6,3.0,3.0,1.0,1.0,2.0,3.0,1.0,1.0,2.0,0.0,2.432,2.75,1.8499999999999999,2.3,-3.5038775559770867,0.0006395,2.0
mp-18746,BaEr2CoO5,Er,Er,Ba,Co,-3.162712931666666,0.013427264074076461,1.3643679085040294,3.0141604,120.03250460466923,8.449511879845238,Immm,71,1.24,1.24,0.89,1.88,3.44,1.385,0.89,0.89,1.35,0.65,0.6746977203821641,0.7000000000000001,3,3,4,9,6.5,6,4,9,6,1.75,4.25,2.25,4.75,7.0,2.0,2.25,4.75,7.0,2.5,2.29,2.75,2.05,2.4,-3.164254965854948,3.0141604,7.0
mp-18752,BaYb2NiO5,Yb,Yb,Ba,Ni,-3.116472022083337,0.0,0.0,2.0000002,118.05050712420363,8.75063616869254,Immm,71,1.5,1.5,0.89,1.91,3.44,1.4,1.02,1.02,1.35,0.69,0.7071067811865475,0.6470588235294119,3,3,4,10,7.0,6,4,10,6,1.5,4.5,2.5,5.5,8.0,3.0,2.5,4.5,7.0,2.0,2.42,2.75,2.09,2.42,-3.109648982587004,2.0000002,7.0
mp-18756,BaTm2NiO5,Tm,Tm,Ba,Ni,-3.158775417222224,0.022402691722209767,0.0,1.9992327,122.08621557028862,8.349684550415953,Immm,71,1.25,1.25,0.89,1.91,3.44,1.4,1.03,1.03,1.35,0.69,0.7100287100344257,0.6470588235294119,3,3,4,10,7.0,6,4,10,6,1.5,4.5,2.5,5.5,8.0,3.0,2.5,4.5,7.0,2.0,2.4299999999999997,2.75,2.09,2.42,-3.153241601235624,1.9992327,7.0
mp-18763,BaNd2NiO5,Nd,Nd,Ba,Ni,-3.0100768633333335,0.0,1.99856735542782,1.999927,136.61773149537714,6.861310160107256,Immm,71,1.14,1.14,0.89,1.91,3.44,1.4,0.983,0.983,1.35,0.69,0.6962956444493978,0.6470588235294119,3,3,4,10,7.0,6,4,10,6,1.5,4.5,2.5,5.5,8.0,3.0,2.5,4.5,7.0,2.0,2.383,2.75,2.09,2.42,-2.993533198352613,1.999927,7.0
mp-18802,BaPr2NiO5,Pr,Pr,Ba,Ni,-2.977552930925926,0.0,2.1673999999999998,1.9997362,138.96338379224417,6.665806250486742,Immm,71,1.13,1.13,0.89,1.91,3.44,1.4,0.99,0.99,1.35,0.69,0.6983409946429125,0.6470588235294119,3,3,4,10,7.0,6,4,10,6,1.5,4.5,2.5,5.5,8.0,3.0,2.5,4.5,7.0,2.0,2.3899999999999997,2.75,2.09,2.42,-2.9772928930883675,1.9997362,7.0
mp-18809,Li2VGeO5,Li,Li,V,Ge,-2.3799735346296296,0.010562275729168569,2.1485,2e-07,401.20593991188707,3.600162612509504,P4/nmm,129,0.98,0.98,1.63,2.01,3.44,1.8199999999999998,0.76,0.76,0.79,0.73,0.7071067811865475,0.0789473684210527,1,1,5,4,4.5,2,5,4,10,5.25,4.75,0.0,0.0,0.0,5.0,0.0,0.0,0.0,0.0,2.16,2.19,2.13,2.16,-2.3509028530864833,2e-07,2e-07
mp-18860,Li2VSiO5,Li,Li,V,Si,-2.765965153518519,0.0,2.3621,4e-07,374.8566515002568,3.063754286888888,P4/nmm,129,0.98,0.98,1.63,1.9,3.44,1.765,0.76,0.76,0.79,0.4,0.7655892969237809,0.6554621848739496,1,1,5,4,4.5,2,5,4,10,5.25,4.75,0.0,0.0,0.0,5.0,0.0,0.0,0.0,0.0,2.16,2.19,1.7999999999999998,1.9949999999999999,-2.771258290183278,4e-07,4e-07
mp-18907,Ca2MnAlO5,Ca,Ca,Mn,Al,-3.0261516364367815,0.01026369164681995,0.0,8.0004141,223.01907493157628,3.604812572247733,Ima2,46,1.0,1.0,1.55,1.61,3.44,1.58,1.0,1.0,0.67,0.535,0.8474688014220794,0.22406639004149378,2,2,7,3,5.0,4,7,13,8,2.5,5.5,4.5,7.5,12.0,7.0,4.5,2.5,7.0,2.0,2.4,2.07,1.935,2.0025,-2.9717482531049892,8.0004141,8.0004141
mp-19101,BaEr2NiO5,Er,Er,Ba,Ni,-3.146347289444444,0.019298272111099024,0.0,1.997639,123.64253883353462,8.199588056208121,Immm,71,1.24,1.24,0.89,1.91,3.44,1.4,0.89,0.89,1.35,0.69,0.6691217061641297,0.6470588235294119,3,3,4,10,7.0,6,4,10,6,1.5,4.5,2.5,5.5,8.0,3.0,2.5,4.5,7.0,2.0,2.29,2.75,2.09,2.42,-3.1338339424891437,1.997639,7.0
mp-19118,BaNd2CoO5,Nd,Nd,Ba,Co,-3.0275588833333384,0.0,1.4060131995368037,2.9988205,134.82386917603753,6.955554857290359,Immm,71,1.14,1.14,0.89,1.88,3.44,1.385,0.983,0.983,1.35,0.65,0.7020981081531428,0.7000000000000001,3,3,4,9,6.5,6,4,9,6,1.75,4.25,2.25,4.75,7.0,2.0,2.25,4.75,7.0,2.5,2.383,2.75,2.05,2.4,-3.044702034461664,2.9988205,7.0
mp-19164,BaDy2CoO5,Dy,Dy,Ba,Co,-3.1435622664814815,0.0036621974074071417,1.3935000000000004,3.0105891,122.5400757083151,8.147628904223062,Immm,71,1.22,1.22,0.89,1.88,3.44,1.385,1.07,1.07,1.35,0.65,0.7277307289711551,0.7000000000000001,3,3,4,9,6.5,6,4,9,6,1.75,4.25,2.25,4.75,7.0,2.0,2.25,4.75,7.0,2.5,2.4699999999999998,2.75,2.05,2.4,-3.164980116442704,3.0105891,7.0
mp-19181,BaHo2NiO5,Ho,Ho,Ba,Ni,-3.1341842916666653,0.010097635000001937,0.0,1.999201,124.76003790647681,8.064153981540626,Immm,71,1.23,1.23,0.89,1.91,3.44,1.4,0.9010000000000001,0.9010000000000001,1.35,0.69,0.6723358278967958,0.6470588235294119,3,3,4,10,7.0,6,4,10,6,1.5,4.5,2.5,5.5,8.0,3.0,2.5,4.5,7.0,2.0,2.301,2.75,2.09,2.42,-3.1245348433618014,1.999201,7.0
mp-19199,BaSm2NiO5,Sm,Sm,Ba,Ni,-3.0564633350000006,0.0,2.2387000000000006,1.9998223,132.81585541833942,7.210697715199906,Immm,71,1.17,1.17,0.89,1.91,3.44,1.4,0.958,0.958,1.35,0.69,0.688990822329702,0.6470588235294119,3,3,4,10,7.0,6,4,10,6,1.5,4.5,2.5,5.5,8.0,3.0,2.5,4.5,7.0,2.0,2.3579999999999997,2.75,2.09,2.42,-3.0609325907065177,1.9998223,7.0
mp-19248,BaSm2CoO5,Sm,Sm,Ba,Co,-3.0767373216666667,0.0,1.4676,3.000053,134.01289889793503,7.149260870052982,Immm,71,1.17,1.17,0.89,1.88,3.44,1.385,0.958,0.958,1.35,0.65,0.6947324125157829,0.7000000000000001,3,3,4,9,6.5,6,4,9,6,1.75,4.25,2.25,4.75,7.0,2.0,2.25,4.75,7.0,2.5,2.3579999999999997,2.75,2.05,2.4,-3.062457311784825,3.000053,7.0
mp-19312,BaTb2NiO5,Tb,Tb,Ba,Ni,-3.117015718703704,0.0026324380555529103,0.0,1.9967643,127.27711876530843,7.74798480199474,Immm,71,1.5,1.5,0.89,1.91,3.44,1.4,0.9230000000000002,0.9230000000000002,1.35,0.69,0.678764071362128,0.6470588235294119,3,3,4,10,7.0,6,4,10,6,1.5,4.5,2.5,5.5,8.0,3.0,2.5,4.5,7.0,2.0,2.323,2.75,2.09,2.42,-3.107550966212233,1.9967643,7.0
mp-19325,BaY2NiO5,Y,Y,Ba,Ni,-3.091672178333334,0.013564371111108642,2.3002999999999996,2.0002032,126.75259854930886,5.945447744565474,Immm,71,1.22,1.22,0.89,1.91,3.44,1.4,0.9,0.9,1.35,0.69,0.6720436350120079,0.6470588235294119,3,3,4,10,7.0,6,4,10,6,1.5,4.5,2.5,5.5,8.0,3.0,2.5,4.5,7.0,2.0,2.3,2.75,2.09,2.42,-3.0931287565864714,2.0002032,7.0
mp-19332,BaGd2NiO5,Gd,Gd,Ba,Ni,-3.0693496027777787,0.0057277747222208575,0.9400000000000004,12.0000001,130.22008567100548,7.530153344042779,Immm,71,1.2,1.2,0.89,1.91,3.44,1.4,0.938,0.938,1.35,0.69,0.6831469646339455,0.6470588235294119,3,3,4,10,7.0,6,4,10,6,1.5,4.5,2.5,5.5,8.0,3.0,2.5,4.5,7.0,2.0,2.338,2.75,2.09,2.42,-3.0862854771391466,12.0000001,12.0000001
mp-19364,BaDy2CoO5,Dy,Dy,Ba,Co,-3.076147789537037,0.07107667435185228,1.8435999999999995,11.7838104,489.8534511789718,8.152732702924029,Pnma,62,1.22,1.22,0.89,1.88,3.44,1.385,1.07,1.07,1.35,0.65,0.7277307289711551,0.7000000000000001,3,3,4,9,6.5,6,4,9,6,1.75,4.25,2.25,4.75,7.0,2.0,2.25,4.75,7.0,2.5,2.4699999999999998,2.75,2.05,2.4,-3.106444734030754,11.7838104,11.7838104
mp-19416,BaDy2NiO5,Dy,Dy,Ba,Ni,-3.12600791648148,0.006110011666667248,0.0,2.0000242,126.213970722966,7.907309056865918,Immm,71,1.22,1.22,0.89,1.91,3.44,1.4,1.07,1.07,1.35,0.69,0.721716425425939,0.6470588235294119,3,3,4,10,7.0,6,4,10,6,1.5,4.5,2.5,5.5,8.0,3.0,2.5,4.5,7.0,2.0,2.4699999999999998,2.75,2.09,2.42,-3.1349382155228205,2.0000242,7.0
mp-19750,BaGd2PtO5,Gd,Gd,Ba,Pt,-3.0136092355555553,0.016721306527776036,2.2586,27.9677086,266.7898777223428,9.048762597857825,P4/mbm,127,1.2,1.2,0.89,2.2,3.44,1.5450000000000002,0.938,0.938,1.35,0.8,0.6679659209754134,0.5116279069767441,3,3,4,10,7.0,6,4,10,6,1.5,4.5,2.5,5.5,8.0,3.0,2.5,4.5,7.0,2.0,2.338,2.75,2.2,2.475,-2.996481259669086,27.9677086,27.9677086
mp-20212,BaPr2CuO5,Pr,Pr,Ba,Cu,-2.9366641414814803,0.02047031986111314,0.5992999999999999,2.0023007,274.5633396396074,6.8061593757084635,P4/mbm,127,1.13,1.13,0.89,1.9,3.44,1.395,0.99,0.99,1.35,0.77,0.6869858565186375,0.5471698113207547,3,3,4,11,7.5,6,4,11,6,1.25,4.75,2.75,6.25,9.0,4.0,2.75,3.75,6.5,1.0,2.3899999999999997,2.75,2.17,2.46,-2.9323822665988764,2.0023007,6.5
mp-20942,Ba2TlCuO5,Ba,Ba,Tl,Cu,-1.879702838703705,0.06578380888888535,0.0,0.1466806,143.77290321905463,7.190638072563586,P4/mmm,123,0.89,0.89,1.8,1.9,3.44,1.85,1.35,1.35,1.5,0.77,0.7670783622339272,0.6431718061674009,2,2,4,11,7.5,4,4,11,8,2.25,5.75,1.75,5.25,7.0,2.0,1.75,4.75,6.5,3.0,2.75,2.9,2.17,2.535,-1.9046176142779447,0.1466806,6.5
mp-21302,Sr2MnGaO5,Sr,Sr,Mn,Ga,-2.6759518161590043,0.0,0.0,0.0006767,499.36071379200683,5.053145179471071,Ima2,46,0.95,0.95,1.55,1.81,3.44,1.6800000000000002,1.18,1.18,0.67,0.62,0.892095596802588,0.07751937984496131,2,2,7,3,5.0,4,7,13,8,2.5,5.5,4.5,7.5,12.0,7.0,4.5,2.5,7.0,2.0,2.58,2.07,2.02,2.045,-2.6724881976419805,0.0006767,7.0
mp-21317,BaEr2CoO5,Er,Er,Ba,Co,-3.1024760566666663,0.07366413907407576,1.3114999999999997,4.0003026,497.8558283952774,8.148672895073426,Pnma,62,1.24,1.24,0.89,1.88,3.44,1.385,0.89,0.89,1.35,0.65,0.6746977203821641,0.7000000000000001,3,3,4,9,6.5,6,4,9,6,1.75,4.25,2.25,4.75,7.0,2.0,2.25,4.75,7.0,2.5,2.29,2.75,2.05,2.4,-3.0947697090720894,4.0003026,7.0
mp-21470,Ca2MnGaO5,Ca,Ca,Mn,Ga,-2.7172993956034492,0.0029496418981427297,0.0,8.0017072,228.8090773065023,4.133969287119701,Ima2,46,1.0,1.0,1.55,1.81,3.44,1.6800000000000002,1.0,1.0,0.67,0.62,0.8298563691186864,0.07751937984496131,2,2,7,3,5.0,4,7,13,8,2.5,5.5,4.5,7.5,12.0,7.0,4.5,2.5,7.0,2.0,2.4,2.07,2.02,2.045,-2.734976544327472,8.0017072,8.0017072
mp-21522,FeNi2BO5,Ni,Ni,Fe,B,-1.8349809712962957,0.0,1.6665,36.0008326,349.9269784591056,5.011884543232638,Pbam,55,1.91,1.91,1.83,2.04,3.44,1.935,0.69,0.69,0.61,0.27,0.8031810721086327,0.7727272727272727,2,2,8,4,6.0,4,8,4,8,5.0,3.0,3.0,1.0,4.0,1.0,3.0,1.0,4.0,2.0,2.09,2.01,1.67,1.8399999999999999,-1.8319064691773852,36.0008326,36.0008326
mp-21568,BaSm2CuO5,Sm,Sm,Ba,Cu,-3.0056475477777775,0.02519919013889016,0.0,4.0031979,534.8661088341324,7.222390060931474,Pnma,62,1.17,1.17,0.89,1.9,3.44,1.395,0.958,0.958,1.35,0.77,0.677787719527593,0.5471698113207547,3,3,4,11,7.5,6,4,11,6,1.25,4.75,2.75,6.25,9.0,4.0,2.75,3.75,6.5,1.0,2.3579999999999997,2.75,2.17,2.46,-3.0044833734088576,4.0031979,6.5
mp-22202,BaTm2CuO5,Tm,Tm,Ba,Cu,-3.122397166111112,0.03518314750001306,0.0,4.0335287,489.11487585672967,8.402437714061977,Pnma,62,1.25,1.25,0.89,1.9,3.44,1.395,1.03,1.03,1.35,0.77,0.6984835277574432,0.5471698113207547,3,3,4,11,7.5,6,4,11,6,1.25,4.75,2.75,6.25,9.0,4.0,2.75,3.75,6.5,1.0,2.4299999999999997,2.75,2.17,2.46,-3.145256572067724,4.0335287,6.5
mp-22294,BaEu2NiO5,Eu,Eu,Ba,Ni,-2.6541109794444457,0.158035553888892,0.0,13.9667831,131.849888558215,7.3039272544795395,Immm,71,1.5,1.5,0.89,1.91,3.44,1.4,1.17,1.17,1.35,0.69,0.7509357139047219,0.6470588235294119,3,3,4,10,7.0,6,4,10,6,1.5,4.5,2.5,5.5,8.0,3.0,2.5,4.5,7.0,2.0,2.57,2.75,2.09,2.42,-2.64695523223748,13.9667831,13.9667831
mp-22550,BaDy2CuO5,Dy,Dy,Ba,Cu,-3.0830583795370377,0.027284643055556224,0.0,4.0048979,506.2195022116681,7.9496803366211415,Pnma,62,1.22,1.22,0.89,1.9,3.44,1.395,1.07,1.07,1.35,0.77,0.7099811989962488,0.5471698113207547,3,3,4,11,7.5,6,4,11,6,1.25,4.75,2.75,6.25,9.0,4.0,2.75,3.75,6.5,1.0,2.4699999999999998,2.75,2.17,2.46,-3.071842689009673,4.0048979,6.5
mp-23740,Mg2PHO5,Mg,Mg,P,H,-2.770332250932541,0.0,4.9826999999999995,0.0,371.85302876349874,2.868486128348858,Pnma,62,1.31,1.31,2.19,2.2,3.44,2.1950000000000003,0.72,0.72,0.44,-28.0,-0.1210877525133668,284400.0,2,2,4,4,4.0,4,4,4,8,4.0,4.0,0.0,0.0,0.0,5.0,0.0,0.0,0.0,0.0,2.12,1.8399999999999999,-26.6,-12.38,-2.748671226069036,0.0,0.0
mp-23895,MnPH2O5,H,H,Mn,P,-2.087878301397099,0.0,2.4307,3.3e-06,372.87855328366925,2.9912742467387683,C2/c,15,2.2,2.2,1.55,2.19,3.44,1.87,-28.0,-28.0,0.67,0.44,-9.620992521515173,0.41441441441441446,2,2,7,4,5.5,4,7,4,8,4.75,3.25,2.25,0.75,3.0,2.0,2.25,0.75,3.0,1.5,-26.6,2.07,1.8399999999999999,1.9549999999999998,-2.066802260356401,3.3e-06,3.0
mp-23969,ZnH2SeO5,H,H,Zn,Se,-1.3503043744270835,0.0,2.7214,0.0004353,203.2545726969196,3.6989667808960074,C2/c,15,2.2,2.2,1.65,2.55,3.44,2.0999999999999996,-28.0,-28.0,0.74,1.98,-6.814869702739915,0.911764705882353,2,2,12,4,8.0,4,12,4,8,6.0,2.0,6.0,2.0,8.0,3.0,4.0,2.0,6.0,2.0,-26.6,2.1399999999999997,3.38,2.76,-1.3778577617862253,0.0004353,6.0
mp-23967,CoH2SeO5,H,H,Co,Se,-1.264461807204861,0.05138537500000151,1.6716,1e-07,402.6112283370253,3.627942822545172,C2/c,15,2.2,2.2,1.88,2.55,3.44,2.215,-28.0,-28.0,0.65,1.98,-6.9278233442217925,1.0114068441064639,2,2,9,4,6.5,4,9,4,8,5.25,2.75,3.75,1.25,5.0,0.0,3.75,1.25,5.0,2.5,-26.6,2.05,3.38,2.715,-1.2832183080031634,1e-07,5.0
mp-23955,CuH2SeO5,H,H,Cu,Se,-1.1168006655381946,0.0,0.0,2.001966,206.8202500338218,3.6052791918508236,P-1,2,2.2,2.2,1.9,2.55,3.44,2.2249999999999996,-28.0,-28.0,0.77,1.98,-6.77803256921159,0.88,2,2,11,4,7.5,4,11,4,8,5.75,2.25,5.25,1.75,7.0,2.0,4.75,1.75,6.5,3.0,-26.6,2.17,3.38,2.775,-1.1064999601940213,2.001966,6.5
mp-23968,NiH2SeO5,H,H,Ni,Se,-1.2525212472048608,0.0,2.9948,8.0000006,368.49799085587216,3.9594727690874976,C2/c,15,2.2,2.2,1.91,2.55,3.44,2.23,-28.0,-28.0,0.69,1.98,-6.877162844446861,0.9662921348314607,2,2,10,4,7.0,4,10,4,8,5.5,2.5,4.5,1.5,6.0,1.0,4.5,1.5,6.0,3.0,-26.6,2.09,3.38,2.735,-1.2422455281866167,8.0000006,8.0000006
mp-24004,Zn2PHO5,Zn,Zn,P,H,-2.1156792389880956,0.011136412361110182,3.0421,0.0011504,418.0751673631588,3.8574250847643583,Pnnm,58,1.65,1.65,2.19,2.2,3.44,2.1950000000000003,0.74,0.74,0.44,-28.0,-0.12223008980122872,284400.0,2,2,4,4,4.0,4,4,4,8,4.0,4.0,0.0,0.0,0.0,5.0,0.0,0.0,0.0,0.0,2.1399999999999997,1.8399999999999999,-26.6,-12.38,-2.1053782852619745,0.0011504,0.0011504
mp-24079,Mg2PHO5,Mg,Mg,P,H,-2.7652338814880957,0.005098369444445083,5.266400000000001,2.95e-05,1475.8873558207815,2.8908852713882327,P2_1/c,14,1.31,1.31,2.19,2.2,3.44,2.1950000000000003,0.72,0.72,0.44,-28.0,-0.1210877525133668,284400.0,2,2,4,4,4.0,4,4,4,8,4.0,4.0,0.0,0.0,0.0,5.0,0.0,0.0,0.0,0.0,2.12,1.8399999999999999,-26.6,-12.38,-2.688179251675001,2.95e-05,2.95e-05
mp-24102,VFeH2O5,H,H,V,Fe,-1.8050312541666673,0.011242665069442381,1.9156,10.0,199.5418641038674,3.1422854355483283,P-1,2,2.2,2.2,1.63,1.83,3.44,1.73,-28.0,-28.0,0.79,0.61,-8.956685895029603,0.25714285714285723,2,2,5,8,6.5,4,5,8,8,3.25,4.75,1.75,3.25,5.0,0.0,1.75,3.25,5.0,1.5,-26.6,2.19,2.01,2.0999999999999996,-1.793613443952804,10.0,10.0
mp-24426,HgH2SeO5,H,H,Hg,Se,-1.0809138838715289,0.0,1.4897,0.0002999,462.46729141016084,5.19292325544165,P2_1/c,14,2.2,2.2,1.9,2.55,3.44,2.2249999999999996,-28.0,-28.0,1.19,1.98,-6.301186056804745,0.49842271293375395,2,2,12,4,8.0,4,12,4,8,6.0,2.0,6.0,2.0,8.0,3.0,4.0,2.0,6.0,2.0,-26.6,2.59,3.38,2.985,-1.0582025710679168,0.0002999,6.0
mp-24522,CuH2SO5,H,H,Cu,S,-1.449014392777778,0.0,0.007200000000000095,1.9988036,185.09721909067943,3.18698891060768,P-1,2,2.2,2.2,1.9,2.58,3.44,2.24,-28.0,-28.0,0.77,1.84,-6.95343452109507,0.8199233716475095,2,2,11,4,7.5,4,11,4,8,5.75,2.25,5.25,1.75,7.0,2.0,4.75,1.75,6.5,3.0,-26.6,2.17,3.24,2.705,-1.429934357507914,1.9988036,6.5
mp-24550,MnAsH2O5,H,H,Mn,As,-1.66292407421456,0.0,2.2527,1.8e-06,403.8105128125571,3.485026706637925,C2/c,15,2.2,2.2,1.55,2.18,3.44,1.8650000000000002,-28.0,-28.0,0.67,0.58,-9.28841500225292,0.14400000000000013,2,2,7,4,5.5,4,7,4,8,4.75,3.25,2.25,0.75,3.0,2.0,2.25,0.75,3.0,1.5,-26.6,2.07,1.98,2.025,-1.649896249188444,1.8e-06,3.0
mp-505037,BaHo2CoO5,Ho,Ho,Ba,Co,-3.0878789611111097,0.07185309449074317,1.2706999999999997,3.9989413,503.14607695896666,8.00151201790082,Pnma,62,1.23,1.23,0.89,1.88,3.44,1.385,0.9010000000000001,0.9010000000000001,1.35,0.65,0.6779386264626025,0.7000000000000001,3,3,4,9,6.5,6,4,9,6,1.75,4.25,2.25,4.75,7.0,2.0,2.25,4.75,7.0,2.5,2.301,2.75,2.05,2.4,-3.0941843460039165,3.9989413,7.0
mp-505076,GaNi2BO5,Ni,Ni,Ga,B,-2.005459676296302,0.0,3.0727999999999995,16.0000014,332.31596894642564,5.554874372259786,Pbam,55,1.91,1.91,1.81,2.04,3.44,1.925,0.69,0.69,0.62,0.27,0.8010044296367935,0.7865168539325842,2,2,3,4,3.5,4,13,4,8,6.25,1.75,6.75,2.25,9.0,4.0,3.25,2.25,5.5,1.0,2.09,2.02,1.67,1.845,-1.9902802918864368,16.0000014,16.0000014
mp-505193,BaTm2CoO5,Tm,Tm,Ba,Co,-3.1185776227777797,0.07588413212963019,1.313015859753019,4.0005019,491.1137067638886,8.305853108044477,Pnma,62,1.25,1.25,0.89,1.88,3.44,1.385,1.03,1.03,1.35,0.65,0.7159456159513793,0.7000000000000001,3,3,4,9,6.5,6,4,9,6,1.75,4.25,2.25,4.75,7.0,2.0,2.25,4.75,7.0,2.5,2.4299999999999997,2.75,2.05,2.4,-3.134034127068531,4.0005019,7.0
mp-505217,Co2PHO5,Co,Co,P,H,-1.9201776156547627,0.0,2.4941000000000004,24.0000396,414.337756567037,3.684595468467866,Pnnm,58,1.88,1.88,2.19,2.2,3.44,2.1950000000000003,0.65,0.65,0.44,-28.0,-0.11708957200584996,284400.0,2,2,4,4,4.0,4,4,4,8,4.0,4.0,0.0,0.0,0.0,5.0,0.0,0.0,0.0,0.0,2.05,1.8399999999999999,-26.6,-12.38,-1.924913987789563,24.0000396,24.0000396
mp-505268,BaLu2CuO5,Lu,Lu,Ba,Cu,-3.1326184892592597,0.04368997291667753,0.0,3.9985127,480.62794637396763,8.71755123465909,Pnma,62,1.0,1.0,0.89,1.9,3.44,1.395,0.861,0.861,1.35,0.77,0.6499058667734894,0.5471698113207547,3,3,4,11,7.5,6,4,11,6,1.25,4.75,2.75,6.25,9.0,4.0,2.75,3.75,6.5,1.0,2.261,2.75,2.17,2.46,-3.142325760215842,3.9985127,6.5
mp-505313,BaGd2CoO5,Gd,Gd,Ba,Co,-3.086305426111112,0.0007154727777773928,0.0,17.0000002,129.0263791978053,7.602905767348515,Immm,71,1.2,1.2,0.89,1.88,3.44,1.385,0.938,0.938,1.35,0.65,0.688839856005895,0.7000000000000001,3,3,4,9,6.5,6,4,9,6,1.75,4.25,2.25,4.75,7.0,2.0,2.25,4.75,7.0,2.5,2.338,2.75,2.05,2.4,-3.0846679433233857,17.0000002,17.0000002
mp-505314,Ca2MnFeO5,Ca,Ca,Mn,Fe,-2.5174157625478935,0.0299765183333367,0.0,36.0071794,465.1053761554331,3.869229735592783,Pnma,62,1.0,1.0,1.55,1.83,3.44,1.69,1.0,1.0,0.67,0.61,0.8318903308077028,0.09375000000000008,2,2,7,8,7.5,4,7,8,8,3.75,4.25,3.25,3.75,7.0,2.0,3.25,3.75,7.0,0.5,2.4,2.07,2.01,2.04,-2.4711225912144235,36.0071794,36.0071794
mp-505438,BaGd2PdO5,Gd,Gd,Ba,Pd,-3.0151819638889066,0.0,0.027500000000000302,27.9999999,258.0732094693422,8.213398823403855,P4/mbm,127,1.2,1.2,0.89,2.2,3.44,1.5450000000000002,0.938,0.938,1.35,0.86,0.6599663291074443,0.4434389140271494,3,3,4,10,7.0,6,4,10,6,1.5,4.5,2.5,5.5,8.0,3.0,2.5,4.5,7.0,2.0,2.338,2.75,2.26,2.505,-3.0525272677407416,27.9999999,27.9999999
mp-505551,InPH2O5,H,H,In,P,-2.0746144787566134,0.0003501581944496124,3.3244,0.000585,192.211085145799,3.9360737996499635,P-1,2,2.2,2.2,1.78,2.19,3.44,1.9849999999999999,-28.0,-28.0,0.8,0.44,-9.31140612849612,0.5806451612903226,2,2,3,4,3.5,4,13,4,8,6.25,1.75,6.75,2.25,9.0,4.0,3.25,2.25,5.5,1.0,-26.6,2.2,1.8399999999999999,2.02,-2.060889274949123,0.000585,5.5
mp-505808,BaEr2CuO5,Er,Er,Ba,Cu,-3.1084839708333334,0.030774783611112966,0.0,3.9796443,496.40261095053245,8.23425013488797,Pnma,62,1.24,1.24,0.89,1.9,3.44,1.395,0.89,0.89,1.35,0.77,0.6582416784216235,0.5471698113207547,3,3,4,11,7.5,6,4,11,6,1.25,4.75,2.75,6.25,9.0,4.0,2.75,3.75,6.5,1.0,2.29,2.75,2.17,2.46,-3.1407382882571264,3.9796443,6.5
mp-510134,BaTm2NiO5,Tm,Tm,Ba,Ni,-3.176939882500002,0.004238226444432058,1.5393,7.9994056,487.1861908358746,8.36954254567042,Pnma,62,1.25,1.25,0.89,1.91,3.44,1.4,1.03,1.03,1.35,0.69,0.7100287100344257,0.6470588235294119,3,3,4,10,7.0,6,4,10,6,1.5,4.5,2.5,5.5,8.0,3.0,2.5,4.5,7.0,2.0,2.4299999999999997,2.75,2.09,2.42,-3.186378519815791,7.9994056,7.9994056
mp-510479,BaEu2ZnO5,Eu,Eu,Ba,Zn,-2.7791149586111126,0.18616936712962584,0.0,48.0003466,541.4271049511416,7.197079730979374,Pnma,62,1.5,1.5,0.89,1.65,3.44,1.27,1.17,1.17,1.35,0.74,0.7432574346214426,0.5837320574162681,3,3,4,12,8.0,6,4,12,6,1.0,5.0,3.0,7.0,10.0,5.0,3.0,3.0,6.0,0.0,2.57,2.75,2.1399999999999997,2.445,-2.7573359466717653,48.0003466,48.0003466
mp-510654,Cu2PHO5,Cu,Cu,P,H,-1.6577778925992064,0.013855181962964203,0.0,8.003915,413.7070400928629,3.8383319830962606,Pnnm,58,1.9,1.9,2.19,2.2,3.44,2.1950000000000003,0.77,0.77,0.44,-28.0,-0.12394359573302166,284400.0,2,2,4,4,4.0,4,4,4,8,4.0,4.0,0.0,0.0,0.0,5.0,0.0,0.0,0.0,0.0,2.17,1.8399999999999999,-26.6,-12.38,-1.656492292217297,8.003915,8.003915
mp-541007,BaDy2MnO5,Dy,Dy,Ba,Mn,-3.2909138370849274,0.022200639166666036,1.6966999999999999,20.002876,524.0820028152518,7.569631887971347,Pnma,62,1.22,1.22,0.89,1.55,3.44,1.22,1.07,1.07,1.35,0.67,0.7247110993903618,0.6732673267326733,3,3,4,7,5.5,6,4,7,6,2.25,3.75,1.75,3.25,5.0,0.0,1.75,3.25,5.0,1.5,2.4699999999999998,2.75,2.07,2.41,-3.3124687326435134,20.002876,20.002876
mp-541429,BaEu2CoO5,Eu,Eu,Ba,Co,-2.697768437222223,0.13841534740740968,0.0,14.9988414,132.72573564252187,7.258729279913772,Immm,71,1.5,1.5,0.89,1.88,3.44,1.385,1.17,1.17,1.35,0.65,0.7571935115205946,0.7000000000000001,3,3,4,9,6.5,6,4,9,6,1.75,4.25,2.25,4.75,7.0,2.0,2.25,4.75,7.0,2.5,2.57,2.75,2.05,2.4,-2.712074511407422,14.9988414,14.9988414
mp-541574,BaY2CoO5,Y,Y,Ba,Co,-3.0613194608333347,0.06182509479166498,1.8813,4.0006603,511.78990776435603,5.893036409588581,Pnma,62,1.22,1.22,0.89,1.88,3.44,1.385,0.9,0.9,1.35,0.65,0.677643998637108,0.7000000000000001,3,3,4,9,6.5,6,4,9,6,1.75,4.25,2.25,4.75,7.0,2.0,2.25,4.75,7.0,2.5,2.3,2.75,2.05,2.4,-3.0477275058546414,4.0006603,7.0
mp-542733,BaY2CuO5,Y,Y,Ba,Cu,-3.0475604205555555,0.034352681527776596,0.0,3.9446791,508.77039658120134,5.988232712962728,Pnma,62,1.22,1.22,0.89,1.9,3.44,1.395,0.9,0.9,1.35,0.77,0.6611160962313248,0.5471698113207547,3,3,4,11,7.5,6,4,11,6,1.25,4.75,2.75,6.25,9.0,4.0,2.75,3.75,6.5,1.0,2.3,2.75,2.17,2.46,-3.062167753189898,3.9446791,6.5
mp-554007,FeTe2BrO5,Te,Te,Fe,Br,-1.3952805514814817,0.06390124593751878,1.8634,40.0032595,1265.7685463291155,4.942604931175227,P2_1/c,14,2.1,2.1,1.83,2.96,3.44,2.395,2.21,2.21,0.61,1.96,0.9507096760087287,1.0505836575875487,2,2,8,4,6.0,4,8,4,8,5.0,3.0,3.0,1.0,4.0,1.0,3.0,1.0,4.0,2.0,3.61,2.01,3.36,2.6849999999999996,-1.390951379689842,40.0032595,40.0032595
mp-554138,Pr2SbO5F,Pr,Pr,Sb,F,-3.2328444598148156,0.0054006430555482154,3.5176,0.008464,485.7935751513803,6.871546518894517,P2_1,4,1.13,1.13,2.05,3.98,3.44,3.0149999999999997,0.99,0.99,0.76,1.33,0.6912004936751937,0.5454545454545455,3,3,5,4,4.5,6,15,4,6,5.75,0.25,9.25,3.75,13.0,8.0,0.75,3.75,4.5,3.0,2.3899999999999997,2.16,2.73,2.4450000000000003,-3.2319330230167393,0.008464,4.5
mp-555284,Ba2NdAlO5,Ba,Ba,Nd,Al,-3.3474437825,0.012793212291668077,3.6912999999999996,1e-06,311.79184048765427,5.6013987750917735,P2_1,4,0.89,0.89,1.14,1.61,3.44,1.375,1.35,1.35,0.983,0.535,0.9006686652445604,0.590250329380764,2,2,4,3,3.5,4,4,13,8,1.75,6.25,2.25,6.75,9.0,4.0,2.25,3.25,5.5,1.0,2.75,2.383,1.935,2.159,-3.3604757894521162,1e-06,5.5
mp-555976,Na2TiSiO5,Na,Na,Ti,Si,-2.9929976990102176,0.0026976150000006527,3.2209000000000003,0.0,425.84419398236133,3.1496125805319473,Pmc2_1,26,0.93,0.93,1.54,1.9,3.44,1.72,1.02,1.02,0.86,0.4,0.842954882005638,0.7301587301587301,1,1,4,4,4.0,2,4,4,10,5.0,5.0,0.0,0.0,0.0,5.0,0.0,0.0,0.0,0.0,2.42,2.26,1.7999999999999998,2.03,-2.950118817223711,0.0,0.0
mp-556282,Ba2AlInO5,Ba,Ba,Al,In,-2.872980514907408,0.0,2.0183,7.99e-05,609.13961852121,5.413376441565158,P6_3/mmc,194,0.89,0.89,1.61,1.78,3.44,1.695,1.35,1.35,0.535,0.8,0.9405289713484913,0.3970037453183521,2,2,3,3,3.0,4,13,13,8,4.0,4.0,9.0,9.0,18.0,13.0,1.0,1.0,2.0,0.0,2.75,1.935,2.2,2.0675,-2.8603021344610475,7.99e-05,2.0
mp-556525,BaNd2PtO5,Nd,Nd,Ba,Pt,-2.974262720555556,0.0,2.5077000000000003,0.0011112,280.0510729059642,8.311759258885452,P4/mbm,127,1.14,1.14,0.89,2.2,3.44,1.5450000000000002,0.983,0.983,1.35,0.8,0.6808224079060778,0.5116279069767441,3,3,4,10,7.0,6,4,10,6,1.5,4.5,2.5,5.5,8.0,3.0,2.5,4.5,7.0,2.0,2.383,2.75,2.2,2.475,-3.014765572288708,0.0011112,7.0
mp-556709,Na2ZrSiO5,Na,Na,Zr,Si,-3.0751209355842923,0.0,4.0040000000000004,0.002307,939.139101298985,3.469620630435891,P2_1/c,14,0.93,0.93,1.33,1.9,3.44,1.615,1.02,1.02,0.72,0.4,0.8730604135058393,0.5714285714285713,1,1,4,4,4.0,2,4,4,10,5.0,5.0,0.0,0.0,0.0,5.0,0.0,0.0,0.0,0.0,2.42,2.12,1.7999999999999998,1.96,-3.071391849288904,0.002307,0.002307
mp-557498,NaBi2AuO5,Bi,Bi,Na,Au,-1.4115611279310347,0.0,0.8399000000000001,0.0032564,571.720500232584,8.340610310520626,P4/mbm,127,1.9,1.9,0.93,2.4,3.44,1.665,1.03,1.03,1.02,1.37,0.6621462344058999,0.29288702928870297,3,3,4,11,7.5,6,4,11,6,1.25,4.75,2.75,6.25,9.0,4.0,2.75,3.75,6.5,1.0,2.4299999999999997,2.42,2.77,2.5949999999999998,-1.4247968572264025,0.0032564,6.5
mp-559874,FeTe2ClO5,Te,Te,Fe,Cl,-1.432144001481481,0.06694270329863006,2.1486000000000005,40.0010532,1224.7105342715681,4.626148565760573,P2_1/c,14,2.1,2.1,1.83,3.16,3.44,2.495,2.21,2.21,0.61,1.81,0.978028919572198,0.9917355371900828,2,2,8,4,6.0,4,8,4,8,5.0,3.0,3.0,1.0,4.0,1.0,3.0,1.0,4.0,2.0,3.61,2.01,3.21,2.61,-1.4150953347855566,40.0010532,40.0010532
mp-560512,Sm2EuBeO5,Sm,Sm,Eu,Be,-3.5268186800000003,0.002327879027776092,0.5827,28.0018569,451.87970076251634,7.962319976407367,P2_1/c,14,1.17,1.17,1.5,1.57,3.44,1.5350000000000001,0.958,0.958,1.17,0.45,0.7544605384786781,0.888888888888889,3,3,4,4,4.0,6,4,4,6,3.0,3.0,1.0,1.0,2.0,3.0,1.0,1.0,2.0,0.0,2.3579999999999997,2.57,1.8499999999999999,2.21,-3.5426690947686543,28.0018569,28.0018569
mp-561346,Na2ZrGeO5,Na,Na,Zr,Ge,-2.6861438785009586,0.007049668472215664,3.4539,0.0023345,988.6415351020189,3.894568625308899,P2_1/c,14,0.93,0.93,1.33,2.01,3.44,1.67,1.02,1.02,0.72,0.73,0.8052698402218563,0.013793103448275874,1,1,4,4,4.0,2,4,4,10,5.0,5.0,0.0,0.0,0.0,5.0,0.0,0.0,0.0,0.0,2.42,2.12,2.13,2.125,-2.6884386073302964,0.0023345,0.0023345
mp-620290,Sr2TlCuO5,Sr,Sr,Tl,Cu,-1.9847175964814825,0.015062670694439007,0.0,0.0238853,127.6207832330289,6.807183428000522,P4/mmm,123,0.95,0.95,1.8,1.9,3.44,1.85,1.18,1.18,1.5,0.77,0.7196589725685572,0.6431718061674009,2,2,4,11,7.5,4,4,11,8,2.25,5.75,1.75,5.25,7.0,2.0,1.75,4.75,6.5,3.0,2.58,2.9,2.17,2.535,-1.9746178509018733,0.0238853,6.5
mp-621926,Na2TiSiO5,Na,Na,Ti,Si,-2.91415320109355,0.08154211291666869,3.1121,0.0010303,954.1387825717413,2.8114237786209775,P4_2/m,84,0.93,0.93,1.54,1.9,3.44,1.72,1.02,1.02,0.86,0.4,0.842954882005638,0.7301587301587301,1,1,4,4,4.0,2,4,4,10,5.0,5.0,0.0,0.0,0.0,5.0,0.0,0.0,0.0,0.0,2.42,2.26,1.7999999999999998,2.03,-2.8968380972101477,0.0010303,0.0010303
mp-630403,Ca2MnGaO5,Ca,Ca,Mn,Ga,-2.717583835603449,0.002665201898142122,0.0,16.0000001,439.0982074271128,4.30832867089893,Pnma,62,1.0,1.0,1.55,1.81,3.44,1.6800000000000002,1.0,1.0,0.67,0.62,0.8298563691186864,0.07751937984496131,2,2,7,3,5.0,4,7,13,8,2.5,5.5,4.5,7.5,12.0,7.0,4.5,2.5,7.0,2.0,2.4,2.07,2.02,2.045,-2.7415897637445643,16.0000001,16.0000001
mp-643066,ZnH2SO5,H,H,Zn,S,-1.6927066750000006,0.0,4.271599999999999,0.000346,184.90296370330574,3.2237988037530534,C2/c,15,2.2,2.2,1.65,2.58,3.44,2.115,-28.0,-28.0,0.74,1.84,-6.992208319539838,0.8527131782945737,2,2,12,4,8.0,4,12,4,8,6.0,2.0,6.0,2.0,8.0,3.0,4.0,2.0,6.0,2.0,-26.6,2.1399999999999997,3.24,2.69,-1.6993966997168195,0.000346,6.0
mp-643427,MnH2SO5,H,H,Mn,S,-1.8044353375478934,0.0,3.3469999999999995,1.6e-05,402.62757714257117,2.788259549670847,C2/c,15,2.2,2.2,1.55,2.58,3.44,2.065,-28.0,-28.0,0.67,1.84,-7.084384323752227,0.9322709163346612,2,2,7,4,5.5,4,7,4,8,4.75,3.25,2.25,0.75,3.0,2.0,2.25,0.75,3.0,1.5,-26.6,2.07,3.24,2.6550000000000002,-1.8139342437711126,1.6e-05,3.0
mp-643564,FeH2SO5,H,H,Fe,S,-1.6825276927777775,0.0,3.1761,1.9e-06,383.6579718798971,2.9418242458075157,C2/c,15,2.2,2.2,1.83,2.58,3.44,2.205,-28.0,-28.0,0.61,1.84,-7.165348716023682,1.004081632653061,2,2,8,4,6.0,4,8,4,8,5.0,3.0,3.0,1.0,4.0,1.0,3.0,1.0,4.0,2.0,-26.6,2.01,3.24,2.625,-1.6955942774292516,1.9e-06,4.0
mp-643412,MnH2SeO5,H,H,Mn,Se,-1.4579374883638654,0.0,1.9027,1.1e-06,437.9099335266078,3.2749065405466204,C2/c,15,2.2,2.2,1.55,2.55,3.44,2.05,-28.0,-28.0,0.67,1.98,-6.902400139288868,0.988679245283019,2,2,7,4,5.5,4,7,4,8,4.75,3.25,2.25,0.75,3.0,2.0,2.25,0.75,3.0,1.5,-26.6,2.07,3.38,2.7249999999999996,-1.4226284035582435,1.1e-06,3.0
mp-643547,CoH2SO5,H,H,Co,S,-1.6076068119444444,0.0,1.172,4e-07,367.9105160556862,3.123494837531248,C2/c,15,2.2,2.2,1.88,2.58,3.44,2.23,-28.0,-28.0,0.65,1.84,-7.111168385467737,0.9558232931726907,2,2,9,4,6.5,4,9,4,8,5.25,2.75,3.75,1.25,5.0,0.0,3.75,1.25,5.0,2.5,-26.6,2.05,3.24,2.645,-1.5995071777252252,4e-07,5.0
mp-643570,NiH2SO5,H,H,Ni,S,-1.5993072438888882,0.0,0.0,4.0,175.9121430957343,3.2617811980288858,C2/c,15,2.2,2.2,1.91,2.58,3.44,2.245,-28.0,-28.0,0.69,1.84,-7.057801268128391,0.9090909090909091,2,2,10,4,7.0,4,10,4,8,5.5,2.5,4.5,1.5,6.0,1.0,4.5,1.5,6.0,3.0,-26.6,2.09,3.24,2.665,-1.6245249229755891,4.0,6.0
mp-648069,Ca2GaFeO5,Ca,Ca,Ga,Fe,-2.615057349722223,0.013989654953702413,0.8106,20.0015896,459.38822046765796,4.1311541060230015,Pnma,62,1.0,1.0,1.81,1.83,3.44,1.82,1.0,1.0,0.62,0.61,0.8422115507929103,0.016260162601626032,2,2,3,8,5.5,4,13,8,8,5.25,2.75,7.75,5.25,13.0,8.0,2.25,4.75,7.0,2.5,2.4,2.02,2.01,2.0149999999999997,-2.5967001107811276,20.0015896,20.0015896
mp-697501,VH2SeO5,H,H,V,Se,-1.6236880522048607,0.0319544326388943,0.0,1.9998836,213.4479746761417,3.2972166429770478,P-1,2,2.2,2.2,1.63,2.55,3.44,2.09,-28.0,-28.0,0.79,1.98,-6.753694929824834,0.8592057761732852,2,2,5,4,4.5,4,5,4,8,4.25,3.75,0.75,0.25,1.0,4.0,0.75,0.25,1.0,0.5,-26.6,2.19,3.38,2.785,-1.581244928264608,1.9998836,1.9998836
mp-707398,Mg2PHO5,Mg,Mg,P,H,-2.358716090654763,0.41161616027777814,2.3981000000000003,0.0024118,576.7143932911274,2.774307180124826,P31m,157,1.31,1.31,2.19,2.2,3.44,2.1950000000000003,0.72,0.72,0.44,-28.0,-0.1210877525133668,284400.0,2,2,4,4,4.0,4,4,4,8,4.0,4.0,0.0,0.0,0.0,5.0,0.0,0.0,0.0,0.0,2.12,1.8399999999999999,-26.6,-12.38,-2.3380667854437402,0.0024118,0.0024118
mp-721583,CdH2SeO5,H,H,Cd,Se,-1.3050524135937502,0.0,2.5187,1.07e-05,447.22980613724053,4.060235765356208,P2_1/c,14,2.2,2.2,1.69,2.55,3.44,2.12,-28.0,-28.0,0.95,1.98,-6.565110080126409,0.7030716723549489,2,2,12,4,8.0,4,12,4,8,6.0,2.0,6.0,2.0,8.0,3.0,4.0,2.0,6.0,2.0,-26.6,2.3499999999999996,3.38,2.8649999999999998,-1.3354398129128304,1.07e-05,6.0
mp-721702,Zn2AsHO5,Zn,Zn,As,H,-1.7068521448611118,0.0,1.9675000000000002,0.001139,449.8480044391553,4.233879059333658,Pnnm,58,1.65,1.65,2.18,2.2,3.44,2.1900000000000004,0.74,0.74,0.58,-28.0,-0.12292514311447696,285799.99999999994,2,2,4,4,4.0,4,4,4,8,4.0,4.0,0.0,0.0,0.0,5.0,0.0,0.0,0.0,0.0,2.1399999999999997,1.98,-26.6,-12.31,-1.7165368263184368,0.001139,0.001139
mp-722516,Zn2PHO5,Zn,Zn,P,H,-2.1249119817658735,0.0019036695833332118,3.239,0.0006099,203.27777129853186,3.9667240239842045,P-1,2,1.65,1.65,2.19,2.2,3.44,2.1950000000000003,0.74,0.74,0.44,-28.0,-0.12223008980122872,284400.0,2,2,4,4,4.0,4,4,4,8,4.0,4.0,0.0,0.0,0.0,5.0,0.0,0.0,0.0,0.0,2.1399999999999997,1.8399999999999999,-26.6,-12.38,-2.099573758782141,0.0006099,0.0006099
mp-724857,Na2LaSiO5,Na,Na,La,Si,-2.835924037528736,0.041330371975307756,0.41759999999999975,4.00087,488.8431770841892,3.9806957870601636,Pnma,62,0.93,0.93,1.1,1.9,3.44,1.5,1.02,1.02,1.032,0.4,0.8086949009789438,0.8826815642458101,1,1,4,4,4.0,2,3,4,10,4.75,5.25,0.0,0.0,0.0,5.0,0.0,0.0,0.0,0.0,2.42,2.432,1.7999999999999998,2.1159999999999997,-2.8500774268411115,4.00087,4.00087
mp-724946,Li2LuSiO5,Li,Li,Lu,Si,-1.1129942242592596,1.9569427420740695,0.0,0.1392742,217.6151491792898,4.531544411338653,P-1,2,0.98,0.98,1.0,1.9,3.44,1.45,0.76,0.76,0.861,0.4,0.7522042094867977,0.7311657414750197,1,1,4,4,4.0,2,4,4,10,5.0,5.0,0.0,0.0,0.0,5.0,0.0,0.0,0.0,0.0,2.16,2.261,1.7999999999999998,2.0305,-1.104117835696335,0.1392742,0.1392742
mp-726240,VZn2HO5,Zn,Zn,V,H,-1.9280555056944442,0.010241785694440786,2.7972,0.0010499,820.7089804806916,4.25320671682988,Pnma,62,1.65,1.65,1.63,2.2,3.44,1.915,0.74,0.74,0.79,-28.0,-0.12398267199829671,287900.0,2,2,5,4,4.5,4,5,4,8,4.25,3.75,0.75,0.25,1.0,4.0,0.75,0.25,1.0,0.5,2.1399999999999997,2.19,-26.6,-12.205,-1.9125628246258575,0.0010499,1.0
mp-727909,Na2PrGeO5,Na,Na,Pr,Ge,-2.4019119849361434,0.0559840796527773,0.5208000000000002,4.0004857,505.81757253612,4.458470488642273,Pnma,62,0.93,0.93,1.13,2.01,3.44,1.5699999999999998,1.02,1.02,0.99,0.73,0.7571674382617013,0.3023255813953489,1,1,4,4,4.0,2,4,4,10,5.0,5.0,0.0,0.0,0.0,5.0,0.0,0.0,0.0,0.0,2.42,2.3899999999999997,2.13,2.26,-2.420450594367705,4.0004857,4.0004857
mp-731669,Na2ZnPO5,Na,Na,Zn,P,-2.1878267594334977,0.09775227152777521,0.2072,3.9989178,485.22537941894956,3.043833414977262,P2_1/c,14,0.93,0.93,1.65,2.19,3.44,1.92,1.02,1.02,0.74,0.44,0.8598986987293694,0.5084745762711864,1,1,12,4,8.0,2,12,4,10,7.0,3.0,5.0,1.0,6.0,1.0,5.0,1.0,6.0,4.0,2.42,2.1399999999999997,1.8399999999999999,1.9899999999999998,-2.1890172665547336,3.9989178,6.0
mp-752743,Li2MnPO5,Li,Li,Mn,P,-2.473274624915618,0.07824728425925809,1.404,7.9998343,192.16952092086507,3.1071489154525955,C2/c,15,0.98,0.98,1.55,2.19,3.44,1.87,0.76,0.76,0.67,0.44,0.7812535280628863,0.41441441441441446,1,1,7,4,5.5,2,7,4,10,5.75,4.25,1.25,0.0,1.25,3.75,1.25,0.0,1.25,1.25,2.16,2.07,1.8399999999999999,1.9549999999999998,-2.538099971716999,7.9998343,7.9998343
mp-753557,Li2CuSbO5,Li,Li,Cu,Sb,-1.756746341296297,0.06473100638889306,0.34830000000000005,0.0020274,201.74949824644708,4.595774502399233,P1,1,0.98,0.98,1.9,2.05,3.44,1.9749999999999999,0.76,0.76,0.77,0.76,0.7054737401214516,0.013071895424836612,1,1,11,5,8.0,2,11,15,10,4.0,6.0,7.0,9.0,16.0,11.0,3.0,1.0,4.0,2.0,2.16,2.17,2.16,2.165,-1.7772340941229827,0.0020274,4.0
mp-753930,Li2VFeO5,Li,Li,V,Fe,-2.1823341918518526,0.07994226805555371,1.8911000000000002,10.0002521,204.86351378197236,3.253023404538406,P4/nmm,129,0.98,0.98,1.63,1.83,3.44,1.73,0.76,0.76,0.79,0.61,0.7273098320775918,0.25714285714285723,1,1,5,8,6.5,2,5,8,10,4.25,5.75,0.75,2.25,3.0,2.0,0.75,2.25,3.0,1.5,2.16,2.19,2.01,2.0999999999999996,-2.187385554879716,10.0002521,10.0002521
mp-753936,Li2FeSiO5,Li,Li,Fe,Si,-2.3042940940740744,0.09270091509259526,0.0,8.0001334,185.82510831984544,3.177822676868022,P4/nmm,129,0.98,0.98,1.83,1.9,3.44,1.865,0.76,0.76,0.61,0.4,0.8017588700067941,0.41584158415841577,1,1,8,4,6.0,2,8,4,10,6.0,4.0,2.0,0.0,2.0,3.0,2.0,0.0,2.0,2.0,2.16,2.01,1.7999999999999998,1.9049999999999998,-2.3292497577133715,8.0001334,8.0001334
mp-754561,Ta2CrNO5,Ta,Ta,Cr,N,-2.6397817299629622,0.17088713833333458,1.3552999999999997,4.05e-05,209.76578330597243,8.04116292961674,P1,1,1.5,1.5,1.66,3.04,3.44,2.35,0.72,0.72,0.73,0.16,0.8125021008755993,1.2808988764044942,2,2,6,4,5.0,4,6,4,8,4.5,3.5,1.5,0.5,2.0,3.0,1.5,0.5,2.0,1.0,2.12,2.13,1.5599999999999998,1.8449999999999998,-2.6071335038843295,4.05e-05,2.0
mp-754750,Ta2CrNO5,Ta,Ta,Cr,N,-2.6300304916296304,0.18063837666666593,1.3735,6.0009329,419.60910967199703,8.039676936187218,Amm2,38,1.5,1.5,1.66,3.04,3.44,2.35,0.72,0.72,0.73,0.16,0.8125021008755993,1.2808988764044942,2,2,6,4,5.0,4,6,4,8,4.5,3.5,1.5,0.5,2.0,3.0,1.5,0.5,2.0,1.0,2.12,2.13,1.5599999999999998,1.8449999999999998,-2.658633319188843,6.0009329,6.0009329
mp-754795,Ta2CrNO5,Ta,Ta,Cr,N,-2.640148230518518,0.17052063777777882,1.0376000000000003,6.0013265,417.7946171662534,8.074593454854348,Cmmm,65,1.5,1.5,1.66,3.04,3.44,2.35,0.72,0.72,0.73,0.16,0.8125021008755993,1.2808988764044942,2,2,6,4,5.0,4,6,4,8,4.5,3.5,1.5,0.5,2.0,3.0,1.5,0.5,2.0,1.0,2.12,2.13,1.5599999999999998,1.8449999999999998,-2.6489491202524578,6.0013265,6.0013265
mp-755086,Ta2CrNO5,Ta,Ta,Cr,N,-2.6309742227407407,0.17969464555555703,1.3251000000000004,4.47e-05,209.9542133385065,8.033946134257668,C2/m,12,1.5,1.5,1.66,3.04,3.44,2.35,0.72,0.72,0.73,0.16,0.8125021008755993,1.2808988764044942,2,2,6,4,5.0,4,6,4,8,4.5,3.5,1.5,0.5,2.0,3.0,1.5,0.5,2.0,1.0,2.12,2.13,1.5599999999999998,1.8449999999999998,-2.628359411195019,4.47e-05,2.0
mp-755234,Ta2CrNO5,Ta,Ta,Cr,N,-2.6367627649629637,0.17390610333333356,0.5286000000000004,0.0,419.61976727976133,8.039472742462282,Pc,7,1.5,1.5,1.66,3.04,3.44,2.35,0.72,0.72,0.73,0.16,0.8125021008755993,1.2808988764044942,2,2,6,4,5.0,4,6,4,8,4.5,3.5,1.5,0.5,2.0,3.0,1.5,0.5,2.0,1.0,2.12,2.13,1.5599999999999998,1.8449999999999998,-2.6079372991816414,0.0,2.0
mp-755429,Li2TiVO5,Li,Li,Ti,V,-2.8083202633333335,0.031227467638885287,2.2828,0.0003924,415.5885535995777,3.0796336335173553,P4/nmm,129,0.98,0.98,1.54,1.63,3.44,1.585,0.76,0.76,0.86,0.79,0.6864497291518845,0.0848484848484848,1,1,4,5,4.5,2,4,5,10,4.75,5.25,0.0,0.0,0.0,5.0,0.0,0.0,0.0,0.0,2.16,2.26,2.19,2.2249999999999996,-2.837037506356922,0.0003924,0.0003924
mp-755733,Li2MnSiO5,Li,Li,Mn,Si,-2.459204168288633,0.09004037244444962,0.5558000000000001,9.7e-06,182.84504428134656,3.213142456427477,P4/nmm,129,0.98,0.98,1.55,1.9,3.44,1.725,0.76,0.76,0.67,0.4,0.7893284999291692,0.5046728971962617,1,1,7,4,5.5,2,7,4,10,5.75,4.25,1.25,0.0,1.25,3.75,1.25,0.0,1.25,1.25,2.16,2.07,1.7999999999999998,1.9349999999999998,-2.435940893245534,9.7e-06,1.25
mp-756204,Ta2CrNO5,Ta,Ta,Cr,N,-2.633823073018519,0.176845795277778,1.4326000000000003,5.6e-06,418.6712306285281,8.05768687802963,Cm,8,1.5,1.5,1.66,3.04,3.44,2.35,0.72,0.72,0.73,0.16,0.8125021008755993,1.2808988764044942,2,2,6,4,5.0,4,6,4,8,4.5,3.5,1.5,0.5,2.0,3.0,1.5,0.5,2.0,1.0,2.12,2.13,1.5599999999999998,1.8449999999999998,-2.633618411798127,5.6e-06,2.0
mp-757041,Li2VPO5,Li,Li,V,P,-2.6257935263955026,0.07744791870371515,1.5391999999999997,16.001517,755.6003362711954,3.0906628928570172,P2_1/c,14,0.98,0.98,1.63,2.19,3.44,1.91,0.76,0.76,0.79,0.44,0.7579903957136194,0.5691056910569107,1,1,5,4,4.5,2,5,4,10,5.25,4.75,0.0,0.0,0.0,5.0,0.0,0.0,0.0,0.0,2.16,2.19,1.8399999999999999,2.0149999999999997,-2.6454236994164617,16.001517,16.001517
mp-757132,Li2CrPO5,Li,Li,Cr,P,-2.556824277645503,0.09307123944443774,1.0107999999999997,23.9988753,745.5752922548904,3.151010476829441,P2_1/c,14,0.98,0.98,1.66,2.19,3.44,1.9249999999999998,0.76,0.76,0.73,0.44,0.7694461699561425,0.49572649572649574,1,1,6,4,5.0,2,6,4,10,5.5,4.5,0.5,0.0,0.5,4.5,0.5,0.0,0.5,0.5,2.16,2.13,1.8399999999999999,1.9849999999999999,-2.5475822081602373,23.9988753,23.9988753
mp-757248,Li2FePO5,Li,Li,Fe,P,-2.376941493201058,0.0933026344444432,2.5086,0.0,376.76840075101615,3.185571750383564,Pmc2_1,26,0.98,0.98,1.83,2.19,3.44,2.01,0.76,0.76,0.61,0.44,0.7934289077210093,0.32380952380952377,1,1,8,4,6.0,2,8,4,10,6.0,4.0,2.0,0.0,2.0,3.0,2.0,0.0,2.0,2.0,2.16,2.01,1.8399999999999999,1.9249999999999998,-2.3729602992895886,0.0,2.0
mp-757461,Li2CrSiO5,Li,Li,Cr,Si,-2.5383711258796304,0.08723770788580154,0.3915000000000002,16.0007607,722.7445392277102,3.1974603149426515,P2_1/c,14,0.98,0.98,1.66,1.9,3.44,1.7799999999999998,0.76,0.76,0.73,0.4,0.7772776831363576,0.584070796460177,1,1,6,4,5.0,2,6,4,10,5.5,4.5,0.5,0.0,0.5,4.5,0.5,0.0,0.5,0.5,2.16,2.13,1.7999999999999998,1.9649999999999999,-2.550375463422806,16.0007607,16.0007607
mp-757693,Li2FeCO5,Li,Li,Fe,C,-1.8975375232407405,0.07515556333333162,0.03269999999999995,16.0020414,334.65002296073715,3.2101212577124505,Pbam,55,0.98,0.98,1.83,2.55,3.44,2.19,0.76,0.76,0.61,0.16,0.8556586259736374,1.1688311688311688,1,1,8,4,6.0,2,8,4,10,6.0,4.0,2.0,0.0,2.0,3.0,2.0,0.0,2.0,2.0,2.16,2.01,1.5599999999999998,1.7849999999999997,-1.89614148154094,16.0020414,16.0020414
mp-758001,Li2VCO5,Li,Li,V,C,-2.277956343796297,0.061367425833343425,0.8902999999999999,4.0002069,333.0104775586634,3.1281218144823044,Pbam,55,0.98,0.98,1.63,2.55,3.44,2.09,0.76,0.76,0.79,0.16,0.8145870119269027,1.3263157894736841,1,1,5,4,4.5,2,5,4,10,5.25,4.75,0.0,0.0,0.0,5.0,0.0,0.0,0.0,0.0,2.16,2.19,1.5599999999999998,1.875,-2.285662615733532,4.0002069,4.0002069
mp-758263,Li2VCoO5,Li,Li,V,Co,-2.0466209385185183,0.09293357238095368,0.6293,7.9931247,201.16572051860143,3.3638034364112626,P4/nmm,129,0.98,0.98,1.63,1.88,3.44,1.755,0.76,0.76,0.79,0.65,0.7204484185674257,0.19444444444444448,1,1,5,9,7.0,2,5,9,10,4.0,6.0,1.0,3.0,4.0,1.0,1.0,3.0,4.0,2.0,2.16,2.19,2.05,2.12,-2.0443505916134934,7.9931247,7.9931247
mp-758787,Li2FeSiO5,Li,Li,Fe,Si,-2.2786041457407404,0.11839086342592875,0.0,16.0009877,377.97381996510455,3.1246568516559132,Pmc2_1,26,0.98,0.98,1.83,1.9,3.44,1.865,0.76,0.76,0.61,0.4,0.8017588700067941,0.41584158415841577,1,1,8,4,6.0,2,8,4,10,6.0,4.0,2.0,0.0,2.0,3.0,2.0,0.0,2.0,2.0,2.16,2.01,1.7999999999999998,1.9049999999999998,-2.2653615322503193,16.0009877,16.0009877
mp-759321,Li2FeSiO5,Li,Li,Fe,Si,-2.297277186018518,0.09971782314815147,0.6088,31.9985176,737.1448526716904,3.204359311524715,P2_1/c,14,0.98,0.98,1.83,1.9,3.44,1.865,0.76,0.76,0.61,0.4,0.8017588700067941,0.41584158415841577,1,1,8,4,6.0,2,8,4,10,6.0,4.0,2.0,0.0,2.0,3.0,2.0,0.0,2.0,2.0,2.16,2.01,1.7999999999999998,1.9049999999999998,-2.2655568496956113,31.9985176,31.9985176
mp-761481,Li2FePO5,Li,Li,Fe,P,-2.3994793454232797,0.07076478222222171,2.3612,5e-07,371.65123183303916,3.2294330573047034,P4/nmm,129,0.98,0.98,1.83,2.19,3.44,2.01,0.76,0.76,0.61,0.44,0.7934289077210093,0.32380952380952377,1,1,8,4,6.0,2,8,4,10,6.0,4.0,2.0,0.0,2.0,3.0,2.0,0.0,2.0,2.0,2.16,2.01,1.8399999999999999,1.9249999999999998,-2.4242356553998166,5e-07,2.0
mp-764236,Li2MnCO5,Li,Li,Mn,C,-2.0585830235664115,0.04742732851851805,1.0819999999999999,12.0018558,324.7976981694435,3.288948849624918,Pbam,55,0.98,0.98,1.55,2.55,3.44,2.05,0.76,0.76,0.67,0.16,0.8415155081889492,1.2289156626506024,1,1,7,4,5.5,2,7,4,10,5.75,4.25,1.25,0.0,1.25,3.75,1.25,0.0,1.25,1.25,2.16,2.07,1.5599999999999998,1.815,-2.015922356073286,12.0018558,12.0018558
mp-765091,VCu2HO5,Cu,Cu,V,H,-1.4876654062499999,0.04143066319443722,0.0018000000000002458,16.0013023,797.1256481773125,4.316945023215794,Pnma,62,1.9,1.9,1.63,2.2,3.44,1.915,0.77,0.77,0.79,-28.0,-0.12572074683939435,287900.0,2,2,5,4,4.5,4,5,4,8,4.25,3.75,0.75,0.25,1.0,4.0,0.75,0.25,1.0,0.5,2.17,2.19,-26.6,-12.205,-1.52670716224045,16.0013023,16.0013023
mp-765297,Mn2AsHO5,Mn,Mn,As,H,-1.8618327737068985,0.014410440694443416,1.654,160.0501112,1764.2957655465855,4.002736143052044,P2_1/c,14,1.55,1.55,2.18,2.2,3.44,2.1900000000000004,0.67,0.67,0.58,-28.0,-0.11890422721820902,285799.99999999994,2,2,4,4,4.0,4,4,4,8,4.0,4.0,0.0,0.0,0.0,5.0,0.0,0.0,0.0,0.0,2.07,1.98,-26.6,-12.31,-1.8648684756076102,160.0501112,160.0501112
mp-766038,Li2VSiO5,Li,Li,V,Si,-2.7140022490740736,0.05196290444444518,1.6081999999999996,8.0022617,742.3592960066338,3.0941046449628153,P2_1/c,14,0.98,0.98,1.63,1.9,3.44,1.765,0.76,0.76,0.79,0.4,0.7655892969237809,0.6554621848739496,1,1,5,4,4.5,2,5,4,10,5.25,4.75,0.0,0.0,0.0,5.0,0.0,0.0,0.0,0.0,2.16,2.19,1.7999999999999998,1.9949999999999999,-2.702235904944382,8.0022617,8.0022617
mp-766036,Li2VSiO5,Li,Li,V,Si,-2.7362591515740746,0.029706001944443727,2.2561999999999998,3.9987269,380.1059555990167,3.0214435109095583,Pmc2_1,26,0.98,0.98,1.63,1.9,3.44,1.765,0.76,0.76,0.79,0.4,0.7655892969237809,0.6554621848739496,1,1,5,4,4.5,2,5,4,10,5.25,4.75,0.0,0.0,0.0,5.0,0.0,0.0,0.0,0.0,2.16,2.19,1.7999999999999998,1.9949999999999999,-2.730639314219374,3.9987269,3.9987269
mp-766462,Li2FePO5,Li,Li,Fe,P,-2.411797729867724,0.058446397777777825,2.1455,1e-07,434.64446683042263,2.7613897460194745,Pc,7,0.98,0.98,1.83,2.19,3.44,2.01,0.76,0.76,0.61,0.44,0.7934289077210093,0.32380952380952377,1,1,8,4,6.0,2,8,4,10,6.0,4.0,2.0,0.0,2.0,3.0,2.0,0.0,2.0,2.0,2.16,2.01,1.8399999999999999,1.9249999999999998,-2.424251720264136,1e-07,2.0
mp-aaaieinu,CaTi(BiO3)2,Bi,Bi,Ca,Ti,-1.8974310879166665,0.48529505100000137,1.2523000000000009,0.0,133.693718061243,7.475909364051438,Fm-3m,225,1.9,1.9,1.0,1.54,3.44,1.27,1.03,1.03,1.0,0.86,0.7374547117095751,0.15053763440860218,3,3,4,4,4.0,6,4,4,6,3.0,3.0,1.0,1.0,2.0,3.0,1.0,1.0,2.0,0.0,2.4299999999999997,2.4,2.26,2.33,-1.901593532923812,0.0,2.0
mp-aaaieinv,ScV(PbO3)2,Pb,Pb,Sc,V,-2.328763759750001,0.09933311343749196,1.3182999999999998,0.0,125.13241870898483,8.045673315177021,Fm-3m,225,1.8,1.8,1.36,1.63,3.44,1.495,1.19,1.19,0.745,0.79,0.8449395908988041,0.05863192182410428,2,2,3,5,4.0,4,3,5,8,3.5,4.5,0.0,0.5,0.5,4.5,0.0,0.5,0.5,0.5,2.59,2.145,2.19,2.1675,-2.3386237784431776,0.0,0.5
mp-aaaieinz,CaY2SnO6,Y,Y,Ca,Sn,-2.499590556250001,0.7111898013437585,2.6318999999999995,0.0,137.6434419255326,5.218866333646745,Fm-3m,225,1.22,1.22,1.0,1.96,3.44,1.48,0.9,0.9,1.0,0.69,0.7244301099015853,0.3668639053254439,3,3,4,4,4.0,6,4,14,6,0.5,5.5,3.5,8.5,12.0,7.0,3.5,1.5,5.0,2.0,2.3,2.4,2.09,2.245,-2.5113778513888856,0.0,5.0
mp-aaaieinw,ZrSn(PbO3)2,Pb,Pb,Zr,Sn,-2.147000887750002,0.06941842199999826,3.0358,0.0,139.7065814007483,8.56177826225418,Fm-3m,225,1.8,1.8,1.33,1.96,3.44,1.645,1.19,1.19,0.72,0.69,0.8700268709136142,0.04255319148936174,2,2,4,4,4.0,4,4,14,8,1.5,6.5,2.5,7.5,10.0,5.0,2.5,2.5,5.0,0.0,2.59,2.12,2.09,2.105,-2.1300088458095816,0.0,5.0
mp-aaaieiof,TiSn(PbO3)2,Pb,Pb,Ti,Sn,-2.041769993916668,0.05162881175001033,3.0928999999999993,0.0,128.95177614100666,8.717528466536024,Fm-3m,225,1.8,1.8,1.54,1.96,3.44,1.75,1.19,1.19,0.86,0.69,0.8420260061026014,0.2193548387096775,2,2,4,4,4.0,4,4,14,8,1.5,6.5,2.5,7.5,10.0,5.0,2.5,2.5,5.0,0.0,2.59,2.26,2.09,2.175,-2.034629684197367,0.0,5.0
mp-aaaieiop,Sr2ScVO6,Sr,Sr,Sc,V,-3.2323073897500008,0.05719612812501751,1.5700000000000003,1e-07,123.0326167826776,4.955109094561375,Fm-3m,225,0.95,0.95,1.36,1.63,3.44,1.495,1.18,1.18,0.745,0.79,0.8416772758760289,0.05863192182410428,2,2,3,5,4.0,4,3,5,8,3.5,4.5,0.0,0.5,0.5,4.5,0.0,0.5,0.5,0.5,2.58,2.145,2.19,2.1675,-3.2461655816552137,1e-07,0.5
mp-aaaieiox,MgZr(BiO3)2,Bi,Bi,Mg,Zr,-2.022649813250001,0.36963818624999334,1.1964000000000006,0.0,127.84799496138012,8.176009555423573,Fm-3m,225,1.9,1.9,1.31,1.33,3.44,1.32,1.03,1.03,0.72,0.72,0.8105044708883538,0.0,3,3,4,4,4.0,6,4,4,6,3.0,3.0,1.0,1.0,2.0,3.0,1.0,1.0,2.0,0.0,2.4299999999999997,2.12,2.12,2.12,-2.004657815741336,0.0,2.0
mp-aaaieioi,CaSn(BiO3)2,Bi,Bi,Ca,Sn,-1.3913535702500013,0.5227698634999989,1.0021000000000004,0.0,142.25536196461314,7.8529179680853725,Fm-3m,225,1.9,1.9,1.0,1.96,3.44,1.48,1.03,1.03,1.0,0.69,0.7653761595916748,0.3668639053254439,3,3,4,4,4.0,6,4,14,6,0.5,5.5,3.5,8.5,12.0,7.0,3.5,1.5,5.0,2.0,2.4299999999999997,2.4,2.09,2.245,-1.385207579832469,0.0,5.0
mp-aaaieiph,Lu2MgTiO6,Lu,Lu,Mg,Ti,-3.17490950575,0.4777910372500003,3.4392000000000005,0.0,109.05090180352327,7.889244955087764,Fm-3m,225,1.0,1.0,1.31,1.54,3.44,1.425,0.861,0.861,0.72,0.86,0.7300312476085772,0.17721518987341772,3,3,4,4,4.0,6,4,4,6,3.0,3.0,1.0,1.0,2.0,3.0,1.0,1.0,2.0,0.0,2.261,2.12,2.26,2.19,-3.158652263373221,0.0,2.0
mp-aaaieioo,Ca2MgMoO6,Ca,Ca,Mg,Mo,-2.819914511750001,0.09012773349999925,2.3987000000000003,0.0,117.36455704267102,4.193595366677553,Fm-3m,225,1.0,1.0,1.31,2.16,3.44,1.735,1.0,1.0,0.72,0.69,0.8062025058658974,0.04255319148936174,2,2,4,6,5.0,4,4,6,8,3.5,4.5,0.5,1.5,2.0,3.0,0.5,1.5,2.0,1.0,2.4,2.12,2.09,2.105,-2.8073219349115286,0.0,2.0
mp-aaaieipr,ZrZn(BiO3)2,Bi,Bi,Zr,Zn,-1.6903625452500024,0.43156580824999224,0.3755000000000006,0.0,130.294760000224,8.546323937608557,Fm-3m,225,1.9,1.9,1.33,1.65,3.44,1.49,1.03,1.03,0.72,0.74,0.8066992855790189,0.02739726027397263,3,3,4,12,8.0,6,4,12,6,1.0,5.0,3.0,7.0,10.0,5.0,3.0,3.0,6.0,0.0,2.4299999999999997,2.12,2.1399999999999997,2.13,-1.7069424454684439,0.0,6.0
mp-aaaieipw,ZnSn(BiO3)2,Bi,Bi,Zn,Sn,-1.190251800750002,0.3713926106250014,0.5140000000000002,0.0,127.03821750789888,9.124677801080896,Fm-3m,225,1.9,1.9,1.65,1.96,3.44,1.805,1.03,1.03,0.74,0.69,0.8124205571079481,0.06993006993006999,3,3,12,4,8.0,6,12,14,6,2.5,3.5,9.5,10.0,19.5,14.5,0.5,0.0,0.5,0.5,2.4299999999999997,2.1399999999999997,2.09,2.1149999999999998,-1.2014554215539415,0.0,0.5
mp-aaaieipk,Lu2ZnGeO6,Lu,Lu,Zn,Ge,-2.4690200080833336,0.49328570512499503,2.7599,0.0,107.12755246471944,9.052018708854757,Fm-3m,225,1.0,1.0,1.65,2.01,3.44,1.8299999999999998,0.861,0.861,0.74,0.73,0.7488376731909996,0.01360544217687076,3,3,12,4,8.0,6,12,4,6,5.0,1.0,7.0,3.0,10.0,5.0,3.0,3.0,6.0,0.0,2.261,2.1399999999999997,2.13,2.135,-2.454074135980868,0.0,6.0
mp-aaaieios,Y2MgZrO6,Y,Y,Mg,Zr,-3.193732639250001,0.5112463887083312,2.9094,0.0,123.31165970214758,5.242889983734063,Fm-3m,225,1.22,1.22,1.31,1.33,3.44,1.32,0.9,0.9,0.72,0.72,0.7671441494004995,0.0,3,3,4,4,4.0,6,4,4,6,3.0,3.0,1.0,1.0,2.0,3.0,1.0,1.0,2.0,0.0,2.3,2.12,2.12,2.12,-3.181525233941332,0.0,2.0
mp-aaaieipd,CaLu2SnO6,Lu,Lu,Ca,Sn,-2.327282593583334,0.9583824590000098,2.389,0.0,135.09730954726732,7.432853639053861,Fm-3m,225,1.0,1.0,1.0,1.96,3.44,1.48,0.861,0.861,1.0,0.69,0.7121462949945585,0.3668639053254439,3,3,4,4,4.0,6,4,14,6,0.5,5.5,3.5,8.5,12.0,7.0,3.5,1.5,5.0,2.0,2.261,2.4,2.09,2.245,-2.327700625462617,0.0,5.0
mp-aaaieiov,CaGe(BiO3)2,Bi,Bi,Ca,Ge,-1.567850249250003,0.37306079837498984,1.3320999999999996,0.0,127.61628554703935,8.154277870277634,Fm-3m,225,1.9,1.9,1.0,2.01,3.44,1.505,1.03,1.03,1.0,0.73,0.7586178712067595,0.31213872832369943,3,3,4,4,4.0,6,4,4,6,3.0,3.0,1.0,1.0,2.0,3.0,1.0,1.0,2.0,0.0,2.4299999999999997,2.4,2.13,2.2649999999999997,-1.5655037015838273,0.0,2.0
mp-aaaieioy,CaLu2GeO6,Lu,Lu,Ca,Ge,-2.580229675583334,0.735453859437504,3.2401000000000004,0.0,119.98877124862213,7.73120254784091,Fm-3m,225,1.0,1.0,1.0,2.01,3.44,1.505,0.861,0.861,1.0,0.73,0.7058580274890879,0.31213872832369943,3,3,4,4,4.0,6,4,4,6,3.0,3.0,1.0,1.0,2.0,3.0,1.0,1.0,2.0,0.0,2.261,2.4,2.13,2.2649999999999997,-2.5546763776675654,0.0,2.0
mp-aaaieiqc,Y2MgSnO6,Y,Y,Mg,Sn,-2.715225402750002,0.43634568806249874,3.0604000000000005,0.0,119.87320418402913,5.774026373031281,Fm-3m,225,1.22,1.22,1.31,1.96,3.44,1.635,0.9,0.9,0.72,0.69,0.7726107347881516,0.04255319148936174,3,3,4,4,4.0,6,4,14,6,0.5,5.5,3.5,8.5,12.0,7.0,3.5,1.5,5.0,2.0,2.3,2.12,2.09,2.105,-2.7270568305267187,0.0,5.0
mp-aaaieipl,Lu2ZnSnO6,Lu,Lu,Zn,Sn,-2.217568501083335,0.7111962835833232,1.8477999999999994,0.0,120.19176865479736,8.704603116827878,Fm-3m,225,1.0,1.0,1.65,1.96,3.44,1.805,0.861,0.861,0.74,0.69,0.7559188805024984,0.06993006993006999,3,3,12,4,8.0,6,12,14,6,2.5,3.5,9.5,10.0,19.5,14.5,0.5,0.0,0.5,0.5,2.261,2.1399999999999997,2.09,2.1149999999999998,-2.206626553459934,0.0,0.5
mp-aaaieipx,Y2MgGeO6,Y,Y,Mg,Ge,-2.93800154475,0.22303902896875627,3.325,0.0,107.49634723233756,5.727171418602407,Fm-3m,225,1.22,1.22,1.31,2.01,3.44,1.66,0.9,0.9,0.72,0.73,0.7653391043430866,0.013793103448275874,3,3,4,4,4.0,6,4,4,6,3.0,3.0,1.0,1.0,2.0,3.0,1.0,1.0,2.0,0.0,2.3,2.12,2.13,2.125,-2.942045397798678,0.0,2.0
mp-aaaieirp,ZnMo(PbO3)2,Pb,Pb,Zn,Mo,-1.6778308687499988,0.10418032300000135,2.3053999999999997,0.0,126.99679725268355,8.783367023405168,Fm-3m,225,1.8,1.8,1.65,2.16,3.44,1.905,1.19,1.19,0.74,0.69,0.8659132686870724,0.06993006993006999,2,2,12,6,9.0,4,12,6,8,5.5,2.5,6.5,3.5,10.0,5.0,3.5,3.5,7.0,0.0,2.59,2.1399999999999997,2.09,2.1149999999999998,-1.682184492814543,0.0,7.0
mp-aaaieiqp,CaY2GeO6,Y,Y,Ca,Ge,-2.724397490250001,0.5149289544687523,2.9472,0.0,122.73885698841524,5.2293275817930995,Fm-3m,225,1.22,1.22,1.0,2.01,3.44,1.505,0.9,0.9,1.0,0.73,0.7180333760393197,0.31213872832369943,3,3,4,4,4.0,6,4,4,6,3.0,3.0,1.0,1.0,2.0,3.0,1.0,1.0,2.0,0.0,2.3,2.4,2.13,2.2649999999999997,-2.7024219532102576,0.0,2.0
mp-aaaieirx,Sr2AlVO6,Sr,Sr,Al,V,-3.1189533382500003,0.06830458062497868,1.4630999999999998,0.0,109.61262334001005,5.289471882075116,Fm-3m,225,0.95,0.95,1.61,1.63,3.44,1.62,1.18,1.18,0.535,0.79,0.8845263008297176,0.38490566037735846,2,2,3,5,4.0,4,13,5,8,6.0,2.0,7.0,3.0,10.0,5.0,3.0,3.0,6.0,0.0,2.58,1.935,2.19,2.0625,-3.1024450112702397,0.0,6.0
mp-aaaieiqy,Y2ZnGeO6,Y,Y,Zn,Ge,-2.5830390817500004,0.30639971981250014,2.6069000000000004,0.0,110.18342166894519,6.206966483732347,Fm-3m,225,1.22,1.22,1.65,2.01,3.44,1.8299999999999998,0.9,0.9,0.74,0.73,0.7617543778590441,0.01360544217687076,3,3,12,4,8.0,6,12,4,6,5.0,1.0,7.0,3.0,10.0,5.0,3.0,3.0,6.0,0.0,2.3,2.1399999999999997,2.13,2.135,-2.5667688890299876,0.0,6.0
mp-aaaieirv,Lu2MgSnO6,Lu,Lu,Mg,Sn,-2.578545608083334,0.620578822583326,3.3384,0.0,116.95545234706206,8.361874769708276,Fm-3m,225,1.0,1.0,1.31,1.96,3.44,1.635,0.861,0.861,0.72,0.69,0.7595099440678309,0.04255319148936174,3,3,4,4,4.0,6,4,14,6,0.5,5.5,3.5,8.5,12.0,7.0,3.5,1.5,5.0,2.0,2.261,2.12,2.09,2.105,-2.5524360319402475,0.0,5.0
mp-aaaieirr,Lu2ZrZnO6,Lu,Lu,Zr,Zn,-2.6964422055833355,0.808710865916666,1.5697999999999999,0.0,123.53683130553752,8.099447400642681,Fm-3m,225,1.0,1.0,1.33,1.65,3.44,1.49,0.861,0.861,0.72,0.74,0.7505955081045934,0.02739726027397263,3,3,4,12,8.0,6,4,12,6,1.0,5.0,3.0,7.0,10.0,5.0,3.0,3.0,6.0,0.0,2.261,2.12,2.1399999999999997,2.13,-2.6960221287506805,0.0,6.0
mp-aaaieirw,CaLu2TiO6,Lu,Lu,Ca,Ti,-2.8800542372500018,0.8742135204999997,2.9414,0.0,126.27313886250832,7.020661461505088,Fm-3m,225,1.0,1.0,1.0,1.54,3.44,1.27,0.861,0.861,1.0,0.86,0.6861667091256582,0.15053763440860218,3,3,4,4,4.0,6,4,4,6,3.0,3.0,1.0,1.0,2.0,3.0,1.0,1.0,2.0,0.0,2.261,2.4,2.26,2.33,-2.8664151778241025,0.0,2.0
mp-aaaieish,CaZr(BiO3)2,Bi,Bi,Ca,Zr,-1.846511379750001,0.623362049499999,0.6739999999999995,0.0,146.9627904963418,7.290812235949854,Fm-3m,225,1.9,1.9,1.0,1.33,3.44,1.165,1.03,1.03,1.0,0.72,0.7602962293288984,0.32558139534883723,3,3,4,4,4.0,6,4,4,6,3.0,3.0,1.0,1.0,2.0,3.0,1.0,1.0,2.0,0.0,2.4299999999999997,2.4,2.12,2.26,-1.8527167148818702,0.0,2.0
mp-aaaieirz,Y2ZrZnO6,Y,Y,Zr,Zn,-2.849034893250001,0.5855844887083332,1.5134999999999996,0.0,126.1278510544364,5.666982014229437,Fm-3m,225,1.22,1.22,1.33,1.65,3.44,1.49,0.9,0.9,0.72,0.74,0.7635425336756146,0.02739726027397263,3,3,4,12,8.0,6,4,12,6,1.0,5.0,3.0,7.0,10.0,5.0,3.0,3.0,6.0,0.0,2.3,2.12,2.1399999999999997,2.13,-2.8425515662002323,0.0,6.0
mp-aaaieisa,VGa(PbO3)2,Pb,Pb,V,Ga,-1.862744104250001,0.12365210974999741,1.2815000000000003,0.0,117.00468308091091,8.956062712405911,Fm-3m,225,1.8,1.8,1.63,1.81,3.44,1.72,1.19,1.19,0.79,0.62,0.8700268709136142,0.2411347517730497,2,2,5,3,4.0,4,5,13,8,2.0,6.0,3.0,7.0,10.0,5.0,3.0,3.0,6.0,0.0,2.59,2.19,2.02,2.105,-1.8653469653373547,0.0,6.0
mp-aaaieita,Lu2MgGeO6,Lu,Lu,Mg,Ge,-2.837030491083334,0.40036717293750534,3.5986000000000002,0.0,104.31146722052385,8.642058589299603,Fm-3m,225,1.0,1.0,1.31,2.01,3.44,1.66,0.861,0.861,0.72,0.73,0.7523616151824866,0.013793103448275874,3,3,4,4,4.0,6,4,4,6,3.0,3.0,1.0,1.0,2.0,3.0,1.0,1.0,2.0,0.0,2.261,2.12,2.13,2.125,-2.83509057178348,0.0,2.0
mp-aaaieism,Sr2VGaO6,Sr,Sr,V,Ga,-2.792051254249999,0.08034900262499711,1.6684999999999999,6e-07,114.51887423205326,5.682615725650955,Fm-3m,225,0.95,0.95,1.63,1.81,3.44,1.72,1.18,1.18,0.79,0.62,0.8666676938058397,0.2411347517730497,2,2,5,3,4.0,4,5,13,8,2.0,6.0,3.0,7.0,10.0,5.0,3.0,3.0,6.0,0.0,2.58,2.19,2.02,2.105,-2.780148113741261,6e-07,6.0
mp-aaaieiti,ZnGe(BiO3)2,Bi,Bi,Zn,Ge,-1.345473104750002,0.2319586206875215,1.2817999999999996,0.0,115.08110294269355,9.407989153677173,Fm-3m,225,1.9,1.9,1.65,2.01,3.44,1.8299999999999998,1.03,1.03,0.74,0.73,0.8048100600858596,0.01360544217687076,3,3,12,4,8.0,6,12,4,6,5.0,1.0,7.0,3.0,10.0,5.0,3.0,3.0,6.0,0.0,2.4299999999999997,2.1399999999999997,2.13,2.135,-1.3618375184146714,0.0,6.0
mp-aaaieisy,Y2ZnSnO6,Y,Y,Zn,Sn,-2.363768870749999,0.5174425740625033,1.7454,0.0,122.81411478505713,6.191518308771418,Fm-3m,225,1.22,1.22,1.65,1.96,3.44,1.805,0.9,0.9,0.74,0.69,0.7689577289499099,0.06993006993006999,3,3,12,4,8.0,6,12,14,6,2.5,3.5,9.5,10.0,19.5,14.5,0.5,0.0,0.5,0.5,2.3,2.1399999999999997,2.09,2.1149999999999998,-2.32192112523629,0.0,0.5
mp-aaaieiuq,VIn(PbO3)2,Pb,Pb,V,In,-1.7836237572499982,0.14469433331249704,1.7202000000000002,2.1e-06,128.60093369521618,8.730755340328688,Fm-3m,225,1.8,1.8,1.63,1.78,3.44,1.705,1.19,1.19,0.79,0.8,0.8343537873681813,0.012578616352201269,2,2,5,3,4.0,4,5,13,8,2.0,6.0,3.0,7.0,10.0,5.0,3.0,3.0,6.0,0.0,2.59,2.19,2.2,2.1950000000000003,-1.8037441048799923,2.1e-06,6.0
mp-aaaieiuf,Ca2YNbO6,Ca,Ca,Y,Nb,-3.1186922162500013,0.23833980243749942,3.3926,0.0,143.5520795810434,4.1407568259637175,Fm-3m,225,1.0,1.0,1.22,1.6,3.44,1.4100000000000001,1.0,1.0,0.9,0.72,0.767898766899418,0.22222222222222227,2,2,3,5,4.0,4,3,5,8,3.5,4.5,0.0,0.5,0.5,4.5,0.0,0.5,0.5,0.5,2.4,2.3,2.12,2.21,-3.1429759885057558,0.0,0.5
mp-aaaieiuv,YNb(PbO3)2,Pb,Pb,Y,Nb,-2.3956172062500003,0.13744548699999726,2.6836,0.0,148.15065987216084,7.758584909108332,Fm-3m,225,1.8,1.8,1.22,1.6,3.44,1.4100000000000001,1.19,1.19,0.9,0.72,0.8286907526122886,0.22222222222222227,2,2,3,5,4.0,4,3,5,8,3.5,4.5,0.0,0.5,0.5,4.5,0.0,0.5,0.5,0.5,2.59,2.3,2.12,2.21,-2.372454988779999,0.0,0.5
mp-aaaieivd,MgGe(BiO3)2,Bi,Bi,Mg,Ge,-1.6873587487500032,0.17526642787498758,2.3462000000000005,0.0,113.04898047527738,8.973340282454151,Fm-3m,225,1.9,1.9,1.31,2.01,3.44,1.66,1.03,1.03,0.72,0.73,0.8085974015450871,0.013793103448275874,3,3,4,4,4.0,6,4,4,6,3.0,3.0,1.0,1.0,2.0,3.0,1.0,1.0,2.0,0.0,2.4299999999999997,2.12,2.13,2.125,-1.6715254948707445,0.0,2.0
mp-aaaieius,Ca2ZnMoO6,Ca,Ca,Zn,Mo,-2.4933140577499997,0.14636854150000111,2.2964,0.0,119.39863190825193,4.6938080575818,Fm-3m,225,1.0,1.0,1.65,2.16,3.44,1.905,1.0,1.0,0.74,0.69,0.8023906736868625,0.06993006993006999,2,2,12,6,9.0,4,12,6,8,5.5,2.5,6.5,3.5,10.0,5.0,3.5,3.5,7.0,0.0,2.4,2.1399999999999997,2.09,2.1149999999999998,-2.4808316614089567,0.0,7.0
mp-aaaieivv,Ca2ScNbO6,Ca,Ca,Sc,Nb,-3.2198412747500003,0.12532073831249946,3.1692,0.0,130.38526453930368,3.999176334252848,Fm-3m,225,1.0,1.0,1.36,1.6,3.44,1.48,1.0,1.0,0.745,0.72,0.7958059905499245,0.03412969283276454,2,2,3,5,4.0,4,3,5,8,3.5,4.5,0.0,0.5,0.5,4.5,0.0,0.5,0.5,0.5,2.4,2.145,2.12,2.1325000000000003,-3.207274364564715,0.0,0.5
mp-aaaieiud,Ca2VInO6,Ca,Ca,V,In,-2.5761830912500003,0.19751725949999432,1.9338000000000002,7e-07,122.26150749320968,4.6438006509137875,Fm-3m,225,1.0,1.0,1.63,1.78,3.44,1.705,1.0,1.0,0.79,0.8,0.7731463666732182,0.012578616352201269,2,2,5,3,4.0,4,5,13,8,2.0,6.0,3.0,7.0,10.0,5.0,3.0,3.0,6.0,0.0,2.4,2.19,2.2,2.1950000000000003,-2.576428026706939,7e-07,6.0
mp-aaaieivr,Ca2ScVO6,Ca,Ca,Sc,V,-3.1479817067499996,0.1299370650000018,1.5715999999999997,7e-07,118.11178176924876,3.8247610420517506,Fm-3m,225,1.0,1.0,1.36,1.63,3.44,1.495,1.0,1.0,0.745,0.79,0.7829556054660733,0.05863192182410428,2,2,3,5,4.0,4,3,5,8,3.5,4.5,0.0,0.5,0.5,4.5,0.0,0.5,0.5,0.5,2.4,2.145,2.19,2.1675,-3.165926794179716,7e-07,0.5
mp-aaaieixf,ZnPb2WO6,Pb,Pb,Zn,W,-1.7667601687499996,0.05078018575000698,3.0221,0.0,128.38210770428574,9.825519208104192,Fm-3m,225,1.8,1.8,1.65,1.7,3.44,1.6749999999999998,1.19,1.19,0.74,0.66,0.8720983634634086,0.11428571428571424,2,2,12,6,9.0,4,12,6,8,5.5,2.5,6.5,3.5,10.0,5.0,3.5,3.5,7.0,0.0,2.59,2.1399999999999997,2.06,2.0999999999999996,-1.7652440775861251,0.0,7.0
mp-aaaieiwz,MgMo(PbO3)2,Pb,Pb,Mg,Mo,-1.9946704637500006,0.057700373999995946,2.1881000000000004,0.0,125.74387612377772,8.328077004303372,Fm-3m,225,1.8,1.8,1.31,2.16,3.44,1.735,1.19,1.19,0.72,0.69,0.8700268709136142,0.04255319148936174,2,2,4,6,5.0,4,4,6,8,3.5,4.5,0.5,1.5,2.0,3.0,0.5,1.5,2.0,1.0,2.59,2.12,2.09,2.105,-2.008213697980243,0.0,2.0
mp-aaaieiwk,CaY2ZrO6,Y,Y,Ca,Zr,-2.9493007677500005,0.8122670113750026,2.3989999999999996,0.0,142.14176040314754,4.732607407957724,Fm-3m,225,1.22,1.22,1.0,1.33,3.44,1.165,0.9,0.9,1.0,0.72,0.7196219454553359,0.32558139534883723,3,3,4,4,4.0,6,4,4,6,3.0,3.0,1.0,1.0,2.0,3.0,1.0,1.0,2.0,0.0,2.3,2.4,2.12,2.26,-2.9297983730816455,0.0,2.0
mp-aaaieixh,Sr2ScNbO6,Sr,Sr,Sc,Nb,-3.3394809717499983,0.0,3.1532000000000004,0.0,134.6319928635217,5.045787012888609,Fm-3m,225,0.95,0.95,1.36,1.6,3.44,1.48,1.18,1.18,0.745,0.72,0.8554914398411689,0.03412969283276454,2,2,3,5,4.0,4,3,5,8,3.5,4.5,0.0,0.5,0.5,4.5,0.0,0.5,0.5,0.5,2.58,2.145,2.12,2.1325000000000003,-3.342422119380041,0.0,0.5
mp-aaaieixu,Ca2LuVO6,Ca,Ca,Lu,V,-3.1375022539166677,0.18596057437500235,1.6645999999999996,6.5e-06,124.55292766191597,5.360274102487258,Fm-3m,225,1.0,1.0,1.0,1.63,3.44,1.315,1.0,1.0,0.861,0.79,0.7625505616031067,0.08600847970926705,2,2,4,5,4.5,4,4,5,8,3.75,4.25,0.25,0.75,1.0,4.0,0.25,0.75,1.0,0.5,2.4,2.261,2.19,2.2255000000000003,-3.1540121978525177,6.5e-06,1.0
mp-aaaieixk,Ca2YVO6,Ca,Ca,Y,V,-3.03890599825,0.2446331955625034,1.6977000000000002,6e-07,129.82456817920738,4.041838444011809,Fm-3m,225,1.0,1.0,1.22,1.63,3.44,1.4249999999999998,1.0,1.0,0.9,0.79,0.7559270712016543,0.1301775147928994,2,2,3,5,4.0,4,3,5,8,3.5,4.5,0.0,0.5,0.5,4.5,0.0,0.5,0.5,0.5,2.4,2.3,2.19,2.245,-3.04533371508306,6e-07,0.5
mp-aaaieizb,Sr2LuVO6,Sr,Sr,Lu,V,-3.243439985916666,0.09211009000000203,1.6676000000000002,1.11e-05,129.00342670798068,6.3992759760796005,Fm-3m,225,0.95,0.95,1.0,1.63,3.44,1.315,1.18,1.18,0.861,0.79,0.8197418537233399,0.08600847970926705,2,2,4,5,4.5,4,4,5,8,3.75,4.25,0.25,0.75,1.0,4.0,0.25,0.75,1.0,0.5,2.58,2.261,2.19,2.2255000000000003,-3.2351813568311534,1.11e-05,1.0
mp-aaaieizj,TiZn(BiO3)2,Bi,Bi,Ti,Zn,-1.7309610564166662,0.2803741965833346,1.1028000000000002,0.0,119.48674240288989,8.716826762351513,Fm-3m,225,1.9,1.9,1.54,1.65,3.44,1.595,1.03,1.03,0.86,0.74,0.7810315810378682,0.15,3,3,4,12,8.0,6,4,12,6,1.0,5.0,3.0,7.0,10.0,5.0,3.0,3.0,6.0,0.0,2.4299999999999997,2.26,2.1399999999999997,2.1999999999999997,-1.7422355474727458,0.0,6.0
mp-aaaieizu,MgSn(BiO3)2,Bi,Bi,Mg,Sn,-1.5301440207500037,0.30186003662500127,1.3780000000000001,0.0,124.71697385114281,8.74722960000947,Fm-3m,225,1.9,1.9,1.31,1.96,3.44,1.635,1.03,1.03,0.72,0.69,0.816280037189221,0.04255319148936174,3,3,4,4,4.0,6,4,14,6,0.5,5.5,3.5,8.5,12.0,7.0,3.5,1.5,5.0,2.0,2.4299999999999997,2.12,2.09,2.105,-1.5465884286613323,0.0,5.0
mp-aaaieizq,CaY2TiO6,Y,Y,Ca,Ti,-3.0416822819166667,0.6327382068750005,2.7812,0.0,128.97886345200567,4.657392225172242,Fm-3m,225,1.22,1.22,1.0,1.54,3.44,1.27,0.9,0.9,1.0,0.86,0.698002402029639,0.15053763440860218,3,3,4,4,4.0,6,4,4,6,3.0,3.0,1.0,1.0,2.0,3.0,1.0,1.0,2.0,0.0,2.3,2.4,2.26,2.33,-3.0368085376868286,0.0,2.0
mp-aaaieizt,YV(PbO3)2,Pb,Pb,Y,V,-2.2885395172499985,0.18008152050000348,1.3930999999999996,2e-07,135.60099086725825,7.962737914305041,Fm-3m,225,1.8,1.8,1.22,1.63,3.44,1.4249999999999998,1.19,1.19,0.9,0.79,0.8157712976717851,0.1301775147928994,2,2,3,5,4.0,4,3,5,8,3.5,4.5,0.0,0.5,0.5,4.5,0.0,0.5,0.5,0.5,2.59,2.3,2.19,2.245,-2.283640185827824,2e-07,0.5
mp-aaaiejar,CaMo(PbO3)2,Pb,Pb,Ca,Mo,-1.9943726572499998,0.17417660750000152,2.0982000000000003,0.0,142.3311880305794,7.541540127395439,Fm-3m,225,1.8,1.8,1.0,2.16,3.44,1.58,1.19,1.19,1.0,0.69,0.8157712976717851,0.3668639053254439,2,2,4,6,5.0,4,4,6,8,3.5,4.5,0.5,1.5,2.0,3.0,0.5,1.5,2.0,1.0,2.59,2.4,2.09,2.245,-2.0045115207574224,0.0,2.0
mp-aaaieizi,CaLu2ZrO6,Lu,Lu,Ca,Zr,-2.768142250083332,1.0732727980000014,2.0368999999999997,0.0,139.71287030323737,6.860620284774485,Fm-3m,225,1.0,1.0,1.0,1.33,3.44,1.165,0.861,0.861,1.0,0.72,0.7074196602932673,0.32558139534883723,3,3,4,4,4.0,6,4,4,6,3.0,3.0,1.0,1.0,2.0,3.0,1.0,1.0,2.0,0.0,2.261,2.4,2.12,2.26,-2.7775630161956983,0.0,2.0
mp-aaaiejao,NbAl(PbO3)2,Pb,Pb,Nb,Al,-2.31758881225,0.027124285125001535,2.8446000000000007,0.0,121.99744098661536,8.578964665969893,Fm-3m,225,1.8,1.8,1.6,1.61,3.44,1.605,1.19,1.19,0.72,0.535,0.9032831384824453,0.29482071713147406,2,2,5,3,4.0,4,5,13,8,2.0,6.0,3.0,7.0,10.0,5.0,3.0,3.0,6.0,0.0,2.59,2.12,1.935,2.0275,-2.312947813502847,0.0,6.0
mp-aaaiejcz,Y2MgTiO6,Y,Y,Mg,Ti,-3.2937862274166663,0.30743547749998434,3.1615,0.0,112.12313231250396,5.12395133162703,Fm-3m,225,1.22,1.22,1.31,1.54,3.44,1.425,0.9,0.9,0.72,0.86,0.7426235601502553,0.17721518987341772,3,3,4,4,4.0,6,4,4,6,3.0,3.0,1.0,1.0,2.0,3.0,1.0,1.0,2.0,0.0,2.3,2.12,2.26,2.19,-3.3227479142466128,0.0,2.0
mp-aaaiejbl,LuNb(PbO3)2,Pb,Pb,Lu,Nb,-2.4699209539166644,0.08056293300000306,2.8641000000000005,0.0,142.70029114468593,9.056375186645155,Fm-3m,225,1.8,1.8,1.0,1.6,3.44,1.3,1.19,1.19,0.861,0.72,0.8360678216266413,0.17836812144212527,2,2,4,5,4.5,4,4,5,8,3.75,4.25,0.25,0.75,1.0,4.0,0.25,0.75,1.0,0.5,2.59,2.261,2.12,2.1905,-2.4980702294041954,0.0,1.0
mp-aaaiejbu,Y2TiZnO6,Y,Y,Ti,Zn,-2.9503443354166663,0.3805177234999988,2.2315000000000005,0.0,114.74911854435211,5.6015094421775204,Fm-3m,225,1.22,1.22,1.54,1.65,3.44,1.595,0.9,0.9,0.86,0.74,0.7392479985132085,0.15,3,3,4,12,8.0,6,4,12,6,1.0,5.0,3.0,7.0,10.0,5.0,3.0,3.0,6.0,0.0,2.3,2.26,2.1399999999999997,2.1999999999999997,-2.964713219841715,0.0,6.0
mp-aaaiejay,AlV(PbO3)2,Pb,Pb,Al,V,-2.175864390250001,0.12581656649999218,0.9485999999999999,0.0,112.6046097020353,8.675731973899138,Fm-3m,225,1.8,1.8,1.61,1.63,3.44,1.62,1.19,1.19,0.535,0.79,0.8879546973445614,0.38490566037735846,2,2,3,5,4.0,4,13,5,8,6.0,2.0,7.0,3.0,10.0,5.0,3.0,3.0,6.0,0.0,2.59,1.935,2.19,2.0625,-2.180133333284238,0.0,6.0
mp-aaaiejbd,CaPb2WO6,Pb,Pb,Ca,W,-2.094689030250001,0.11566457099999994,2.7931,0.0,143.70280179541143,8.485274711668728,Fm-3m,225,1.8,1.8,1.0,1.7,3.44,1.35,1.19,1.19,1.0,0.66,0.8212585485529855,0.4096385542168674,2,2,4,6,5.0,4,4,6,8,3.5,4.5,0.5,1.5,2.0,3.0,0.5,1.5,2.0,1.0,2.59,2.4,2.06,2.23,-2.088470878938041,0.0,2.0
mp-aaaiejbq,Lu2MgZrO6,Lu,Lu,Mg,Zr,-3.0499624035833337,0.7255503139166635,3.1921999999999997,0.0,120.37872408196804,7.744933969208251,Fm-3m,225,1.0,1.0,1.31,1.33,3.44,1.32,0.861,0.861,0.72,0.72,0.7541360529541433,0.0,3,3,4,4,4.0,6,4,4,6,3.0,3.0,1.0,1.0,2.0,3.0,1.0,1.0,2.0,0.0,2.261,2.12,2.12,2.12,-3.020455279244343,0.0,2.0
mp-aaaiejbr,Lu2TiZnO6,Lu,Lu,Ti,Zn,-2.8204423027500014,0.5554356164999952,2.4032,0.0,111.92784412686315,8.296274104391875,Fm-3m,225,1.0,1.0,1.54,1.65,3.44,1.595,0.861,0.861,0.86,0.74,0.7267129237558108,0.15,3,3,4,12,8.0,6,4,12,6,1.0,5.0,3.0,7.0,10.0,5.0,3.0,3.0,6.0,0.0,2.261,2.26,2.1399999999999997,2.1999999999999997,-2.803289110285961,0.0,6.0
mp-aaaiejew,LuV(PbO3)2,Pb,Pb,Lu,V,-2.3592790049166665,0.12061150837498857,1.3223000000000003,1e-07,130.6961633656862,9.355003403322847,Fm-3m,225,1.8,1.8,1.0,1.63,3.44,1.315,1.19,1.19,0.861,0.79,0.8229191477300194,0.08600847970926705,2,2,4,5,4.5,4,4,5,8,3.75,4.25,0.25,0.75,1.0,4.0,0.25,0.75,1.0,0.5,2.59,2.261,2.19,2.2255000000000003,-2.362477775515935,1e-07,1.0
mp-aaaiejef,Ca2LuNbO6,Ca,Ca,Lu,Nb,-3.2149179949166666,0.18203765824999785,3.3861,0.0,137.5219595289566,5.361486687821855,Fm-3m,225,1.0,1.0,1.0,1.6,3.44,1.3,1.0,1.0,0.861,0.72,0.7747346609667719,0.17836812144212527,2,2,4,5,4.5,4,4,5,8,3.75,4.25,0.25,0.75,1.0,4.0,0.25,0.75,1.0,0.5,2.4,2.261,2.12,2.1905,-3.21529831907472,0.0,1.0
mp-1521466,Ca2DyMnO6,Ca,Ca,Dy,Mn,-2.73140718395977,0.19919672716666703,0.0,4.0000001,133.85783312635547,4.882585470057378,Fm-3m,225,1.0,1.0,1.22,1.55,3.44,1.385,1.0,1.0,1.07,0.67,0.7476018831928255,0.45977011494252873,2,2,4,7,5.5,4,4,7,8,3.25,4.75,0.75,2.25,3.0,2.0,0.75,2.25,3.0,1.5,2.4,2.4699999999999998,2.07,2.2699999999999996,-2.751457771252526,4.0000001,4.0000001
mp-1521474,Sr2PrGeO6,Sr,Sr,Pr,Ge,-2.7803392086666663,0.1900625111875014,0.0,0.9999999,149.448991620013,5.386472309301731,Fm-3m,225,0.95,0.95,1.13,2.01,3.44,1.5699999999999998,1.18,1.18,0.99,0.73,0.8072280953368551,0.3023255813953489,2,2,4,4,4.0,4,4,4,8,4.0,4.0,0.0,0.0,0.0,5.0,0.0,0.0,0.0,0.0,2.58,2.3899999999999997,2.13,2.26,-2.780709471386514,0.9999999,0.9999999
mp-1521476,Ba2SrMnO6,Ba,Ba,Sr,Mn,-2.403894301793103,0.11460186775001979,0.0,0.9999999,159.38121858513105,5.346945399134277,Fm-3m,225,0.89,0.89,0.95,1.55,3.44,1.25,1.35,1.35,1.18,0.67,0.8363628594679593,0.5513513513513512,2,2,4,7,5.5,4,4,7,8,3.25,4.75,0.75,2.25,3.0,2.0,0.75,2.25,3.0,1.5,2.75,2.58,2.07,2.325,-2.409667474571506,0.9999999,3.0
mp-1521512,Sr2NdMnO6,Sr,Sr,Nd,Mn,-2.712296225543105,0.13868688179166178,0.0,1.9999999,147.680559453796,5.289422578530714,Fm-3m,225,0.95,0.95,1.14,1.55,3.44,1.345,1.18,1.18,0.983,0.67,0.8193736786262262,0.3787053841500302,2,2,4,7,5.5,4,4,7,8,3.25,4.75,0.75,2.25,3.0,2.0,0.75,2.25,3.0,1.5,2.58,2.383,2.07,2.2264999999999997,-2.705841854336343,1.9999999,3.0
mp-1521510,Sr2CeFeO6,Sr,Sr,Ce,Fe,-2.8380733959999995,0.09834397099999848,0.0,4.0000001,142.9854700199576,5.425722875824797,Fm-3m,225,0.95,0.95,1.12,1.83,3.44,1.475,1.18,1.18,1.01,0.61,0.8254911744168745,0.49382716049382713,2,2,4,8,6.0,4,4,8,8,3.0,5.0,1.0,3.0,4.0,1.0,1.0,3.0,4.0,2.0,2.58,2.41,2.01,2.21,-2.854618014871046,4.0000001,4.0000001
mp-1521536,Sr2NdNbO6,Sr,Sr,Nd,Nb,-3.3565974245,0.053795465625000816,3.0047000000000006,0.0,619.1550744961047,5.453837489235404,Pn-3,201,0.95,0.95,1.14,1.6,3.44,1.37,1.18,1.18,0.983,0.72,0.8102755920325527,0.30886670581327075,2,2,4,5,4.5,4,4,5,8,3.75,4.25,0.25,0.75,1.0,4.0,0.25,0.75,1.0,0.5,2.58,2.383,2.12,2.2515,-3.3462104942151765,0.0,1.0
mp-1521551,Sr2CeSiO6,Sr,Sr,Ce,Si,-3.3838800430000004,0.18969011874999708,1.763,0.0,131.80757898028435,5.536129310313092,Fm-3m,225,0.95,0.95,1.12,1.9,3.44,1.51,1.18,1.18,1.01,0.4,0.8666676938058397,0.8652482269503545,2,2,4,4,4.0,4,4,4,8,4.0,4.0,0.0,0.0,0.0,5.0,0.0,0.0,0.0,0.0,2.58,2.41,1.7999999999999998,2.105,-3.3532252647399488,0.0,0.0
mp-1521539,CeEu2ZrO6,Eu,Eu,Ce,Zr,-3.560849031250001,0.08656824360000215,0.06769999999999943,55.8365934,639.207778385374,6.559614788582037,Pn-3,201,1.5,1.5,1.12,1.33,3.44,1.225,1.17,1.17,1.01,0.72,0.8023242506178486,0.33526011560693647,3,3,4,4,4.0,6,4,4,6,3.0,3.0,1.0,1.0,2.0,3.0,1.0,1.0,2.0,0.0,2.57,2.41,2.12,2.265,-3.5630242342191383,55.8365934,55.8365934
mp-1521617,Ba2PrSbO6,Ba,Ba,Pr,Sb,-2.988759579166667,0.005696868000000244,3.6483999999999996,6.42e-05,660.7809743771974,6.366099544972133,Pn-3,201,0.89,0.89,1.13,2.05,3.44,1.5899999999999999,1.35,1.35,0.99,0.76,0.8547444607749475,0.26285714285714284,2,2,4,5,4.5,4,4,15,8,1.25,6.75,2.75,8.25,11.0,6.0,2.75,1.75,4.5,1.0,2.75,2.3899999999999997,2.16,2.275,-2.980725344724688,6.42e-05,4.5
mp-1521626,Ca2BiSbO6,Ca,Ca,Bi,Sb,-2.2307483919999997,0.27588994137500134,1.7213000000000003,0.0,152.97516567127906,5.502300288159013,Fm-3m,225,1.0,1.0,1.9,2.05,3.44,1.9749999999999999,1.0,1.0,1.03,0.76,0.7394580718290693,0.3016759776536313,2,2,5,5,5.0,4,15,15,8,4.0,4.0,10.0,10.0,20.0,15.0,0.0,0.0,0.0,0.0,2.4,2.4299999999999997,2.16,2.295,-2.2169455121657773,0.0,0.0
mp-1521653,Eu2HfTiO6,Eu,Eu,Hf,Ti,-3.6220999573333343,0.016994092500002722,0.0034999999999998366,13.9542585,131.99694464296707,7.878703068854133,Fm-3m,225,1.5,1.5,1.3,1.54,3.44,1.42,1.17,1.17,0.71,0.86,0.8316999668876097,0.19108280254777074,3,3,4,4,4.0,6,4,4,6,3.0,3.0,1.0,1.0,2.0,3.0,1.0,1.0,2.0,0.0,2.57,2.11,2.26,2.1849999999999996,-3.630124366771051,13.9542585,13.9542585
mp-1521637,Ca2ZrFeO6,Ca,Ca,Zr,Fe,-2.7998523349999997,0.14949471500000033,0.0,4.0000008,127.11532186738567,4.222321548073954,Fm-3m,225,1.0,1.0,1.33,1.83,3.44,1.58,1.0,1.0,0.72,0.61,0.8218190192967139,0.16541353383458643,2,2,4,8,6.0,4,4,8,8,3.0,5.0,1.0,3.0,4.0,1.0,1.0,3.0,4.0,2.0,2.4,2.12,2.01,2.065,-2.7953704853637915,4.0000008,4.0000008
mp-1521651,Ba2BiSbO6,Ba,Ba,Bi,Sb,-2.4447856007499995,0.008221572250005416,1.7228000000000003,5.1e-05,651.2715433673939,7.15331009218705,Pn-3,201,0.89,0.89,1.9,2.05,3.44,1.9749999999999999,1.35,1.35,1.03,0.76,0.8472957073041419,0.3016759776536313,2,2,5,5,5.0,4,15,15,8,4.0,4.0,10.0,10.0,20.0,15.0,0.0,0.0,0.0,0.0,2.75,2.4299999999999997,2.16,2.295,-2.4445337527343636,5.1e-05,5.1e-05
mp-1521669,Ca2BiSbO6,Ca,Ca,Bi,Sb,-2.3821570710000004,0.12448126237500023,1.9745999999999997,1.6e-06,290.3879091310725,5.797178681942478,P4/mnc,128,1.0,1.0,1.9,2.05,3.44,1.9749999999999999,1.0,1.0,1.03,0.76,0.7394580718290693,0.3016759776536313,2,2,5,5,5.0,4,15,15,8,4.0,4.0,10.0,10.0,20.0,15.0,0.0,0.0,0.0,0.0,2.4,2.4299999999999997,2.16,2.295,-2.380203549029024,1.6e-06,1.6e-06
mp-1521761,Sr2CaMnO6,Sr,Sr,Ca,Mn,-2.4635243087931036,0.11186901128571503,0.0,4.1758338,133.6622323686547,4.550099779364433,Fm-3m,225,0.95,0.95,1.0,1.55,3.44,1.275,1.18,1.18,1.0,0.67,0.8162574923764173,0.3952095808383233,2,2,4,7,5.5,4,4,7,8,3.25,4.75,0.75,2.25,3.0,2.0,0.75,2.25,3.0,1.5,2.58,2.4,2.07,2.235,-2.478984504470213,4.1758338,4.1758338
mp-1521799,Ba2PrNbO6,Ba,Ba,Pr,Nb,-3.340995754916667,0.01342059225000014,2.8965,0.000314,665.9539224209991,6.028866370444899,Pn-3,201,0.89,0.89,1.13,1.6,3.44,1.365,1.35,1.35,0.99,0.72,0.8623253429104237,0.31578947368421056,2,2,4,5,4.5,4,4,5,8,3.75,4.25,0.25,0.75,1.0,4.0,0.25,0.75,1.0,0.5,2.75,2.3899999999999997,2.12,2.255,-3.340505551431488,0.000314,1.0
mp-1521818,Eu2DyMnO6,Eu,Eu,Dy,Mn,-2.9467288739597706,0.30458103383333146,0.0,16.0000002,134.459960806345,7.6242358948991935,Fm-3m,225,1.5,1.5,1.22,1.55,3.44,1.385,1.17,1.17,1.07,0.67,0.8005570165856507,0.45977011494252873,3,3,4,7,5.5,6,4,7,6,2.25,3.75,1.75,3.25,5.0,0.0,1.75,3.25,5.0,1.5,2.57,2.4699999999999998,2.07,2.2699999999999996,-2.9367689081348614,16.0000002,16.0000002
mp-1521886,BaCe2EuO6,Ce,Ce,Ba,Eu,-3.594417544,0.027822664100002115,0.23639999999999972,13.8807564,340.57982615470127,6.489644306308493,Pmc2_1,26,1.12,1.12,0.89,1.5,3.44,1.195,1.01,1.01,1.35,1.17,0.6406493769396915,0.142857142857143,3,3,4,4,4.0,6,4,4,6,3.0,3.0,1.0,1.0,2.0,3.0,1.0,1.0,2.0,0.0,2.41,2.75,2.57,2.66,-3.5653946718440994,13.8807564,13.8807564
mp-1521908,Sr2ZrNbO6,Sr,Sr,Zr,Nb,-3.370765247,0.05418686821430185,0.0,0.0003352,142.17638060379366,5.31842438010496,Fm-3m,225,0.95,0.95,1.33,1.6,3.44,1.465,1.18,1.18,0.72,0.72,0.8605356110666473,0.0,2,2,4,5,4.5,4,4,5,8,3.75,4.25,0.25,0.75,1.0,4.0,0.25,0.75,1.0,0.5,2.58,2.12,2.12,2.12,-3.351579830478296,0.0003352,1.0
mp-1521905,TiNb(SnO3)2,Sn,Sn,Ti,Nb,-2.4277628883333335,0.1863617817499872,0.0,0.0862168,130.12507862604602,6.051182939419721,Fm-3m,225,1.96,1.96,1.54,1.6,3.44,1.57,0.69,0.69,0.86,0.72,0.6748188003104494,0.17721518987341772,2,2,4,5,4.5,4,4,5,8,3.75,4.25,0.25,0.75,1.0,4.0,0.25,0.75,1.0,0.5,2.09,2.26,2.12,2.19,-2.3846992391831026,0.0862168,1.0
mp-1521920,Sr2CrSnO6,Sr,Sr,Cr,Sn,-2.5439687675,0.09728414908333072,0.0,2.0000005,128.122225763378,5.7278335830779925,Fm-3m,225,0.95,0.95,1.66,1.96,3.44,1.81,1.18,1.18,0.73,0.69,0.864613978891608,0.056338028169014134,2,2,6,4,5.0,4,6,14,8,2.0,6.0,4.0,8.0,12.0,7.0,4.0,2.0,6.0,2.0,2.58,2.13,2.09,2.11,-2.559315718757761,2.0000005,6.0
mp-1521909,BaCe2EuO6,Ce,Ce,Ba,Eu,-3.4643288895000004,0.15791131860000185,0.43869999999999987,6.9999989,175.92258599474943,6.281859481403827,P4/mmm,123,1.12,1.12,0.89,1.5,3.44,1.195,1.01,1.01,1.35,1.17,0.6406493769396915,0.142857142857143,3,3,4,4,4.0,6,4,4,6,3.0,3.0,1.0,1.0,2.0,3.0,1.0,1.0,2.0,0.0,2.41,2.75,2.57,2.66,-3.446882476765587,6.9999989,6.9999989
mp-1521945,Sr2SmMnO6,Sr,Sr,Sm,Mn,-2.7571004492931053,0.11398393947916219,0.0,2.0000005,143.94917677949076,5.497107252101704,Fm-3m,225,0.95,0.95,1.17,1.55,3.44,1.3599999999999999,1.18,1.18,0.958,0.67,0.8239997721144049,0.3538083538083537,2,2,4,7,5.5,4,4,7,8,3.25,4.75,0.75,2.25,3.0,2.0,0.75,2.25,3.0,1.5,2.58,2.3579999999999997,2.07,2.2139999999999995,-2.7534336091783382,2.0000005,3.0
mp-1522016,Sr2DyBiO6,Sr,Sr,Dy,Bi,-2.758247966166666,0.09786164099999972,1.9765000000000001,0.0,158.7359779212061,6.723468558470153,Fm-3m,225,0.95,0.95,1.22,1.9,3.44,1.56,1.18,1.18,1.07,1.03,0.7446267328413438,0.038095238095238126,2,2,4,5,4.5,4,4,15,8,1.25,6.75,2.75,8.25,11.0,6.0,2.75,1.75,4.5,1.0,2.58,2.4699999999999998,2.4299999999999997,2.4499999999999997,-2.714451907502313,0.0,4.5
mp-1522066,Sr2TbFeO6,Sr,Sr,Tb,Fe,-2.6788215666666657,0.08300172743751055,0.2272999999999996,3.0000003,135.6284505391951,5.950323792135423,Fm-3m,225,0.95,0.95,1.5,1.83,3.44,1.665,1.18,1.18,0.9230000000000002,0.61,0.8420657721953808,0.40834964122635375,2,2,4,8,6.0,4,4,8,8,3.0,5.0,1.0,3.0,4.0,1.0,1.0,3.0,4.0,2.0,2.58,2.323,2.01,2.1665,-2.694987532373769,3.0000003,4.0
mp-1522139,Ca2HfZrO6,Ca,Ca,Hf,Zr,-3.5721410549999995,0.17341551125000265,3.4088000000000003,0.0,141.18504529921512,5.244029742311724,Fm-3m,225,1.0,1.0,1.3,1.33,3.44,1.315,1.0,1.0,0.71,0.72,0.8023906736868625,0.013986013986014,2,2,4,4,4.0,4,4,4,8,4.0,4.0,0.0,0.0,0.0,5.0,0.0,0.0,0.0,0.0,2.4,2.11,2.12,2.115,-3.588935491843615,0.0,0.0
mp-1522161,Sr2DyBiO6,Sr,Sr,Dy,Bi,-2.8231069124166646,0.03300269475000128,2.6819,0.0,604.651138239511,7.060311569138143,Pn-3,201,0.95,0.95,1.22,1.9,3.44,1.56,1.18,1.18,1.07,1.03,0.7446267328413438,0.038095238095238126,2,2,4,5,4.5,4,4,15,8,1.25,6.75,2.75,8.25,11.0,6.0,2.75,1.75,4.5,1.0,2.58,2.4699999999999998,2.4299999999999997,2.4499999999999997,-2.835094765325545,0.0,4.5
mp-1522153,BaCe2EuO6,Ce,Ce,Ba,Eu,-3.5296885435,0.09255166460000197,0.0743999999999998,7.0000047,172.14699927633987,6.419635366691438,Cmmm,65,1.12,1.12,0.89,1.5,3.44,1.195,1.01,1.01,1.35,1.17,0.6406493769396915,0.142857142857143,3,3,4,4,4.0,6,4,4,6,3.0,3.0,1.0,1.0,2.0,3.0,1.0,1.0,2.0,0.0,2.41,2.75,2.57,2.66,-3.572166457986196,7.0000047,7.0000047
mp-1522192,Na2NbBiO6,Na,Na,Nb,Bi,-2.0893031642758615,0.12323857200000177,0.4173,0.0,137.54963830638135,5.358439284036475,Fm-3m,225,0.93,0.93,1.6,1.9,3.44,1.75,1.02,1.02,0.72,1.03,0.7521751254819538,0.35428571428571437,1,1,5,5,5.0,2,5,15,10,2.5,7.5,2.5,7.5,10.0,5.0,2.5,2.5,5.0,0.0,2.42,2.12,2.4299999999999997,2.275,-2.0998182647094765,0.0,5.0
mp-1522276,Sr2EuSbO6,Sr,Sr,Eu,Sb,-2.7989183535000004,0.09103377600000062,0.0,6.0000002,152.66267976543975,5.927631013713745,Fm-3m,225,0.95,0.95,1.5,2.05,3.44,1.775,1.18,1.18,1.17,0.76,0.7713892158398701,0.4248704663212435,2,2,4,5,4.5,4,4,15,8,1.25,6.75,2.75,8.25,11.0,6.0,2.75,1.75,4.5,1.0,2.58,2.57,2.16,2.365,-2.8141010067310743,6.0000002,6.0000002
mp-1522277,Na2CeFeO6,Na,Na,Ce,Fe,-1.9904700622758618,0.1791511684999998,0.0,2.0000001,133.4490311042368,4.205032323327836,Fm-3m,225,0.93,0.93,1.12,1.83,3.44,1.475,1.02,1.02,1.01,0.61,0.7742979232902466,0.49382716049382713,1,1,4,8,6.0,2,4,8,10,4.0,6.0,0.0,2.0,2.0,3.0,0.0,2.0,2.0,2.0,2.42,2.41,2.01,2.21,-1.9874621865463376,2.0000001,2.0000001
mp-1522271,Ba2LaWO6,Ba,Ba,La,W,-2.9953033445000004,0.08230435408332504,0.0,1.0,167.19397996256484,6.886676976172091,Fm-3m,225,0.89,0.89,1.1,1.7,3.44,1.4,1.35,1.35,1.032,0.66,0.8657807872943034,0.43971631205673756,2,2,4,6,5.0,4,3,6,8,3.25,4.75,0.0,1.25,1.25,3.75,0.0,1.25,1.25,1.25,2.75,2.432,2.06,2.246,-2.988468224984457,1.0,1.25
mp-1522286,Ba2LaCrO6,Ba,Ba,La,Cr,-2.82807571125,0.14334909899999015,0.47829999999999995,3.9999999,615.9212455233716,6.055832573994935,Pn-3,201,0.89,0.89,1.1,1.66,3.44,1.38,1.35,1.35,1.032,0.73,0.8524961193612476,0.34279228149829744,2,2,4,6,5.0,4,3,6,8,3.25,4.75,0.0,1.25,1.25,3.75,0.0,1.25,1.25,1.25,2.75,2.432,2.13,2.2809999999999997,-2.790552294465682,3.9999999,3.9999999
mp-1522336,Ba2LaCrO6,Ba,Ba,La,Cr,-2.8036200275,0.16780478274998956,0.0,1.0,155.33111696022257,6.003169253284788,Fm-3m,225,0.89,0.89,1.1,1.66,3.44,1.38,1.35,1.35,1.032,0.73,0.8524961193612476,0.34279228149829744,2,2,4,6,5.0,4,3,6,8,3.25,4.75,0.0,1.25,1.25,3.75,0.0,1.25,1.25,1.25,2.75,2.432,2.13,2.2809999999999997,-2.784611550736279,1.0,1.25
mp-1522346,Ca2NbGaO6,Ca,Ca,Nb,Ga,-2.8289331082499998,0.07452824562500027,3.6258999999999997,0.0,120.04009341408293,4.686437385446598,Fm-3m,225,1.0,1.0,1.6,1.81,3.44,1.705,1.0,1.0,0.72,0.62,0.8198339492017942,0.14925373134328357,2,2,5,3,4.0,4,5,13,8,2.0,6.0,3.0,7.0,10.0,5.0,3.0,3.0,6.0,0.0,2.4,2.12,2.02,2.0700000000000003,-2.840471181363248,0.0,6.0
mp-1522359,Sr2GdWO6,Sr,Sr,Gd,W,-3.1002401274999998,0.05197791083335268,2.1165,24.0000017,595.6656804787518,6.827936834057073,Pn-3,201,0.95,0.95,1.2,1.7,3.44,1.45,1.18,1.18,0.938,0.66,0.8296205072584323,0.34793491864831033,2,2,4,6,5.0,4,4,6,8,3.5,4.5,0.5,1.5,2.0,3.0,0.5,1.5,2.0,1.0,2.58,2.338,2.06,2.199,-3.118208420926967,24.0000017,24.0000017
mp-1522401,Sr2GdWO6,Sr,Sr,Gd,W,-2.98933727,0.16288076833335197,0.0,8.0000002,151.61258705366868,6.706513818481349,Fm-3m,225,0.95,0.95,1.2,1.7,3.44,1.45,1.18,1.18,0.938,0.66,0.8296205072584323,0.34793491864831033,2,2,4,6,5.0,4,4,6,8,3.5,4.5,0.5,1.5,2.0,3.0,0.5,1.5,2.0,1.0,2.58,2.338,2.06,2.199,-2.97949888656987,8.0000002,8.0000002
mp-1522426,Ba2LaWO6,Ba,Ba,La,W,-3.064883092000001,0.012724606583324416,1.9219,4.0,668.457160842494,6.889960941769765,Pn-3,201,0.89,0.89,1.1,1.7,3.44,1.4,1.35,1.35,1.032,0.66,0.8657807872943034,0.43971631205673756,2,2,4,6,5.0,4,3,6,8,3.25,4.75,0.0,1.25,1.25,3.75,0.0,1.25,1.25,1.25,2.75,2.432,2.06,2.246,-3.0912877561404137,4.0,4.0
mp-1522409,Sr2EuSbO6,Sr,Sr,Eu,Sb,-2.8429217400000004,0.0470303895000006,0.0,23.9999998,603.499769363258,5.997868308510169,Pn-3,201,0.95,0.95,1.5,2.05,3.44,1.775,1.18,1.18,1.17,0.76,0.7713892158398701,0.4248704663212435,2,2,4,5,4.5,4,4,15,8,1.25,6.75,2.75,8.25,11.0,6.0,2.75,1.75,4.5,1.0,2.58,2.57,2.16,2.365,-2.8062925646829133,23.9999998,23.9999998
mp-1522418,Ba2DySbO6,Ba,Ba,Dy,Sb,-3.0900850819166665,0.002173691249998555,3.4745,0.0,618.0924214285767,7.037810321818938,Pn-3,201,0.89,0.89,1.22,2.05,3.44,1.6349999999999998,1.35,1.35,1.07,0.76,0.8399756579969787,0.3387978142076503,2,2,4,5,4.5,4,4,15,8,1.25,6.75,2.75,8.25,11.0,6.0,2.75,1.75,4.5,1.0,2.75,2.4699999999999998,2.16,2.315,-3.066496279502241,0.0,4.5
mp-1522439,Ba2NdSbO6,Ba,Ba,Nd,Sb,-3.00867416075,0.00476115900000007,3.5814999999999997,0.0,655.8255692566013,6.447971735655483,Pn-3,201,0.89,0.89,1.14,2.05,3.44,1.5949999999999998,1.35,1.35,0.983,0.76,0.856061478434077,0.25588066551921973,2,2,4,5,4.5,4,4,15,8,1.25,6.75,2.75,8.25,11.0,6.0,2.75,1.75,4.5,1.0,2.75,2.383,2.16,2.2715,-3.0180576737920943,0.0,4.5
mp-1522480,Sr2YBiO6,Sr,Sr,Y,Bi,-2.807098618250001,0.0,1.9723999999999995,0.0,624.5146510120967,6.053023055908915,Pn-3,201,0.95,0.95,1.22,1.9,3.44,1.56,1.18,1.18,0.9,1.03,0.77138921583987,0.13471502590673576,2,2,3,5,4.0,4,3,15,8,1.0,7.0,2.0,8.0,10.0,5.0,2.0,2.0,4.0,0.0,2.58,2.3,2.4299999999999997,2.3649999999999998,-2.8413613088318184,0.0,4.0
mp-1522467,Ba2YNbO6,Ba,Ba,Y,Nb,-3.4406041985,0.004090319499999495,2.9072000000000005,0.0,624.8341409844919,5.87282749811242,Pn-3,201,0.89,0.89,1.22,1.6,3.44,1.4100000000000001,1.35,1.35,0.9,0.72,0.8798840037389165,0.22222222222222227,2,2,3,5,4.0,4,3,5,8,3.5,4.5,0.0,0.5,0.5,4.5,0.0,0.5,0.5,0.5,2.75,2.3,2.12,2.21,-3.4135267510166916,0.0,0.5
mp-1522474,Sr2ZrSnO6,Sr,Sr,Zr,Sn,-3.1244928975,0.025015835500001415,3.902,0.0,143.24202617068505,5.577987615560426,Fm-3m,225,0.95,0.95,1.33,1.96,3.44,1.645,1.18,1.18,0.72,0.69,0.8666676938058397,0.04255319148936174,2,2,4,4,4.0,4,4,14,8,1.5,6.5,2.5,7.5,10.0,5.0,2.5,2.5,5.0,0.0,2.58,2.12,2.09,2.105,-3.1267836944050527,0.0,5.0
mp-1522479,Sr2YBiO6,Sr,Sr,Y,Bi,-2.7400615000000004,0.06703711825000092,2.0265000000000004,0.0,159.6650225747873,5.918956951824687,Fm-3m,225,0.95,0.95,1.22,1.9,3.44,1.56,1.18,1.18,0.9,1.03,0.77138921583987,0.13471502590673576,2,2,3,5,4.0,4,3,15,8,1.0,7.0,2.0,8.0,10.0,5.0,2.0,2.0,4.0,0.0,2.58,2.3,2.4299999999999997,2.3649999999999998,-2.715305173760531,0.0,4.0
mp-1522511,NaSr2MnO6,Sr,Sr,Na,Mn,-2.0282823919310347,0.16372521150000363,0.0,2e-07,134.1627127575334,4.321624148496043,Fm-3m,225,0.95,0.95,0.93,1.55,3.44,1.24,1.18,1.18,1.02,0.67,0.8126216015417783,0.41420118343195267,2,2,4,7,5.5,4,4,7,8,3.25,4.75,0.75,2.25,3.0,2.0,0.75,2.25,3.0,1.5,2.58,2.42,2.07,2.245,-2.060170945106922,2e-07,3.0
mp-1522533,Sr2ZrWO6,Sr,Sr,Zr,W,-3.036268159,0.11993376025000124,0.0,1.9999999,142.3386900008707,6.373201534741355,Fm-3m,225,0.95,0.95,1.33,1.7,3.44,1.5150000000000001,1.18,1.18,0.72,0.66,0.8728877968714319,0.08695652173913036,2,2,4,6,5.0,4,4,6,8,3.5,4.5,0.5,1.5,2.0,3.0,0.5,1.5,2.0,1.0,2.58,2.12,2.06,2.09,-3.0482556594590755,1.9999999,2.0
mp-1522590,Ba2EuCrO6,Ba,Ba,Eu,Cr,-2.6738447695000005,0.17905123999998906,0.0,7.0,147.5903213165784,6.4649441518254696,Fm-3m,225,0.89,0.89,1.5,1.66,3.44,1.58,1.35,1.35,1.17,0.73,0.827465382239577,0.46315789473684205,2,2,4,6,5.0,4,4,6,8,3.5,4.5,0.5,1.5,2.0,3.0,0.5,1.5,2.0,1.0,2.75,2.57,2.13,2.3499999999999996,-2.6737398955056366,7.0,7.0
mp-1522607,Ba2SrCrO6,Ba,Ba,Sr,Cr,-2.5145442195000003,0.14738223949999796,0.6941999999999999,0.0,619.4042934829572,5.471821669472369,Pn-3,201,0.89,0.89,0.95,1.66,3.44,1.305,1.35,1.35,1.18,0.73,0.8257085555256923,0.4712041884816754,2,2,4,6,5.0,4,4,6,8,3.5,4.5,0.5,1.5,2.0,3.0,0.5,1.5,2.0,1.0,2.75,2.58,2.13,2.355,-2.5136046076247056,0.0,2.0
mp-1522630,Sr2CeTiO6,Sr,Sr,Ce,Ti,-3.4900212483333335,0.10023376049997523,2.2495,0.0,146.3155492676496,5.211693211847862,Fm-3m,225,0.95,0.95,1.12,1.54,3.44,1.33,1.18,1.18,1.01,0.86,0.7812999980562281,0.16042780748663102,2,2,4,4,4.0,4,4,4,8,4.0,4.0,0.0,0.0,0.0,5.0,0.0,0.0,0.0,0.0,2.58,2.41,2.26,2.335,-3.499022557762918,0.0,0.0
mp-1522649,Ba2EuCrO6,Ba,Ba,Eu,Cr,-2.6807013192499993,0.1721946902499898,0.0,28.0000013,597.7596118818242,6.384929096549879,Pn-3,201,0.89,0.89,1.5,1.66,3.44,1.58,1.35,1.35,1.17,0.73,0.827465382239577,0.46315789473684205,2,2,4,6,5.0,4,4,6,8,3.5,4.5,0.5,1.5,2.0,3.0,0.5,1.5,2.0,1.0,2.75,2.57,2.13,2.3499999999999996,-2.6682443206030495,28.0000013,28.0000013
mp-1522665,Ba2VBiO6,Ba,Ba,V,Bi,-2.5362740977500002,0.1461289876250058,1.1362999999999999,0.0,609.9376274126939,6.866865678514792,Pn-3,201,0.89,0.89,1.63,1.9,3.44,1.765,1.35,1.35,0.79,1.03,0.8417937871268422,0.26373626373626374,2,2,5,5,5.0,4,5,15,8,1.5,6.5,3.5,8.5,12.0,7.0,3.5,1.5,5.0,2.0,2.75,2.19,2.4299999999999997,2.3099999999999996,-2.557626506337652,0.0,5.0
mp-1522756,Ba2SrCrO6,Ba,Ba,Sr,Cr,-2.5196067740000005,0.1423196849999977,0.6776,0.0,153.96335246469238,5.503371063613193,Fm-3m,225,0.89,0.89,0.95,1.66,3.44,1.305,1.35,1.35,1.18,0.73,0.8257085555256923,0.4712041884816754,2,2,4,6,5.0,4,4,6,8,3.5,4.5,0.5,1.5,2.0,3.0,0.5,1.5,2.0,1.0,2.75,2.58,2.13,2.355,-2.5224543637004264,0.0,2.0
mp-1522771,Ba2VBiO6,Ba,Ba,V,Bi,-2.548162820000001,0.13424026537500566,1.1225,0.0,152.9947230932865,6.843961142962385,Fm-3m,225,0.89,0.89,1.63,1.9,3.44,1.765,1.35,1.35,0.79,1.03,0.8417937871268422,0.26373626373626374,2,2,5,5,5.0,4,5,15,8,1.5,6.5,3.5,8.5,12.0,7.0,3.5,1.5,5.0,2.0,2.75,2.19,2.4299999999999997,2.3099999999999996,-2.545756907365763,0.0,5.0
mp-1522779,Eu2YVO6,Eu,Eu,Y,V,-3.119232440000002,0.23619279050000408,0.0,13.9990334,137.15115086639332,6.535213693157171,Fm-3m,225,1.5,1.5,1.22,1.63,3.44,1.4249999999999998,1.17,1.17,0.9,0.79,0.8094719054117714,0.1301775147928994,3,3,3,5,4.0,6,3,5,6,2.5,3.5,0.5,1.5,2.0,3.0,0.5,1.5,2.0,1.0,2.57,2.3,2.19,2.245,-3.108943663318827,13.9990334,13.9990334
mp-1522778,Sr2NdVO6,Sr,Sr,Nd,V,-3.0314977827500007,0.182999948374988,1.6477000000000004,0.0,147.35159322784548,5.256193363814936,Fm-3m,225,0.95,0.95,1.14,1.63,3.44,1.3849999999999998,1.18,1.18,0.983,0.79,0.7978725105888005,0.21771009588268464,2,2,4,5,4.5,4,4,5,8,3.75,4.25,0.25,0.75,1.0,4.0,0.25,0.75,1.0,0.5,2.58,2.383,2.19,2.2865,-3.017265485188223,0.0,1.0
mp-1522818,Sr2CeNbO6,Sr,Sr,Ce,Nb,-3.297222812,0.1286820457647,0.0,0.9999979,156.93660207549686,5.335539281225921,Fm-3m,225,0.95,0.95,1.12,1.6,3.44,1.36,1.18,1.18,1.01,0.72,0.805446134861498,0.33526011560693647,2,2,4,5,4.5,4,4,5,8,3.75,4.25,0.25,0.75,1.0,4.0,0.25,0.75,1.0,0.5,2.58,2.41,2.12,2.265,-3.319715653836757,0.9999979,1.0
mp-1522861,Sr2SmCrO6,Sr,Sr,Sm,Cr,-2.7940749135,0.18956682925000212,0.0,1.0000001,142.13845637700595,5.532766212907288,Fm-3m,225,0.95,0.95,1.17,1.66,3.44,1.415,1.18,1.18,0.958,0.73,0.8129837323802552,0.2701421800947867,2,2,4,6,5.0,4,4,6,8,3.5,4.5,0.5,1.5,2.0,3.0,0.5,1.5,2.0,1.0,2.58,2.3579999999999997,2.13,2.2439999999999998,-2.824757196914712,1.0000001,2.0
mp-1522905,Ca2AlVO6,Ca,Ca,Al,V,-3.1076351562499993,0.05400989874999951,1.4527999999999999,0.0,103.95037815411798,4.058688383247318,Fm-3m,225,1.0,1.0,1.61,1.63,3.44,1.62,1.0,1.0,0.535,0.79,0.822815163562528,0.38490566037735846,2,2,3,5,4.0,4,13,5,8,6.0,2.0,7.0,3.0,10.0,5.0,3.0,3.0,6.0,0.0,2.4,1.935,2.19,2.0625,-3.0820816198120293,0.0,6.0
mp-1522928,Ba2CeNbO6,Ba,Ba,Ce,Nb,-3.3686862767499997,0.01560938024999281,0.0,4.0003418,650.6750842412026,6.162352057494514,Pn-3,201,0.89,0.89,1.12,1.6,3.44,1.36,1.35,1.35,1.01,0.72,0.8585181670035346,0.33526011560693647,2,2,4,5,4.5,4,4,5,8,3.75,4.25,0.25,0.75,1.0,4.0,0.25,0.75,1.0,0.5,2.75,2.41,2.12,2.265,-3.3620399965104077,4.0003418,4.0003418
mp-1522988,Na2BiWO6,Na,Na,Bi,W,-1.8708178172758614,0.12730412524999934,0.0,0.0002499,143.12376457082883,6.204771211525606,Fm-3m,225,0.93,0.93,1.9,1.7,3.44,1.7999999999999998,1.02,1.02,1.03,0.66,0.762226463461668,0.4378698224852071,1,1,5,6,5.5,2,15,6,10,7.25,2.75,7.75,3.25,11.0,6.0,2.25,3.25,5.5,1.0,2.42,2.4299999999999997,2.06,2.245,-1.8857875480069926,0.0002499,5.5
mp-1522970,Sr2CeNbO6,Sr,Sr,Ce,Nb,-3.3585506767500006,0.06735418101470003,0.0,4.0096659,612.6680785491461,5.466851852434263,Pn-3,201,0.95,0.95,1.12,1.6,3.44,1.36,1.18,1.18,1.01,0.72,0.805446134861498,0.33526011560693647,2,2,4,5,4.5,4,4,5,8,3.75,4.25,0.25,0.75,1.0,4.0,0.25,0.75,1.0,0.5,2.58,2.41,2.12,2.265,-3.3275276372395504,4.0096659,4.0096659
mp-1523013,Ba2SmCrO6,Ba,Ba,Sm,Cr,-2.8265888974999998,0.13392471387498883,0.0,0.9999998,148.8412300545195,6.39271577940185,Fm-3m,225,0.89,0.89,1.17,1.66,3.44,1.415,1.35,1.35,0.958,0.73,0.8665524279246906,0.2701421800947867,2,2,4,6,5.0,4,4,6,8,3.5,4.5,0.5,1.5,2.0,3.0,0.5,1.5,2.0,1.0,2.75,2.3579999999999997,2.13,2.2439999999999998,-2.8242754048141427,0.9999998,2.0
mp-1523019,Sr2TbHfO6,Sr,Sr,Tb,Hf,-3.452969735166667,0.08699221793749956,0.0,4.0000012,613.7392332896765,6.587097290972739,Pn-3,201,0.95,0.95,1.5,1.3,3.44,1.4,1.18,1.18,0.9230000000000002,0.71,0.8230703791839804,0.2608695652173915,2,2,4,4,4.0,4,4,4,8,4.0,4.0,0.0,0.0,0.0,5.0,0.0,0.0,0.0,0.0,2.58,2.323,2.11,2.2165,-3.4293837914853906,4.0000012,4.0000012
mp-1523051,Ba2SmCrO6,Ba,Ba,Sm,Cr,-2.8280808644999995,0.13243274687498907,0.0,3.9999995,595.4038953805132,6.392297311975222,Pn-3,201,0.89,0.89,1.17,1.66,3.44,1.415,1.35,1.35,0.958,0.73,0.8665524279246906,0.2701421800947867,2,2,4,6,5.0,4,4,6,8,3.5,4.5,0.5,1.5,2.0,3.0,0.5,1.5,2.0,1.0,2.75,2.3579999999999997,2.13,2.2439999999999998,-2.8267304948717973,3.9999995,3.9999995
mp-1523046,Sr2HfTiO6,Sr,Sr,Hf,Ti,-3.660298673333334,0.021714934499998506,2.4253,0.0,132.13159190988208,6.253411990224726,Fm-3m,225,0.95,0.95,1.3,1.54,3.44,1.42,1.18,1.18,0.71,0.86,0.8349361535291958,0.19108280254777074,2,2,4,4,4.0,4,4,4,8,4.0,4.0,0.0,0.0,0.0,5.0,0.0,0.0,0.0,0.0,2.58,2.11,2.26,2.1849999999999996,-3.6190837148356945,0.0,0.0
mp-1523032,Eu2ZrVO6,Eu,Eu,Zr,V,-3.2176191040000033,0.09740640181249915,0.0,14.9999998,127.17335841391052,7.0782235292330995,Fm-3m,225,1.5,1.5,1.33,1.63,3.44,1.48,1.17,1.17,0.72,0.79,0.8432781566818687,0.09271523178807956,3,3,4,5,4.5,6,4,5,6,2.75,3.25,1.25,1.75,3.0,2.0,1.25,1.75,3.0,0.5,2.57,2.12,2.19,2.1550000000000002,-3.1825122871511393,14.9999998,14.9999998
mp-1523089,Ba2LaSbO6,Ba,Ba,La,Sb,-3.0249868517500005,0.006919091749999495,3.8811999999999998,4.41e-05,666.252011852198,6.293862672473435,Pn-3,201,0.89,0.89,1.1,2.05,3.44,1.575,1.35,1.35,1.032,0.76,0.8469266760727376,0.3035714285714286,2,2,4,5,4.5,4,3,15,8,1.0,7.0,2.0,8.0,10.0,5.0,2.0,2.0,4.0,0.0,2.75,2.432,2.16,2.2960000000000003,-3.029966134719582,4.41e-05,4.0
mp-1523060,Sr2TbHfO6,Sr,Sr,Tb,Hf,-3.393937694666667,0.14602425843749955,0.0,1.00009,156.9970502549715,6.4376369403126645,Fm-3m,225,0.95,0.95,1.5,1.3,3.44,1.4,1.18,1.18,0.9230000000000002,0.71,0.8230703791839804,0.2608695652173915,2,2,4,4,4.0,4,4,4,8,4.0,4.0,0.0,0.0,0.0,5.0,0.0,0.0,0.0,0.0,2.58,2.323,2.11,2.2165,-3.37450627564758,1.00009,1.00009
mp-1523085,Ba2InBiO6,Ba,Ba,In,Bi,-2.285416509166667,0.0,0.20800000000000018,0.0,639.9805500547719,7.207465062279904,Pn-3,201,0.89,0.89,1.78,1.9,3.44,1.8399999999999999,1.35,1.35,0.8,1.03,0.8399756579969787,0.2513661202185792,2,2,3,5,4.0,4,13,15,8,3.5,4.5,9.5,10.0,19.5,14.5,0.5,0.0,0.5,0.5,2.75,2.2,2.4299999999999997,2.315,-2.272508990174964,0.0,0.5
mp-1523090,Sr2ZrGeO6,Sr,Sr,Zr,Ge,-3.1598895225,0.04249755941667388,4.057499999999999,0.0,129.23674979886187,5.590524477187696,Fm-3m,225,0.95,0.95,1.33,2.01,3.44,1.67,1.18,1.18,0.72,0.73,0.8585108213935494,0.013793103448275874,2,2,4,4,4.0,4,4,4,8,4.0,4.0,0.0,0.0,0.0,5.0,0.0,0.0,0.0,0.0,2.58,2.12,2.13,2.125,-3.132516891349353,0.0,0.0
mp-1523086,Eu2ZnWO6,Eu,Eu,Zn,W,-2.6123240400000016,0.07944201849999644,0.4902999999999995,13.9999996,124.77540128325113,8.63934543281112,Fm-3m,225,1.5,1.5,1.65,1.7,3.44,1.6749999999999998,1.17,1.17,0.74,0.66,0.8653640131663939,0.11428571428571424,3,3,12,6,9.0,6,12,6,6,4.5,1.5,7.5,4.5,12.0,7.0,2.5,4.5,7.0,2.0,2.57,2.1399999999999997,2.06,2.0999999999999996,-2.6316225092116037,13.9999996,13.9999996
mp-1523128,Ba2PrBiO6,Ba,Ba,Pr,Bi,-2.7342818301666667,0.011749615000001157,1.7795999999999998,0.0,702.5333677704631,6.8123867236722235,Pn-3,201,0.89,0.89,1.13,1.9,3.44,1.515,1.35,1.35,0.99,1.03,0.806864584341496,0.03960396039603964,2,2,4,5,4.5,4,4,15,8,1.25,6.75,2.75,8.25,11.0,6.0,2.75,1.75,4.5,1.0,2.75,2.3899999999999997,2.4299999999999997,2.4099999999999997,-2.7205608009666977,0.0,4.5
mp-1523148,Ba2LaSbO6,Ba,Ba,La,Sb,-3.0238431605000002,0.00806278299999974,3.8802999999999996,0.0,166.65061672207497,6.290553780023039,Fm-3m,225,0.89,0.89,1.1,2.05,3.44,1.575,1.35,1.35,1.032,0.76,0.8469266760727376,0.3035714285714286,2,2,4,5,4.5,4,3,15,8,1.0,7.0,2.0,8.0,10.0,5.0,2.0,2.0,4.0,0.0,2.75,2.432,2.16,2.2960000000000003,-3.0026746707630085,0.0,4.0
mp-1523166,Ba2YBiO6,Ba,Ba,Y,Bi,-2.8108761275,0.0,1.7584999999999997,2.9e-06,663.1752385201758,6.695854500280002,Pn-3,201,0.89,0.89,1.22,1.9,3.44,1.56,1.35,1.35,0.9,1.03,0.822217187426218,0.13471502590673576,2,2,3,5,4.0,4,3,15,8,1.0,7.0,2.0,8.0,10.0,5.0,2.0,2.0,4.0,0.0,2.75,2.3,2.4299999999999997,2.3649999999999998,-2.846050917228462,2.9e-06,4.0
mp-1523213,Sr2YWO6,Sr,Sr,Y,W,-3.0223963860000014,0.1418862163333472,0.0,1.0,148.62108297006054,6.077897972967775,Fm-3m,225,0.95,0.95,1.22,1.7,3.44,1.46,1.18,1.18,0.9,0.66,0.836851144707015,0.30769230769230765,2,2,3,6,4.5,4,3,6,8,3.25,4.75,0.0,1.25,1.25,3.75,0.0,1.25,1.25,1.25,2.58,2.3,2.06,2.1799999999999997,-3.046061556253317,1.0,1.25
mp-1523254,Sr2GaBiO6,Sr,Sr,Ga,Bi,-2.3274552507500004,0.0695460125624976,0.0,0.0,137.2216715948494,6.654900154184739,Fm-3m,225,0.95,0.95,1.81,1.9,3.44,1.855,1.18,1.18,0.62,1.03,0.819926065375862,0.49696969696969706,2,2,3,5,4.0,4,13,15,8,3.5,4.5,9.5,10.0,19.5,14.5,0.5,0.0,0.5,0.5,2.58,2.02,2.4299999999999997,2.2249999999999996,-2.3682398943052023,0.0,0.5
mp-1523259,Eu2DySbO6,Eu,Eu,Dy,Sb,-2.992347762166667,0.19663525060000353,0.2193000000000005,14.0000004,147.38031465512267,7.708729142044203,Fm-3m,225,1.5,1.5,1.22,2.05,3.44,1.6349999999999998,1.17,1.17,1.07,0.76,0.7849954331099036,0.3387978142076503,3,3,4,5,4.5,6,4,15,6,0.25,5.75,3.75,9.25,13.0,8.0,3.75,0.75,4.5,3.0,2.57,2.4699999999999998,2.16,2.315,-2.9977358988555585,14.0000004,14.0000004
mp-1523252,Ca2HfNbO6,Ca,Ca,Hf,Nb,-3.3321709960000008,0.1862676063749955,0.0,0.029184,135.5548132493104,5.4824481449482025,Fm-3m,225,1.0,1.0,1.3,1.6,3.44,1.4500000000000002,1.0,1.0,0.71,0.72,0.8023906736868625,0.013986013986014,2,2,4,5,4.5,4,4,5,8,3.75,4.25,0.25,0.75,1.0,4.0,0.25,0.75,1.0,0.5,2.4,2.11,2.12,2.115,-3.3178201508840814,0.029184,1.0
mp-1523293,Ba2SrSeO6,Ba,Ba,Sr,Se,-2.4957543862343754,0.0,2.3123000000000005,0.0,152.5457178263168,5.848030878370664,Fm-3m,225,0.89,0.89,0.95,2.55,3.44,1.75,1.35,1.35,1.18,1.98,0.6525314255916126,0.5063291139240507,2,2,4,4,4.0,4,4,4,8,4.0,4.0,0.0,0.0,0.0,5.0,0.0,0.0,0.0,0.0,2.75,2.58,3.38,2.98,-2.465707245192455,0.0,0.0
mp-1523327,Sr2GdSbO6,Sr,Sr,Gd,Sb,-3.0128697709999996,0.03879371124999942,3.3244,7.0000001,151.08617218176,6.047579547077105,Fm-3m,225,0.95,0.95,1.2,2.05,3.44,1.625,1.18,1.18,0.938,0.76,0.8111762985599346,0.20965842167255588,2,2,4,5,4.5,4,4,15,8,1.25,6.75,2.75,8.25,11.0,6.0,2.75,1.75,4.5,1.0,2.58,2.338,2.16,2.249,-3.011387875391604,7.0000001,7.0000001
mp-1523375,Sr2GdSbO6,Sr,Sr,Gd,Sb,-3.0516634822499995,0.0,3.3665,28.0000018,594.6167389451684,6.146518151194108,Pn-3,201,0.95,0.95,1.2,2.05,3.44,1.625,1.18,1.18,0.938,0.76,0.8111762985599346,0.20965842167255588,2,2,4,5,4.5,4,4,15,8,1.25,6.75,2.75,8.25,11.0,6.0,2.75,1.75,4.5,1.0,2.58,2.338,2.16,2.249,-3.0190911713385735,28.0000018,28.0000018
mp-1523366,Ba2PrBiO6,Ba,Ba,Pr,Bi,-2.7199124401666666,0.02611900500000086,1.9086000000000003,0.0,176.38106353674144,6.783507383913829,Fm-3m,225,0.89,0.89,1.13,1.9,3.44,1.515,1.35,1.35,0.99,1.03,0.806864584341496,0.03960396039603964,2,2,4,5,4.5,4,4,15,8,1.25,6.75,2.75,8.25,11.0,6.0,2.75,1.75,4.5,1.0,2.75,2.3899999999999997,2.4299999999999997,2.4099999999999997,-2.7475144693309645,0.0,4.5
mp-1523371,Sr2HfWO6,Sr,Sr,Hf,W,-3.1176645360000004,0.11389043099999974,0.0,2.0,139.59809364016238,7.536361941065346,Fm-3m,225,0.95,0.95,1.3,1.7,3.44,1.5,1.18,1.18,0.71,0.66,0.8749810529790373,0.0729927007299269,2,2,4,6,5.0,4,4,6,8,3.5,4.5,0.5,1.5,2.0,3.0,0.5,1.5,2.0,1.0,2.58,2.11,2.06,2.085,-3.1517321847871034,2.0,2.0
mp-1539400,Sr2TaCrO6,Sr,Sr,Ta,Cr,-3.2251346897333333,0.0,1.6930999999999994,3.0000002,122.91762524416873,6.811156797976369,C2/m,12,0.95,0.95,1.5,1.66,3.44,1.58,1.18,1.18,0.72,0.73,0.8585108213935494,0.013793103448275874,2,2,5,6,5.5,4,5,6,8,3.75,4.25,1.25,1.75,3.0,2.0,1.25,1.75,3.0,0.5,2.58,2.12,2.13,2.125,-3.2262456437112657,3.0000002,3.0000002
mp-1566038,Ca2MnSbO6,Ca,Ca,Mn,Sb,-2.609256500793104,0.0050573231249959605,1.4728999999999997,9e-06,487.07305650390117,4.811778780078052,P-1,2,1.0,1.0,1.55,2.05,3.44,1.7999999999999998,1.0,1.0,0.67,0.76,0.8023906736868622,0.1258741258741258,2,2,7,5,6.0,4,7,15,8,2.0,6.0,5.0,9.0,14.0,9.0,5.0,1.0,6.0,4.0,2.4,2.07,2.16,2.115,-2.601575191814318,9e-06,6.0
mp-1648759,ZnCr(GeO3)2,Ge,Ge,Zn,Cr,-2.00587142725,0.10628324825000046,0.5333999999999999,6.22e-05,508.0325752587357,4.689499634904267,P-1,2,2.01,2.01,1.65,1.66,3.44,1.6549999999999998,0.73,0.73,0.74,0.73,0.7054507934085931,0.01360544217687076,2,2,12,6,9.0,4,12,6,8,5.5,2.5,6.5,3.5,10.0,5.0,3.5,3.5,7.0,0.0,2.13,2.1399999999999997,2.13,2.135,-2.0065253222118815,6.22e-05,7.0
mp-1651775,La2VFeO6,La,La,V,Fe,-3.0448018315000014,0.021312296000001396,0.10830000000000073,6.0006724,252.03534597775408,6.3328010165108095,P-1,2,1.1,1.1,1.63,1.83,3.44,1.73,1.032,1.032,0.79,0.61,0.8188969961169922,0.25714285714285723,3,3,5,8,6.5,6,5,8,6,2.25,3.75,2.75,4.25,7.0,2.0,2.75,4.25,7.0,1.5,2.432,2.19,2.01,2.0999999999999996,-3.086150673500799,6.0006724,7.0
mp-1666963,La2MnCrO6,La,La,Mn,Cr,-3.083515488293105,0.08242858426189592,0.9733,14.0021624,249.71826838839115,6.3935251757514475,P-1,2,1.1,1.1,1.55,1.66,3.44,1.605,1.032,1.032,0.67,0.73,0.8188969961169922,0.08571428571428563,3,3,7,6,6.5,6,7,6,6,3.25,2.75,3.75,3.25,7.0,2.0,3.75,3.25,7.0,0.5,2.432,2.07,2.13,2.0999999999999996,-3.0852978890833604,14.0021624,14.0021624
mp-1784691,Zn2MoWO6,Zn,Zn,Mo,W,-1.8876523500000004,0.0461738089999999,1.8489,3.9999837,117.3227076837354,7.170136198729286,P1,1,1.65,1.65,2.16,1.7,3.44,1.9300000000000002,0.74,0.74,0.69,0.66,0.7292571140911861,0.044444444444444314,2,2,6,6,6.0,4,6,6,8,4.0,4.0,2.0,2.0,4.0,1.0,2.0,2.0,4.0,0.0,2.1399999999999997,2.09,2.06,2.075,-1.9137417400100976,3.9999837,4.0
mp-1788667,Ca2CuWO6,Ca,Ca,Cu,W,-2.3668018520000005,0.18011134449999933,0.0,0.9976454,125.68251369289425,5.595862461077027,Cm,8,1.0,1.0,1.9,1.7,3.44,1.7999999999999998,1.0,1.0,0.77,0.66,0.8023906736868622,0.1538461538461538,2,2,11,6,8.5,4,11,6,8,5.25,2.75,5.75,3.25,9.0,4.0,4.25,3.25,7.5,1.0,2.4,2.17,2.06,2.115,-2.3534084010233998,0.9976454,7.5
mp-1875676,Ca2SnWO6,Ca,Ca,Sn,W,-2.6154388775,0.07085319033333537,2.0470000000000006,2.0000046,130.9165726165073,6.071836603256291,P1,1,1.0,1.0,1.96,1.7,3.44,1.83,1.0,1.0,0.69,0.66,0.8178584457097415,0.044444444444444314,2,2,4,6,5.0,4,14,6,8,6.0,2.0,8.0,4.0,12.0,7.0,2.0,4.0,6.0,2.0,2.4,2.09,2.06,2.075,-2.608106912578063,2.0000046,6.0
mp-2217098,La2MgMoO6,La,La,Mg,Mo,-2.8040410505000004,0.3802008472499967,1.5249000000000006,0.0014641,168.9755776785983,4.8550993222333245,I222,23,1.1,1.1,1.31,2.16,3.44,1.735,1.032,1.032,0.72,0.69,0.816951872610776,0.04255319148936174,3,3,4,6,5.0,6,4,6,6,2.5,3.5,1.5,2.5,4.0,1.0,1.5,2.5,4.0,1.0,2.432,2.12,2.09,2.105,-2.8228386462265473,0.0014641,4.0
mp-2217111,La2MgMoO6,La,La,Mg,Mo,-2.9502510954999996,0.23399080224999658,1.9261,1.9986515,164.25730943142898,4.994561371430653,I-42m,121,1.1,1.1,1.31,2.16,3.44,1.735,1.032,1.032,0.72,0.69,0.816951872610776,0.04255319148936174,3,3,4,6,5.0,6,4,6,6,2.5,3.5,1.5,2.5,4.0,1.0,1.5,2.5,4.0,1.0,2.432,2.12,2.09,2.105,-2.9605284338467337,1.9986515,4.0
mp-2217164,La2MgMoO6,La,La,Mg,Mo,-2.6765544525000005,0.5076874452499966,1.2267000000000001,0.0033111,164.81233017660392,4.977741724677142,Fmm2,42,1.1,1.1,1.31,2.16,3.44,1.735,1.032,1.032,0.72,0.69,0.816951872610776,0.04255319148936174,3,3,4,6,5.0,6,4,6,6,2.5,3.5,1.5,2.5,4.0,1.0,1.5,2.5,4.0,1.0,2.432,2.12,2.09,2.105,-2.6977387229377796,0.0033111,4.0
mp-2646935,Ba2GdRuO6,Ba,Ba,Gd,Ru,-2.8181416720000003,0.0,0.14670000000000005,7.998176,306.14197904266683,6.823173520078917,C2/m,12,0.89,0.89,1.2,2.2,3.44,1.7000000000000002,1.35,1.35,0.938,0.68,0.8802823215314649,0.318912237330037,2,2,4,8,6.0,4,4,8,8,3.0,5.0,1.0,3.0,4.0,1.0,1.0,3.0,4.0,2.0,2.75,2.338,2.08,2.209,-2.819395253945464,7.998176,7.998176
mp-2896279,Sr2FeSnO6,Sr,Sr,Fe,Sn,-2.3214261075000024,0.06567491574999806,0.0,16.0000437,496.7507617573044,5.960768202305897,Fmmm,69,0.95,0.95,1.83,1.96,3.44,1.895,1.18,1.18,0.61,0.69,0.8899197538835574,0.12307692307692303,2,2,8,4,6.0,4,8,14,8,2.5,5.5,5.5,8.5,14.0,9.0,4.5,1.5,6.0,3.0,2.58,2.01,2.09,2.05,-2.3023232610899775,16.0000437,16.0000437
mp-774932,Li2FeWO6,Li,Li,Fe,W,-1.9870553926666665,0.08637663424999609,0.0,3.9998238,103.7347307231733,5.595654210676422,R3,146,0.98,0.98,1.83,1.7,3.44,1.7650000000000001,0.76,0.76,0.61,0.66,0.7505408586550086,0.07874015748031503,1,1,8,6,7.0,2,8,6,10,5.5,4.5,2.5,1.5,4.0,1.0,2.5,1.5,4.0,1.0,2.16,2.01,2.06,2.035,-2.006769913593377,3.9998238,4.0
mp-776740,Li2MnWO6,Li,Li,Mn,W,-2.1458630949597692,0.0553143737500017,1.1686,5.999984,199.90777056468846,5.792247564142698,R3,146,0.98,0.98,1.55,1.7,3.44,1.625,0.76,0.76,0.67,0.66,0.7396371173670425,0.015037593984962419,1,1,7,6,6.5,2,7,6,10,5.25,4.75,1.75,1.25,3.0,2.0,1.75,1.25,3.0,0.5,2.16,2.07,2.06,2.065,-2.135782164649412,5.999984,5.999984
mp-778669,Li2CrPO6,Li,Li,Cr,P,-2.319461249630952,0.09178533288095103,0.8508,3.998948,419.3462792045301,3.0545836632367642,Pna2_1,33,0.98,0.98,1.66,2.19,3.44,1.9249999999999998,0.76,0.76,0.73,0.44,0.7694461699561425,0.49572649572649574,1,1,6,4,5.0,2,6,4,10,5.5,4.5,0.5,0.0,0.5,4.5,0.5,0.0,0.5,0.5,2.16,2.13,1.8399999999999999,1.9849999999999999,-2.3300664019984008,3.998948,3.998948
mp-865526,TmSb(PbO3)2,Pb,Pb,Tm,Sb,-2.3224190385,0.007358259343743789,2.5853,0.0016751,289.2696692435371,9.197246701520019,C2/c,15,1.8,1.8,1.25,2.05,3.44,1.65,1.19,1.19,1.03,0.76,0.7979985025155373,0.3016759776536313,2,2,4,5,4.5,4,4,15,8,1.25,6.75,2.75,8.25,11.0,6.0,2.75,1.75,4.5,1.0,2.59,2.4299999999999997,2.16,2.295,-2.338276495145247,0.0016751,4.5
mp-972112,Sr2MgUO6,Sr,Sr,Mg,U,-3.478906272999999,0.020405642500001875,2.1157,0.0,284.0184060809738,6.239133287144441,P2_1/c,14,0.95,0.95,1.31,1.7,3.44,1.505,1.18,1.18,0.72,1.025,0.8027878967926481,0.34957020057306587,2,2,4,4,4.0,4,4,4,8,4.0,4.0,0.0,0.0,0.0,5.0,0.0,0.0,0.0,0.0,2.58,2.12,2.425,2.2725,-3.48104688019909,0.0,0.0
mp-972216,Sr2SmSbO6,Sr,Sr,Sm,Sb,-3.0583942715000005,0.0,3.6616,2.4e-06,297.11904238417975,6.0734210995543005,P2_1/c,14,0.95,0.95,1.17,2.05,3.44,1.6099999999999999,1.18,1.18,0.958,0.76,0.8075854340244766,0.2305005820721769,2,2,4,5,4.5,4,4,15,8,1.25,6.75,2.75,8.25,11.0,6.0,2.75,1.75,4.5,1.0,2.58,2.3579999999999997,2.16,2.259,-3.079099117948388,2.4e-06,4.5
mp-972600,UCd(PbO3)2,Pb,Pb,U,Cd,-2.3427030044999997,0.01573158674999231,1.6477999999999993,2.31e-05,314.4717010588995,9.091134877234605,P2_1/c,14,1.8,1.8,1.7,1.69,3.44,1.6949999999999998,1.19,1.19,1.025,0.95,0.7670812830463489,0.07594936708860756,2,2,4,12,8.0,4,4,12,8,2.0,6.0,2.0,6.0,8.0,3.0,2.0,4.0,6.0,2.0,2.59,2.425,2.3499999999999996,2.3874999999999997,-2.3537759906069433,2.31e-05,6.0
mp-980108,Sm2MgIrO6,Sm,Sm,Mg,Ir,-2.9113213140000007,0.005584606124997116,0.0,2.0010636,243.90244573186476,8.350111608814862,P2_1/c,14,1.17,1.17,1.31,2.2,3.44,1.7550000000000001,0.958,0.958,0.72,0.68,0.7939799000180375,0.05714285714285704,3,3,4,9,6.5,6,4,9,6,1.75,4.25,2.25,4.75,7.0,2.0,2.25,4.75,7.0,2.5,2.3579999999999997,2.12,2.08,2.1,-2.9352788718517777,2.0010636,7.0
mp-984806,Ba2PrRuO6,Ba,Ba,Pr,Ru,-2.7368070966666664,0.004583785500000381,0.1654,5.9995591,319.43113511363754,6.369402978700704,P2_1/c,14,0.89,0.89,1.13,2.2,3.44,1.665,1.35,1.35,0.99,0.68,0.8700419007888168,0.37125748502994005,2,2,4,8,6.0,4,4,8,8,3.0,5.0,1.0,3.0,4.0,1.0,1.0,3.0,4.0,2.0,2.75,2.3899999999999997,2.08,2.235,-2.6975125940083386,5.9995591,5.9995591
mp-988230,Ba2BiSbO6,Ba,Ba,Bi,Sb,-0.29941500999999987,2.153592163000005,0.0,0.0117465,204.29298797386306,5.701061194180889,P-1,2,0.89,0.89,1.9,2.05,3.44,1.9749999999999999,1.35,1.35,1.03,0.76,0.8472957073041419,0.3016759776536313,2,2,5,5,5.0,4,15,15,8,4.0,4.0,10.0,10.0,20.0,15.0,0.0,0.0,0.0,0.0,2.75,2.4299999999999997,2.16,2.295,-0.2987097389605653,0.0117465,0.0117465
mp-1021504,Ba2NbFeO6,Ba,Ba,Nb,Fe,-2.8955537204999997,0.0,1.7475,0.0,277.2672110319684,6.221341102299668,Fm-3m,225,0.89,0.89,1.6,1.83,3.44,1.715,1.35,1.35,0.72,0.61,0.9416676262774846,0.16541353383458643,2,2,5,8,6.5,4,5,8,8,3.25,4.75,1.75,3.25,5.0,0.0,1.75,3.25,5.0,1.5,2.75,2.12,2.01,2.065,-2.9095482306598512,0.0,5.0
mp-1022808,Ba2NbFeO6,Ba,Ba,Nb,Fe,-2.873255236,0.022298484499998494,1.3500000000000005,20.0003999,570.7191707498412,6.044913101646187,P6_3/mmc,194,0.89,0.89,1.6,1.83,3.44,1.715,1.35,1.35,0.72,0.61,0.9416676262774846,0.16541353383458643,2,2,5,8,6.5,4,5,8,8,3.25,4.75,1.75,3.25,5.0,0.0,1.75,3.25,5.0,1.5,2.75,2.12,2.01,2.065,-2.8689756377853155,20.0003999,20.0003999
mp-1022733,Ba2NbFeO6,Ba,Ba,Nb,Fe,-2.877411684666667,0.01814203583333196,1.6905999999999994,15.0030445,430.52841638228955,6.00996530313164,P-3m1,164,0.89,0.89,1.6,1.83,3.44,1.715,1.35,1.35,0.72,0.61,0.9416676262774846,0.16541353383458643,2,2,5,8,6.5,4,5,8,8,3.25,4.75,1.75,3.25,5.0,0.0,1.75,3.25,5.0,1.5,2.75,2.12,2.01,2.065,-2.8796582456604836,15.0030445,15.0030445
mp-1041488,TiZn(SiO3)2,Si,Si,Ti,Zn,-2.704603747833334,0.31151169408333246,0.0,15.8156872,904.8055292106357,3.897227610193767,Pbca,61,1.9,1.9,1.54,1.65,3.44,1.595,0.4,0.4,0.86,0.74,0.5785419118799023,0.15,2,2,4,12,8.0,4,4,12,8,2.0,6.0,2.0,6.0,8.0,3.0,2.0,4.0,6.0,2.0,1.7999999999999998,2.26,2.1399999999999997,2.1999999999999997,-2.7090231398239983,15.8156872,15.8156872
mp-1041482,ZnSi2SnO6,Si,Si,Zn,Sn,-2.5535212671250007,0.10168652162499647,3.0589000000000004,0.0,991.6586925560645,4.5049104877574635,Pbca,61,1.9,1.9,1.65,1.96,3.44,1.805,0.4,0.4,0.74,0.69,0.6017930052651468,0.06993006993006999,2,2,12,4,8.0,4,12,14,8,3.5,4.5,8.5,9.5,18.0,13.0,1.5,0.5,2.0,1.0,1.7999999999999998,2.1399999999999997,2.09,2.1149999999999998,-2.5412379331241324,0.0,2.0
mp-1041504,ZnCu(SiO3)2,Si,Si,Zn,Cu,-2.4224271761250002,0.09539912062499933,0.4857999999999998,8.0003881,891.4089421229727,4.189455198749012,Pbca,61,1.9,1.9,1.65,1.9,3.44,1.775,0.4,0.4,0.74,0.77,0.5906228334736823,0.03973509933774838,2,2,12,11,11.5,4,12,11,8,4.25,3.75,7.75,7.25,15.0,10.0,2.25,2.75,5.0,0.5,1.7999999999999998,2.1399999999999997,2.17,2.155,-2.4072770219240542,8.0003881,8.0003881
mp-1041661,Zn2CrWO6,Zn,Zn,Cr,W,-2.0096604864999996,0.07530004350001196,1.8064999999999998,2.98e-05,220.99291785173492,6.952704529841937,R3,146,1.65,1.65,1.66,1.7,3.44,1.68,0.74,0.74,0.73,0.66,0.7222952323337526,0.10071942446043157,2,2,6,6,6.0,4,6,6,8,4.0,4.0,2.0,2.0,4.0,1.0,2.0,2.0,4.0,0.0,2.1399999999999997,2.13,2.06,2.0949999999999998,-2.02027050945221,2.98e-05,4.0
mp-1041748,Zn2NiWO6,Zn,Zn,Ni,W,-1.6800651420000008,0.17635451849999928,2.6285000000000003,1.9998331,143.22534041140386,5.441567508745089,P1,1,1.65,1.65,1.91,1.7,3.44,1.805,0.74,0.74,0.69,0.66,0.7292571140911861,0.044444444444444314,2,2,10,6,8.0,4,10,6,8,5.0,3.0,5.0,3.0,8.0,3.0,5.0,3.0,8.0,2.0,2.1399999999999997,2.09,2.06,2.075,-1.6915815068128943,1.9998331,8.0
mp-1041762,Zn2CuWO6,Zn,Zn,Cu,W,-1.700905845999999,0.08035703012499607,0.46340000000000003,0.9994883,115.52456000047911,6.81611157570499,P1,1,1.65,1.65,1.9,1.7,3.44,1.7999999999999998,0.74,0.74,0.77,0.66,0.7154650173707854,0.1538461538461538,2,2,11,6,8.5,4,11,6,8,5.25,2.75,5.75,3.25,9.0,4.0,4.25,3.25,7.5,1.0,2.1399999999999997,2.17,2.06,2.115,-1.7064068799430319,0.9994883,7.5
mp-1041850,ZnCo(SiO3)2,Si,Si,Zn,Co,-2.535313214250001,0.04832032325000135,2.9414999999999996,24.0000056,892.517972858223,4.115592061039051,Pbca,61,1.9,1.9,1.65,1.88,3.44,1.765,0.4,0.4,0.74,0.65,0.6075380458882031,0.12949640287769779,2,2,12,9,10.5,4,12,9,8,4.75,3.25,7.25,5.75,13.0,8.0,2.75,4.25,7.0,1.5,1.7999999999999998,2.1399999999999997,2.05,2.0949999999999998,-2.5813516375447123,24.0000056,24.0000056
mp-1041852,ZnSi2NiO6,Si,Si,Zn,Ni,-2.5218578363750006,0.056423484541669566,3.4739,16.0000475,890.9521064629732,4.1192498957902615,Pbca,61,1.9,1.9,1.65,1.91,3.44,1.7799999999999998,0.4,0.4,0.74,0.69,0.6017930052651468,0.06993006993006999,2,2,12,10,11.0,4,12,10,8,4.5,3.5,7.5,6.5,14.0,9.0,2.5,3.5,6.0,1.0,1.7999999999999998,2.1399999999999997,2.09,2.1149999999999998,-2.5521616576189716,16.0000475,16.0000475
mp-1041868,ZnFe(SiO3)2,Si,Si,Zn,Fe,-2.6010156062500007,0.04280205266667281,3.0196,32.0001182,905.594538472638,4.010862678077169,Pbca,61,1.9,1.9,1.65,1.83,3.44,1.74,0.4,0.4,0.74,0.61,0.6133938342823061,0.1925925925925926,2,2,12,8,10.0,4,12,8,8,5.0,3.0,7.0,5.0,12.0,7.0,3.0,5.0,8.0,2.0,1.7999999999999998,2.1399999999999997,2.01,2.0749999999999997,-2.57367812090111,32.0001182,32.0001182
mp-1041863,MnZn(SiO3)2,Si,Si,Mn,Zn,-2.702770928043104,0.043576863916669595,2.6174000000000004,40.0002343,922.8391303573669,3.9228582133686762,Pbca,61,1.9,1.9,1.55,1.65,3.44,1.6,0.4,0.4,0.67,0.74,0.604651879399423,0.09929078014184389,2,2,7,12,9.5,4,7,12,8,2.75,5.25,4.25,6.75,11.0,6.0,4.25,3.25,7.5,1.0,1.7999999999999998,2.07,2.1399999999999997,2.1049999999999995,-2.669871573773078,40.0002343,40.0002343
mp-1041856,ZnCr(SiO3)2,Si,Si,Zn,Cr,-2.66850431875,0.09222803883333697,1.9762999999999997,31.9998081,916.665064606257,3.906645386109164,Pbca,61,1.9,1.9,1.65,1.66,3.44,1.6549999999999998,0.4,0.4,0.74,0.73,0.5961556000635998,0.01360544217687076,2,2,12,6,9.0,4,12,6,8,5.5,2.5,6.5,3.5,10.0,5.0,3.5,3.5,7.0,0.0,1.7999999999999998,2.1399999999999997,2.13,2.135,-2.6734850395411276,31.9998081,31.9998081
mp-1041874,VZn(SiO3)2,Si,Si,V,Zn,-2.700012112625,0.08305009554166976,1.7731000000000003,23.9999557,897.0551994494276,3.9764283306357737,Pbca,61,1.9,1.9,1.63,1.65,3.44,1.64,0.4,0.4,0.79,0.74,0.5878947834345429,0.06535947712418307,2,2,5,12,8.5,4,5,12,8,2.25,5.75,2.75,6.25,9.0,4.0,2.75,3.75,6.5,1.0,1.7999999999999998,2.19,2.1399999999999997,2.165,-2.688480973363885,23.9999557,23.9999557
mp-1041877,ZnSi2WO6,Si,Si,Zn,W,-2.2678672520000007,0.3669000349999987,0.5735999999999999,31.9999369,975.9733228192738,5.463818319785365,Pbca,61,1.9,1.9,1.65,1.7,3.44,1.6749999999999998,0.4,0.4,0.74,0.66,0.6060915267313264,0.11428571428571424,2,2,12,6,9.0,4,12,6,8,5.5,2.5,6.5,3.5,10.0,5.0,3.5,3.5,7.0,0.0,1.7999999999999998,2.1399999999999997,2.06,2.0999999999999996,-2.26164224890913,31.9999369,31.9999369
mp-1042338,Zn2SbWO6,Zn,Zn,Sb,W,-1.654582512999999,0.24981971649999934,0.0,0.0076214,165.24093325526928,5.350338409731826,P1,1,1.65,1.65,2.05,1.7,3.44,1.875,0.74,0.74,0.76,0.66,0.7171604321038917,0.1408450704225352,2,2,5,6,5.5,4,15,6,8,6.25,1.75,8.75,4.25,13.0,8.0,1.25,4.25,5.5,3.0,2.1399999999999997,2.16,2.06,2.1100000000000003,-1.593004896830894,0.0076214,5.5
mp-1042892,ZnCu(GeO3)2,Ge,Ge,Zn,Cu,-1.7508646540000001,0.0974415344999997,0.0039000000000000146,2.0006294,249.43677853152667,4.929374953126605,C2/c,15,2.01,2.01,1.65,1.9,3.44,1.775,0.73,0.73,0.74,0.77,0.6989036862771908,0.03973509933774838,2,2,12,11,11.5,4,12,11,8,4.25,3.75,7.75,7.25,15.0,10.0,2.25,2.75,5.0,0.5,2.13,2.1399999999999997,2.17,2.155,-1.7284731557713087,2.0006294,5.0
mp-1042969,TiZn(GeO3)2,Ge,Ge,Ti,Zn,-2.3040616555833338,0.08460383049999898,2.0269,0.0017882,544.2120499653122,4.327343447958404,P2_1/c,14,2.01,2.01,1.54,1.65,3.44,1.595,0.73,0.73,0.86,0.74,0.6846079290578845,0.15,2,2,4,12,8.0,4,4,12,8,2.0,6.0,2.0,6.0,8.0,3.0,2.0,4.0,6.0,2.0,2.13,2.26,2.1399999999999997,2.1999999999999997,-2.306620007412949,0.0017882,6.0
mp-1042955,ZnSn(GeO3)2,Ge,Ge,Zn,Sn,-1.8797169484999998,0.1059707319999994,2.0364,0.0007059,300.4269772294854,4.702544944219627,C2/c,15,2.01,2.01,1.65,1.96,3.44,1.805,0.73,0.73,0.74,0.69,0.7121217228970904,0.06993006993006999,2,2,12,4,8.0,4,12,14,8,3.5,4.5,8.5,9.5,18.0,13.0,1.5,0.5,2.0,1.0,2.13,2.1399999999999997,2.09,2.1149999999999998,-1.8988277573120083,0.0007059,2.0
mp-1042942,TiZn(GeO3)2,Ge,Ge,Ti,Zn,-2.232510610833333,0.15615487525000038,1.7124999999999995,2.8e-06,233.41312703017218,5.044687243346401,C2/c,15,2.01,2.01,1.54,1.65,3.44,1.595,0.73,0.73,0.86,0.74,0.6846079290578845,0.15,2,2,4,12,8.0,4,4,12,8,2.0,6.0,2.0,6.0,8.0,3.0,2.0,4.0,6.0,2.0,2.13,2.26,2.1399999999999997,2.1999999999999997,-2.264639537238484,2.8e-06,6.0
mp-1043010,ZnCu(GeO3)2,Ge,Ge,Zn,Cu,-1.7468183885000002,0.10148780000000013,0.12290000000000001,4.0008098,487.60071816037123,5.043337151433368,P2_1/c,14,2.01,2.01,1.65,1.9,3.44,1.775,0.73,0.73,0.74,0.77,0.6989036862771908,0.03973509933774838,2,2,12,11,11.5,4,12,11,8,4.25,3.75,7.75,7.25,15.0,10.0,2.25,2.75,5.0,0.5,2.13,2.1399999999999997,2.17,2.155,-1.7427491157826558,4.0008098,5.0
mp-1043166,ZnNi(GeO3)2,Ge,Ge,Zn,Ni,-1.8743939525000002,0.0436450825000021,2.2656,1e-07,229.6183377838064,5.284645627270066,C2/c,15,2.01,2.01,1.65,1.91,3.44,1.7799999999999998,0.73,0.73,0.74,0.69,0.7121217228970904,0.06993006993006999,2,2,12,10,11.0,4,12,10,8,4.5,3.5,7.5,6.5,14.0,9.0,2.5,3.5,6.0,1.0,2.13,2.1399999999999997,2.09,2.1149999999999998,-1.8895209674056863,1e-07,6.0
mp-1043196,ZnCo(GeO3)2,Ge,Ge,Zn,Co,-1.8777290802500004,0.03803571574999953,1.6158,4.2e-06,485.47035281479765,5.00235664485778,C2/c,15,2.01,2.01,1.65,1.88,3.44,1.765,0.73,0.73,0.74,0.65,0.7189200209677071,0.12949640287769779,2,2,12,9,10.5,4,12,9,8,4.75,3.25,7.25,5.75,13.0,8.0,2.75,4.25,7.0,1.5,2.13,2.1399999999999997,2.05,2.0949999999999998,-1.906174154441954,4.2e-06,7.0
mp-1043218,VZn(GeO3)2,Ge,Ge,V,Zn,-2.061239671,0.07324485508333556,0.0,0.0,492.53576578092617,4.822824905762352,C2/c,15,2.01,2.01,1.63,1.65,3.44,1.64,0.73,0.73,0.79,0.74,0.6956754937308758,0.06535947712418307,2,2,5,12,8.5,4,5,12,8,2.25,5.75,2.75,6.25,9.0,4.0,2.75,3.75,6.5,1.0,2.13,2.19,2.1399999999999997,2.165,-2.0741711286848505,0.0,6.5
mp-1043317,ZnCo(GeO3)2,Ge,Ge,Zn,Co,-1.8778496634999997,0.037915132500000226,1.5351,12.0000175,483.8276066128826,5.019341211812306,P2_1/c,14,2.01,2.01,1.65,1.88,3.44,1.765,0.73,0.73,0.74,0.65,0.7189200209677071,0.12949640287769779,2,2,12,9,10.5,4,12,9,8,4.75,3.25,7.25,5.75,13.0,8.0,2.75,4.25,7.0,1.5,2.13,2.1399999999999997,2.05,2.0949999999999998,-1.8994806235722876,12.0000175,12.0000175
mp-1043305,ZnNi(GeO3)2,Ge,Ge,Zn,Ni,-1.8729343455000005,0.04510468950000135,2.1605999999999996,8.0001151,473.9267453085775,5.120840115997782,P2_1/c,14,2.01,2.01,1.65,1.91,3.44,1.7799999999999998,0.73,0.73,0.74,0.69,0.7121217228970904,0.06993006993006999,2,2,12,10,11.0,4,12,10,8,4.5,3.5,7.5,6.5,14.0,9.0,2.5,3.5,6.0,1.0,2.13,2.1399999999999997,2.09,2.1149999999999998,-1.8391915127985492,8.0001151,8.0001151
mp-1043302,ZnGe2WO6,Ge,Ge,Zn,W,-1.8328167597499991,0.1324304190000003,1.8991999999999998,8.0004185,595.8328016628992,5.468222553201735,P2_1/c,14,2.01,2.01,1.65,1.7,3.44,1.6749999999999998,0.73,0.73,0.74,0.66,0.7172083066320696,0.11428571428571424,2,2,12,6,9.0,4,12,6,8,5.5,2.5,6.5,3.5,10.0,5.0,3.5,3.5,7.0,0.0,2.13,2.1399999999999997,2.06,2.0999999999999996,-1.8151839646110102,8.0004185,8.0004185
mp-1043308,ZnCr(GeO3)2,Ge,Ge,Zn,Cr,-1.9862673649999991,0.12588731050000135,0.0,1.58e-05,492.6272340822833,4.836148737561231,C2/c,15,2.01,2.01,1.65,1.66,3.44,1.6549999999999998,0.73,0.73,0.74,0.73,0.7054507934085931,0.01360544217687076,2,2,12,6,9.0,4,12,6,8,5.5,2.5,6.5,3.5,10.0,5.0,3.5,3.5,7.0,0.0,2.13,2.1399999999999997,2.13,2.135,-1.9864268178263316,1.58e-05,7.0
mp-1043368,VZn(GeO3)2,Ge,Ge,V,Zn,-2.059056739500001,0.07542778658333482,0.008100000000000218,11.9997775,498.2477097412286,4.767535729207235,P2_1/c,14,2.01,2.01,1.63,1.65,3.44,1.64,0.73,0.73,0.79,0.74,0.6956754937308758,0.06535947712418307,2,2,5,12,8.5,4,5,12,8,2.25,5.75,2.75,6.25,9.0,4.0,2.75,3.75,6.5,1.0,2.13,2.19,2.1399999999999997,2.165,-2.0294578567222,11.9997775,11.9997775
mp-1043347,ZnGe2WO6,Ge,Ge,Zn,W,-1.7769986075,0.18824857124999905,2.2638000000000003,0.0036845,300.472728196665,5.421700637433432,C2/c,15,2.01,2.01,1.65,1.7,3.44,1.6749999999999998,0.73,0.73,0.74,0.66,0.7172083066320696,0.11428571428571424,2,2,12,6,9.0,4,12,6,8,5.5,2.5,6.5,3.5,10.0,5.0,3.5,3.5,7.0,0.0,2.13,2.1399999999999997,2.06,2.0999999999999996,-1.7754512413470476,0.0036845,7.0
mp-1043445,MnZn(GeO3)2,Ge,Ge,Mn,Zn,-2.049281800543104,0.031410089750003145,1.2945,3.63e-05,514.296931565384,4.67037481115985,C2/c,15,2.01,2.01,1.55,1.65,3.44,1.6,0.73,0.73,0.67,0.74,0.7155047239559839,0.09929078014184389,2,2,7,12,9.5,4,7,12,8,2.75,5.25,4.25,6.75,11.0,6.0,4.25,3.25,7.5,1.0,2.13,2.07,2.1399999999999997,2.1049999999999995,-2.0665074845696694,3.63e-05,7.5
mp-1043588,ZnFe(GeO3)2,Ge,Ge,Zn,Fe,-1.938722734250001,0.03849171799999418,1.2894,1.1e-06,490.06079721034337,4.913642521891478,C2/c,15,2.01,2.01,1.65,1.83,3.44,1.74,0.73,0.73,0.74,0.61,0.7258493705673956,0.1925925925925926,2,2,12,8,10.0,4,12,8,8,5.0,3.0,7.0,5.0,12.0,7.0,3.0,5.0,8.0,2.0,2.13,2.1399999999999997,2.01,2.0749999999999997,-1.908260252704608,1.1e-06,8.0
mp-1043811,ZnFe(GeO3)2,Ge,Ge,Zn,Fe,-1.9369517235000004,0.040262728749994814,1.089,16.0000438,488.8541009263966,4.925771445757665,P2_1/c,14,2.01,2.01,1.65,1.83,3.44,1.74,0.73,0.73,0.74,0.61,0.7258493705673956,0.1925925925925926,2,2,12,8,10.0,4,12,8,8,5.0,3.0,7.0,5.0,12.0,7.0,3.0,5.0,8.0,2.0,2.13,2.1399999999999997,2.01,2.0749999999999997,-1.9261735226263073,16.0000438,16.0000438
mp-1044245,MnZn(GeO3)2,Ge,Ge,Mn,Zn,-2.044003002293105,0.03668888800000225,1.158,20.0027859,506.0775745235411,4.746227763403967,P2_1/c,14,2.01,2.01,1.55,1.65,3.44,1.6,0.73,0.73,0.67,0.74,0.7155047239559839,0.09929078014184389,2,2,7,12,9.5,4,7,12,8,2.75,5.25,4.25,6.75,11.0,6.0,4.25,3.25,7.5,1.0,2.13,2.07,2.1399999999999997,2.1049999999999995,-2.064747925379634,20.0027859,20.0027859
mp-1044410,PrMg(AgO3)2,Ag,Ag,Pr,Mg,-1.6301096354999998,0.09721133752083233,0.0,0.0070504,254.7028788105117,6.2189053941383605,Pmn2_1,31,1.93,1.93,1.13,1.31,3.44,1.22,1.15,1.15,0.99,0.72,0.7996107725169384,0.31578947368421056,1,1,4,4,4.0,2,4,4,10,5.0,5.0,0.0,0.0,0.0,5.0,0.0,0.0,0.0,0.0,2.55,2.3899999999999997,2.12,2.255,-1.633916409061672,0.0070504,0.0070504
mp-1044422,PrMg(BiO3)2,Bi,Bi,Pr,Mg,-2.2633685191666673,0.1471225754687575,0.0,0.0006612,303.1746642305672,7.439856976306188,Pmn2_1,31,1.9,1.9,1.13,1.31,3.44,1.22,1.03,1.03,0.99,0.72,0.7619820302808471,0.31578947368421056,3,3,4,4,4.0,6,4,4,6,3.0,3.0,1.0,1.0,2.0,3.0,1.0,1.0,2.0,0.0,2.4299999999999997,2.3899999999999997,2.12,2.255,-2.2808808842343624,0.0006612,2.0
mp-1044460,CaPr(BiO3)2,Bi,Bi,Ca,Pr,-2.4300542311666673,0.04832980670832843,0.0,0.0003123,315.86466441429974,7.306798658415356,Pmn2_1,31,1.9,1.9,1.0,1.13,3.44,1.065,1.03,1.03,1.0,0.99,0.7174402832080627,0.010050251256281416,3,3,4,4,4.0,6,4,4,6,3.0,3.0,1.0,1.0,2.0,3.0,1.0,1.0,2.0,0.0,2.4299999999999997,2.4,2.3899999999999997,2.3949999999999996,-2.457710225785954,0.0003123,2.0
mp-1044462,CaPr(AgO3)2,Ag,Ag,Ca,Pr,-1.7842643604999993,0.08848283468749685,0.0,0.0722925,267.7101612049556,6.112418240085539,Pmn2_1,31,1.93,1.93,1.0,1.13,3.44,1.065,1.15,1.15,1.0,0.99,0.7528694329961152,0.010050251256281416,1,1,4,4,4.0,2,4,4,10,5.0,5.0,0.0,0.0,0.0,5.0,0.0,0.0,0.0,0.0,2.55,2.4,2.3899999999999997,2.3949999999999996,-1.7657408095493665,0.0722925,0.0722925
mp-1044484,PrZn(AgO3)2,Ag,Ag,Pr,Zn,-1.3613138864999996,0.11652507502083331,0.0,0.0617503,255.29983103628706,6.7390671420792865,Pmn2_1,31,1.93,1.93,1.13,1.65,3.44,1.39,1.15,1.15,0.99,0.74,0.7960804821305502,0.28901734104046245,1,1,4,12,8.0,2,4,12,10,3.0,7.0,1.0,5.0,6.0,1.0,1.0,5.0,6.0,4.0,2.55,2.3899999999999997,2.1399999999999997,2.2649999999999997,-1.323125553690597,0.0617503,6.0
mp-1044507,PrZn(BiO3)2,Bi,Bi,Pr,Zn,-2.088678526666668,0.07233055646875552,0.0,7.08e-05,320.60087954937416,7.461257560662598,Pmn2_1,31,1.9,1.9,1.13,1.65,3.44,1.39,1.03,1.03,0.99,0.74,0.7586178712067595,0.28901734104046245,3,3,4,12,8.0,6,4,12,6,1.0,5.0,3.0,7.0,10.0,5.0,3.0,3.0,6.0,0.0,2.4299999999999997,2.3899999999999997,2.1399999999999997,2.2649999999999997,-2.1166498781430505,7.08e-05,6.0
mp-1044515,ZnSn(GeO3)2,Ge,Ge,Zn,Sn,-1.7893311669999996,0.1963565134999996,1.6763,0.0013692,557.6008144874273,5.067321733295483,P2_1/c,14,2.01,2.01,1.65,1.96,3.44,1.805,0.73,0.73,0.74,0.69,0.7121217228970904,0.06993006993006999,2,2,12,4,8.0,4,12,14,8,3.5,4.5,8.5,9.5,18.0,13.0,1.5,0.5,2.0,1.0,2.13,2.1399999999999997,2.09,2.1149999999999998,-1.7780717822661882,0.0013692,2.0
mp-1045238,Ca2CrWO6,Ca,Ca,Cr,W,-2.768614624,0.03418415769444749,1.8276999999999992,1.999332,240.90590671394162,5.679586769186975,P-1,2,1.0,1.0,1.66,1.7,3.44,1.68,1.0,1.0,0.73,0.66,0.8100507278509376,0.10071942446043157,2,2,6,6,6.0,4,6,6,8,4.0,4.0,2.0,2.0,4.0,1.0,2.0,2.0,4.0,0.0,2.4,2.13,2.06,2.0949999999999998,-2.7816274753824364,1.999332,4.0
mp-1045241,Ca2MnWO6,Ca,Ca,Mn,W,-2.756959295293103,0.020584987000029642,2.6496,1e-06,258.3667050547103,5.333568151987389,R3,146,1.0,1.0,1.55,1.7,3.44,1.625,1.0,1.0,0.67,0.66,0.8218190192967139,0.015037593984962419,2,2,7,6,6.5,4,7,6,8,4.25,3.75,2.75,2.25,5.0,0.0,2.75,2.25,5.0,0.5,2.4,2.07,2.06,2.065,-2.766701802968397,1e-06,5.0
mp-1045281,Ca2CoWO6,Ca,Ca,Co,W,-2.592070100000001,0.024863830999984238,0.0,0.0022291,246.51798986957758,5.643744846662853,R3,146,1.0,1.0,1.88,1.7,3.44,1.79,1.0,1.0,0.65,0.66,0.8258181386120264,0.015267175572519097,2,2,9,6,7.5,4,9,6,8,4.75,3.25,4.25,2.75,7.0,2.0,4.25,2.75,7.0,1.5,2.4,2.05,2.06,2.0549999999999997,-2.603917978484778,0.0022291,7.0
mp-1045062,Zn2MoWO6,Zn,Zn,Mo,W,-1.8870100100000002,0.04681614900000053,0.0,4.0,118.54071517025855,7.096462950201138,R3,146,1.65,1.65,2.16,1.7,3.44,1.9300000000000002,0.74,0.74,0.69,0.66,0.7292571140911861,0.044444444444444314,2,2,6,6,6.0,4,6,6,8,4.0,4.0,2.0,2.0,4.0,1.0,2.0,2.0,4.0,0.0,2.1399999999999997,2.09,2.06,2.075,-1.9042898253935965,4.0,4.0
mp-1046967,ZnSi2SnO6,Si,Si,Zn,Sn,-2.5630098935000007,0.09219789524999644,3.1413999999999995,0.001523,278.677133158168,4.007624875554606,C2/c,15,1.9,1.9,1.65,1.96,3.44,1.805,0.4,0.4,0.74,0.69,0.6017930052651468,0.06993006993006999,2,2,12,4,8.0,4,12,14,8,3.5,4.5,8.5,9.5,18.0,13.0,1.5,0.5,2.0,1.0,1.7999999999999998,2.1399999999999997,2.09,2.1149999999999998,-2.5620394609411044,0.001523,2.0
mp-1047088,VZn2IrO6,Zn,Zn,V,Ir,-1.6715305805,0.17983736999999955,0.2539000000000007,0.0052294,205.52858870235622,7.594158717391955,P2_1/c,14,1.65,1.65,1.63,2.2,3.44,1.915,0.74,0.74,0.79,0.68,0.7087627689645019,0.1496598639455782,2,2,5,9,7.0,4,5,9,8,3.0,5.0,2.0,4.0,6.0,1.0,2.0,4.0,6.0,2.0,2.1399999999999997,2.19,2.08,2.135,-1.6881495828282207,0.0052294,6.0
mp-1047090,MnZn2IrO6,Zn,Zn,Mn,Ir,-1.5511823172931039,0.09498738600000678,0.0,4.0106553,213.7374482857167,7.364594152398929,P2_1/c,14,1.65,1.65,1.55,2.2,3.44,1.875,0.74,0.74,0.67,0.68,0.7292571140911861,0.014814814814814828,2,2,7,9,8.0,4,7,9,8,3.5,4.5,3.5,4.5,8.0,3.0,3.5,4.5,8.0,1.0,2.1399999999999997,2.07,2.08,2.075,-1.545773180777507,4.0106553,8.0
mp-1047112,Mg2TaWO6,Mg,Mg,Ta,W,-2.791780952733334,0.09669613837500535,2.6819000000000006,3.0000235,116.12380303788603,7.284200838207168,R3,146,1.31,1.31,1.5,1.7,3.44,1.6,0.72,0.72,0.72,0.66,0.7172566392897037,0.08695652173913036,2,2,5,6,5.5,4,5,6,8,3.75,4.25,1.25,1.75,3.0,2.0,1.25,1.75,3.0,0.5,2.12,2.12,2.06,2.09,-2.7927857149223168,3.0000235,3.0000235
mp-1047076,Zn2CrIrO6,Zn,Zn,Cr,Ir,-1.63127749,0.11656953000000048,0.0,2.0187658,208.9989875206632,7.484816798056354,P2_1/c,14,1.65,1.65,1.66,2.2,3.44,1.9300000000000002,0.74,0.74,0.73,0.68,0.7188639010637584,0.07092198581560273,2,2,6,9,7.5,4,6,9,8,3.25,4.75,2.75,4.25,7.0,2.0,2.75,4.25,7.0,1.5,2.1399999999999997,2.13,2.08,2.105,-1.636056450937328,2.0187658,7.0
mp-1047149,Mg2VWO6,Mg,Mg,V,W,-2.610230057000001,0.021625638083332177,2.0007999999999995,6.000221,220.50449104250976,5.714064391587038,P1,1,1.31,1.31,1.63,1.7,3.44,1.665,0.72,0.72,0.79,0.66,0.7054430005249321,0.1793103448275862,2,2,5,6,5.5,4,5,6,8,3.75,4.25,1.25,1.75,3.0,2.0,1.25,1.75,3.0,0.5,2.12,2.19,2.06,2.125,-2.628381330240833,6.000221,6.000221
mp-1047170,Mg2MoWO6,Mg,Mg,Mo,W,-2.411782315,0.0365115822499984,2.0027,3.9983105,115.42437382499143,6.105384626879632,R3,146,1.31,1.31,2.16,1.7,3.44,1.9300000000000002,0.72,0.72,0.69,0.66,0.7224416270436052,0.044444444444444314,2,2,6,6,6.0,4,6,6,8,4.0,4.0,2.0,2.0,4.0,1.0,2.0,2.0,4.0,0.0,2.12,2.09,2.06,2.075,-2.4233177416113665,3.9983105,4.0
mp-1047130,Zn2NiIrO6,Zn,Zn,Ni,Ir,-1.3365544205000006,0.016886065499999603,0.0,0.0002889,421.3093032736153,7.531575385856643,P2_1/c,14,1.65,1.65,1.91,2.2,3.44,2.055,0.74,0.74,0.69,0.68,0.7257594780523796,0.014598540145985252,2,2,10,9,9.5,4,10,9,8,4.25,3.75,5.75,5.25,11.0,6.0,4.25,4.75,9.0,0.5,2.1399999999999997,2.09,2.08,2.085,-1.3214465959834856,0.0002889,9.0
mp-1047139,Ca2VWO6,Ca,Ca,V,W,-2.7895451729999996,0.05091160795833538,0.9013,3.000141,123.58734270653768,5.521372826293216,P-1,2,1.0,1.0,1.63,1.7,3.44,1.665,1.0,1.0,0.79,0.66,0.7986147175753947,0.1793103448275862,2,2,5,6,5.5,4,5,6,8,3.75,4.25,1.25,1.75,3.0,2.0,1.25,1.75,3.0,0.5,2.4,2.19,2.06,2.125,-2.779526829247512,3.000141,3.000141
mp-1047182,Mg2BiWO6,Mg,Mg,Bi,W,-2.28850792,0.13360621516666704,2.2512999999999996,0.9999274,142.01292721928888,6.284063117061375,P1,1,1.31,1.31,1.9,1.7,3.44,1.7999999999999998,0.72,0.72,1.03,0.66,0.6677355795614612,0.4378698224852071,2,2,5,6,5.5,4,15,6,8,6.25,1.75,8.75,4.25,13.0,8.0,1.25,4.25,5.5,3.0,2.12,2.4299999999999997,2.06,2.245,-2.3080590248959707,0.9999274,5.5
mp-1047190,Mg2TiWO6,Mg,Mg,Ti,W,-2.7847002743333333,0.12492626208333135,1.6436000000000002,1.9978501,110.4294575267813,5.6586631579401985,R3,146,1.31,1.31,1.54,1.7,3.44,1.62,0.72,0.72,0.86,0.66,0.6940122111645743,0.26315789473684204,2,2,4,6,5.0,4,4,6,8,3.5,4.5,0.5,1.5,2.0,3.0,0.5,1.5,2.0,1.0,2.12,2.26,2.06,2.16,-2.782713628224749,1.9978501,2.0
mp-1047188,Mg2SnWO6,Mg,Mg,Sn,W,-2.3460257584999993,0.13283524780769618,2.2891999999999997,3.02e-05,143.20410630051492,5.185051541465113,P1,1,1.31,1.31,1.96,1.7,3.44,1.83,0.72,0.72,0.69,0.66,0.7224416270436052,0.044444444444444314,2,2,4,6,5.0,4,14,6,8,6.0,2.0,8.0,4.0,12.0,7.0,2.0,4.0,6.0,2.0,2.12,2.09,2.06,2.075,-2.3309980160325634,3.02e-05,6.0
mp-1047142,Ca2NiIrO6,Ca,Ca,Ni,Ir,-2.0944001570000004,0.0,0.0,5.4432862,236.32502682908148,6.001518110862235,P2_1/c,14,1.0,1.0,1.91,2.2,3.44,2.055,1.0,1.0,0.69,0.68,0.8139358632363136,0.014598540145985252,2,2,10,9,9.5,4,10,9,8,4.25,3.75,5.75,5.25,11.0,6.0,4.25,4.75,9.0,0.5,2.4,2.09,2.08,2.085,-2.1277882626224276,5.4432862,9.0
mp-1047187,Mg2MnWO6,Mg,Mg,Mn,W,-2.4468425097931026,0.10473206250000189,2.9569,5.0000033,129.27309465614766,4.924650802489594,C2,5,1.31,1.31,1.55,1.7,3.44,1.625,0.72,0.72,0.67,0.66,0.7259401337120973,0.015037593984962419,2,2,7,6,6.5,4,7,6,8,4.25,3.75,2.75,2.25,5.0,0.0,2.75,2.25,5.0,0.5,2.12,2.07,2.06,2.065,-2.435975305945504,5.0000033,5.0000033
mp-1047117,Mg2CoWO6,Mg,Mg,Co,W,-2.3819900849999995,0.017436763250001874,2.6152,0.0,220.87309245463484,5.8246927667934525,R3,146,1.31,1.31,1.88,1.7,3.44,1.79,0.72,0.72,0.65,0.66,0.72947268910729,0.015267175572519097,2,2,9,6,7.5,4,9,6,8,4.75,3.25,4.25,2.75,7.0,2.0,4.25,2.75,7.0,1.5,2.12,2.05,2.06,2.0549999999999997,-2.3952425601789167,0.0,7.0
mp-1047208,Ca2AgWO6,Ca,Ca,Ag,W,-2.3618403631666665,0.08502819799999894,0.05800000000000005,1.0000145,139.76770289358453,5.558514513899282,P1,1,1.0,1.0,1.93,1.7,3.44,1.815,1.0,1.0,1.15,0.66,0.7362500107799194,0.5414364640883976,2,2,11,6,8.5,4,11,6,8,5.25,2.75,5.75,3.25,9.0,4.0,4.25,3.25,7.5,1.0,2.4,2.55,2.06,2.3049999999999997,-2.350428389794803,1.0000145,7.5
mp-1047202,Mg2FeWO6,Mg,Mg,Fe,W,-2.436051941000001,0.00531255549999976,2.3712999999999997,3.9987929,111.5356881121271,5.721315700392224,R3,146,1.31,1.31,1.83,1.7,3.44,1.7650000000000001,0.72,0.72,0.61,0.66,0.7366419538651011,0.07874015748031503,2,2,8,6,7.0,4,8,6,8,4.5,3.5,3.5,2.5,6.0,1.0,3.5,2.5,6.0,1.0,2.12,2.01,2.06,2.035,-2.4513171241308513,3.9987929,6.0
mp-1047200,VZn2WO6,Zn,Zn,V,W,-2.0053169449999997,0.10849677600000529,0.6772,3.0001103,113.86686452766774,6.73152834393752,R3,146,1.65,1.65,1.63,1.7,3.44,1.665,0.74,0.74,0.79,0.66,0.7120981231713935,0.1793103448275862,2,2,5,6,5.5,4,5,6,8,3.75,4.25,1.25,1.75,3.0,2.0,1.25,1.75,3.0,0.5,2.1399999999999997,2.19,2.06,2.125,-2.04141458701329,3.0001103,3.0001103
mp-1047193,Mg2AgWO6,Mg,Mg,Ag,W,-2.145787471166667,0.08778750099999932,0.044299999999999784,0.9999581,119.50761508454538,6.06252111321646,P1,1,1.31,1.31,1.93,1.7,3.44,1.815,0.72,0.72,1.15,0.66,0.6503541761889289,0.5414364640883976,2,2,11,6,8.5,4,11,6,8,5.25,2.75,5.75,3.25,9.0,4.0,4.25,3.25,7.5,1.0,2.12,2.55,2.06,2.3049999999999997,-2.1783383199243302,0.9999581,7.5
mp-1047226,Ca2BiWO6,Ca,Ca,Bi,W,-2.5016841659999995,0.13932913350000575,0.5237999999999996,0.9999681,155.3353696512586,6.082333763868247,R3,146,1.0,1.0,1.9,1.7,3.44,1.7999999999999998,1.0,1.0,1.03,0.66,0.7559270712016543,0.4378698224852071,2,2,5,6,5.5,4,15,6,8,6.25,1.75,8.75,4.25,13.0,8.0,1.25,4.25,5.5,3.0,2.4,2.4299999999999997,2.06,2.245,-2.500722467066772,0.9999681,5.5
mp-1047222,Mg2CrWO6,Mg,Mg,Cr,W,-2.5608212329999986,0.04557286974999997,1.6677999999999997,5.9e-06,217.30323726241107,5.814360086727293,R3,146,1.31,1.31,1.66,1.7,3.44,1.68,0.72,0.72,0.73,0.66,0.7155448096016616,0.10071942446043157,2,2,6,6,6.0,4,6,6,8,4.0,4.0,2.0,2.0,4.0,1.0,2.0,2.0,4.0,0.0,2.12,2.13,2.06,2.0949999999999998,-2.555626782965569,5.9e-06,4.0
mp-1047241,Ca2MoWO6,Ca,Ca,Mo,W,-2.637373254,0.02465190250000404,1.7734999999999994,4.0000026,129.45109726208628,5.848490889603289,P-1,2,1.0,1.0,2.16,1.7,3.44,1.9300000000000002,1.0,1.0,0.69,0.66,0.8178584457097415,0.044444444444444314,2,2,6,6,6.0,4,6,6,8,4.0,4.0,2.0,2.0,4.0,1.0,2.0,2.0,4.0,0.0,2.4,2.09,2.06,2.075,-2.6554595865020882,4.0000026,4.0000026
mp-1047258,Ca2SbWO6,Ca,Ca,Sb,W,-2.5022618030000006,0.14804865533333,2.1461000000000006,0.9999915,167.64849998705893,4.771701994397362,P1,1,1.0,1.0,2.05,1.7,3.44,1.875,1.0,1.0,0.76,0.66,0.8042920733875422,0.1408450704225352,2,2,5,6,5.5,4,15,6,8,6.25,1.75,8.75,4.25,13.0,8.0,1.25,4.25,5.5,3.0,2.4,2.16,2.06,2.1100000000000003,-2.489489953824453,0.9999915,5.5
mp-1047266,TiZn2WO6,Zn,Zn,Ti,W,-2.296455748333334,0.08332048974999928,0.0,2.0000299,111.81912953698192,6.809145284788498,R3,146,1.65,1.65,1.54,1.7,3.44,1.62,0.74,0.74,0.86,0.66,0.7005594961755608,0.26315789473684204,2,2,4,6,5.0,4,4,6,8,3.5,4.5,0.5,1.5,2.0,3.0,0.5,1.5,2.0,1.0,2.1399999999999997,2.26,2.06,2.16,-2.329686149578713,2.0000299,2.0000299
mp-1047279,Mg2SbWO6,Mg,Mg,Sb,W,-2.271280678,0.17667315074999923,2.7696,1.0000119,156.5066174487202,4.776701001302857,P1,1,1.31,1.31,2.05,1.7,3.44,1.875,0.72,0.72,0.76,0.66,0.7104579981589957,0.1408450704225352,2,2,5,6,5.5,4,15,6,8,6.25,1.75,8.75,4.25,13.0,8.0,1.25,4.25,5.5,3.0,2.12,2.16,2.06,2.1100000000000003,-2.2726022739729466,1.0000119,5.5
mp-1047316,MnZn2WO6,Zn,Zn,Mn,W,-1.9827600887931034,0.0635412400000046,2.0924000000000005,2.7e-06,232.72612920371466,6.644156784301002,R3,146,1.65,1.65,1.55,1.7,3.44,1.625,0.74,0.74,0.67,0.66,0.7327886255395697,0.015037593984962419,2,2,7,6,6.5,4,7,6,8,4.25,3.75,2.75,2.25,5.0,0.0,2.75,2.25,5.0,0.5,2.1399999999999997,2.07,2.06,2.065,-2.0069804127883524,2.7e-06,5.0
mp-1047314,Zn2SnWO6,Zn,Zn,Sn,W,-1.7153372834999991,0.2442669205000012,2.1511000000000005,6.7e-06,154.21669907663045,5.699968117321738,P1,1,1.65,1.65,1.96,1.7,3.44,1.83,0.74,0.74,0.69,0.66,0.7292571140911861,0.044444444444444314,2,2,4,6,5.0,4,14,6,8,6.0,2.0,8.0,4.0,12.0,7.0,2.0,4.0,6.0,2.0,2.1399999999999997,2.09,2.06,2.075,-1.7283740056560424,6.7e-06,6.0
mp-1047405,Mg2TeWO6,Mg,Mg,Te,W,-2.136688917666666,0.2511270004666679,1.6119999999999997,0.0002284,164.2015366072071,4.6119109485061855,P1,1,1.31,1.31,2.1,1.7,3.44,1.9,0.72,0.72,2.21,0.66,0.5287712085063424,1.0801393728222994,2,2,4,6,5.0,4,4,6,8,3.5,4.5,0.5,1.5,2.0,3.0,0.5,1.5,2.0,1.0,2.12,3.61,2.06,2.835,-2.1357409442403377,0.0002284,2.0
mp-1047414,Zn2FeWO6,Zn,Zn,Fe,W,-1.8712016285000004,0.058776070499999555,2.8349,8.000147,229.24624171434587,6.758152051129244,R3,146,1.65,1.65,1.83,1.7,3.44,1.7650000000000001,0.74,0.74,0.61,0.66,0.7435914062600547,0.07874015748031503,2,2,8,6,7.0,4,8,6,8,4.5,3.5,3.5,2.5,6.0,1.0,3.5,2.5,6.0,1.0,2.1399999999999997,2.01,2.06,2.035,-1.8884098958056794,8.000147,8.000147
mp-1047481,Mg2CuWO6,Mg,Mg,Cu,W,-2.245661577999999,0.0879580295000002,0.0,1.0016279,115.41167769764589,5.63997255654653,P1,1,1.31,1.31,1.9,1.7,3.44,1.7999999999999998,0.72,0.72,0.77,0.66,0.708778428423395,0.1538461538461538,2,2,11,6,8.5,4,11,6,8,5.25,2.75,5.75,3.25,9.0,4.0,4.25,3.25,7.5,1.0,2.12,2.17,2.06,2.115,-2.2533526888845956,1.0016279,7.5
mp-1047504,Zn2TeWO6,Zn,Zn,Te,W,-1.4765078146666668,0.34809142245833247,1.9748,0.0001408,195.88301088445152,4.562889125414394,P1,1,1.65,1.65,2.1,1.7,3.44,1.9,0.74,0.74,2.21,0.66,0.5337596161337606,1.0801393728222994,2,2,4,6,5.0,4,4,6,8,3.5,4.5,0.5,1.5,2.0,3.0,0.5,1.5,2.0,1.0,2.1399999999999997,3.61,2.06,2.835,-1.456381958482378,0.0001408,2.0
mp-1047738,Ca2TeWO6,Ca,Ca,Te,W,-2.423080994666667,0.17668253706666892,1.5426999999999995,0.0001138,163.62135675326758,4.948414106658474,P1,1,1.0,1.0,2.1,1.7,3.44,1.9,1.0,1.0,2.21,0.66,0.5986089152901989,1.0801393728222994,2,2,4,6,5.0,4,4,6,8,3.5,4.5,0.5,1.5,2.0,3.0,0.5,1.5,2.0,1.0,2.4,3.61,2.06,2.835,-2.43461883205713,0.0001138,2.0
mp-1048100,BaTl(BiO3)2,Bi,Bi,Ba,Tl,-1.5450572338333353,0.2571974022499992,0.0,0.0022636,382.3720906940568,7.431867274497125,I4/mmm,139,1.9,1.9,0.89,1.8,3.44,1.345,1.03,1.03,1.35,1.5,0.6082369834631186,0.10526315789473678,3,3,4,4,4.0,6,4,4,6,3.0,3.0,1.0,1.0,2.0,3.0,1.0,1.0,2.0,0.0,2.4299999999999997,2.75,2.9,2.825,-1.5283433915920324,0.0022636,2.0
mp-1048318,Ca2FeWO6,Ca,Ca,Fe,W,-2.6501649574999995,0.022344671500000857,3.2617999999999996,0.0001178,252.2890948147813,5.473992044920185,R3,146,1.0,1.0,1.83,1.7,3.44,1.7650000000000001,1.0,1.0,0.61,0.66,0.833934287394454,0.07874015748031503,2,2,8,6,7.0,4,8,6,8,4.5,3.5,3.5,2.5,6.0,1.0,3.5,2.5,6.0,1.0,2.4,2.01,2.06,2.035,-2.6727590945931516,0.0001178,6.0
mp-1049207,HoMg(BiO3)2,Bi,Bi,Ho,Mg,-2.3125847475,0.16502794768750562,0.0,0.0010376,291.3473352475779,8.015715341553074,Pmn2_1,31,1.9,1.9,1.23,1.31,3.44,1.27,1.03,1.03,0.9010000000000001,0.72,0.7773216368619363,0.22331893892658872,3,3,4,4,4.0,6,4,4,6,3.0,3.0,1.0,1.0,2.0,3.0,1.0,1.0,2.0,0.0,2.4299999999999997,2.301,2.12,2.2105,-2.301988663941694,0.0010376,2.0
mp-1049283,HoZn(BiO3)2,Bi,Bi,Ho,Zn,-2.1388775664999997,0.08925311718750528,0.0,0.0001257,306.65616926738784,8.06071146896463,Pmn2_1,31,1.9,1.9,1.23,1.65,3.44,1.44,1.03,1.03,0.9010000000000001,0.74,0.773820976484265,0.19622181596587465,3,3,4,12,8.0,6,4,12,6,1.0,5.0,3.0,7.0,10.0,5.0,3.0,3.0,6.0,0.0,2.4299999999999997,2.301,2.1399999999999997,2.2205,-2.110046194086842,0.0001257,6.0
mp-1049311,CaHo(BiO3)2,Bi,Bi,Ca,Ho,-2.4684070589999996,0.08102597168750059,0.0,0.002145,304.0743573466504,7.852489408078228,Pmn2_1,31,1.9,1.9,1.0,1.23,3.44,1.115,1.03,1.03,1.0,0.9010000000000001,0.7310229645961752,0.1041557075223565,3,3,4,4,4.0,6,4,4,6,3.0,3.0,1.0,1.0,2.0,3.0,1.0,1.0,2.0,0.0,2.4299999999999997,2.4,2.301,2.3505000000000003,-2.5178399490025454,0.002145,2.0
mp-1078185,Ba2LuSbO6,Ba,Ba,Lu,Sb,-3.1285257716666672,0.0,3.2383,3.8e-06,149.6115680607324,7.407222989363976,Fm-3m,225,0.89,0.89,1.0,2.05,3.44,1.525,1.35,1.35,0.861,0.76,0.8796849799877882,0.1246144355336212,2,2,4,5,4.5,4,4,15,8,1.25,6.75,2.75,8.25,11.0,6.0,2.75,1.75,4.5,1.0,2.75,2.261,2.16,2.2105,-3.144463676776077,3.8e-06,4.5
mp-1078180,Sr2MgOsO6,Sr,Sr,Mg,Os,-2.6314451725000003,0.0,0.0,1.9999995,125.88030048872947,6.408011302262392,I4/m,87,0.95,0.95,1.31,2.2,3.44,1.7550000000000001,1.18,1.18,0.72,0.63,0.8791978291379723,0.13333333333333328,2,2,4,8,6.0,4,4,8,8,3.0,5.0,1.0,3.0,4.0,1.0,1.0,3.0,4.0,2.0,2.58,2.12,2.03,2.075,-2.6199037299563894,1.9999995,4.0
mp-1078209,LiLa2FeO6,La,La,Li,Fe,-2.761924758833332,0.0,0.7563840849990893,6.0067605,223.68777889515417,6.482073378180237,R-3,148,1.1,1.1,0.98,1.83,3.44,1.405,1.032,1.032,0.76,0.61,0.8247883414127979,0.21897810218978103,3,3,4,8,6.0,6,4,8,6,2.0,4.0,2.0,4.0,6.0,1.0,2.0,4.0,6.0,2.0,2.432,2.16,2.01,2.085,-2.765985666554192,6.0067605,6.0067605
mp-1078303,Ba2YOsO6,Ba,Ba,Y,Os,-2.8627057039999997,0.0,0.05509999999999993,2.9981856,151.77042848310484,7.1093918977248745,Fm-3m,225,0.89,0.89,1.22,2.2,3.44,1.71,1.35,1.35,0.9,0.63,0.8981725858027739,0.35294117647058826,2,2,3,8,5.5,4,3,8,8,2.75,5.25,0.25,2.75,3.0,2.0,0.25,2.75,3.0,2.5,2.75,2.3,2.03,2.165,-2.8552827865325736,2.9981856,3.0
mp-1078277,Mn2FeWO6,Mn,Mn,Fe,W,-2.0024472055862077,0.030312309000002813,0.0,5.9999078,117.7826620772119,6.281617400614672,R3,146,1.55,1.55,1.83,1.7,3.44,1.7650000000000001,0.67,0.67,0.61,0.66,0.7192683228777166,0.07874015748031503,2,2,8,6,7.0,4,8,6,8,4.5,3.5,3.5,2.5,6.0,1.0,3.5,2.5,6.0,1.0,2.07,2.01,2.06,2.035,-2.0145269093205243,5.9999078,6.0
mp-1078354,Sr2CrOsO6,Sr,Sr,Cr,Os,-2.4927518179999995,0.0,0.0,0.0003361,123.97252194657221,6.877528409422746,R-3,148,0.95,0.95,1.66,2.2,3.44,1.9300000000000002,1.18,1.18,0.73,0.63,0.8770843728179291,0.14705882352941174,2,2,6,8,7.0,4,6,8,8,3.5,4.5,2.5,3.5,6.0,1.0,2.5,3.5,6.0,1.0,2.58,2.13,2.03,2.08,-2.4910200222505416,0.0003361,6.0
mp-1078353,MnPb2WO6,Pb,Pb,Mn,W,-1.893074984293103,0.039917861906244134,1.2994999999999992,7e-07,276.7461106114451,8.990431212278864,Fm-3m,225,1.8,1.8,1.55,1.7,3.44,1.625,1.19,1.19,0.67,0.66,0.8868796916577036,0.015037593984962419,2,2,7,6,6.5,4,7,6,8,4.25,3.75,2.75,2.25,5.0,0.0,2.75,2.25,5.0,0.5,2.59,2.07,2.06,2.065,-1.8961885290009446,7e-07,5.0
mp-1078367,InNi2SbO6,Ni,Ni,In,Sb,-1.6801165316666669,0.0,0.0,7.29e-05,114.87644466019039,6.5041893863299105,R3,146,1.91,1.91,1.78,2.05,3.44,1.915,0.69,0.69,0.8,0.76,0.6779142993944424,0.05128205128205133,2,2,3,5,4.0,4,13,15,8,3.5,4.5,9.5,10.0,19.5,14.5,0.5,0.0,0.5,0.5,2.09,2.2,2.16,2.18,-1.6567608904334707,7.29e-05,0.5
mp-1078392,YSb(PbO3)2,Pb,Pb,Y,Sb,-2.2813862830000007,0.022194282843743807,2.2943000000000007,1.31e-05,147.78766497945406,8.101840146231552,C2/m,12,1.8,1.8,1.22,2.05,3.44,1.6349999999999998,1.19,1.19,0.9,0.76,0.8212585485529855,0.1686746987951807,2,2,3,5,4.0,4,3,15,8,1.0,7.0,2.0,8.0,10.0,5.0,2.0,2.0,4.0,0.0,2.59,2.3,2.16,2.23,-2.2762978661339766,1.31e-05,4.0
mp-1078409,Ba2LaBiO6,Ba,Ba,La,Bi,-2.788171481500001,0.0,1.8277999999999999,0.0002193,176.63293497795286,6.755011736174673,C2/m,12,0.89,0.89,1.1,1.9,3.44,1.5,1.35,1.35,1.032,1.03,0.7998945488535605,0.0019398642095053362,2,2,4,5,4.5,4,3,15,8,1.0,7.0,2.0,8.0,10.0,5.0,2.0,2.0,4.0,0.0,2.75,2.432,2.4299999999999997,2.431,-2.7814194282584968,0.0002193,4.0
mp-1078394,Ba2LuBiO6,Ba,Ba,Lu,Bi,-2.8643274956666667,0.0,1.4518,2e-06,159.89298267674369,7.8367362172132005,R-3,148,0.89,0.89,1.0,1.9,3.44,1.45,1.35,1.35,0.861,1.03,0.8290529304041806,0.17874140666314123,2,2,4,5,4.5,4,4,15,8,1.25,6.75,2.75,8.25,11.0,6.0,2.75,1.75,4.5,1.0,2.75,2.261,2.4299999999999997,2.3455,-2.872565034989116,2e-06,4.5
mp-1078410,Ba2ZnTeO6,Ba,Ba,Zn,Te,-2.367489561666666,0.0,0.4443999999999999,0.0,141.04458602176385,6.63604666909781,Fm-3m,225,0.89,0.89,1.65,2.1,3.44,1.875,1.35,1.35,0.74,2.21,0.6763630080914802,0.9966101694915254,2,2,12,4,8.0,4,12,4,8,6.0,2.0,6.0,2.0,8.0,3.0,4.0,2.0,6.0,2.0,2.75,2.1399999999999997,3.61,2.875,-2.377241686148116,0.0,6.0
mp-1078457,Ba2ZrTiO6,Ba,Ba,Zr,Ti,-3.5609177323333343,0.004841601999999057,2.2161,0.0001906,142.60745998415732,5.935492503968665,Fm-3m,225,0.89,0.89,1.33,1.54,3.44,1.435,1.35,1.35,0.72,0.86,0.8879194740926967,0.17721518987341772,2,2,4,4,4.0,4,4,4,8,4.0,4.0,0.0,0.0,0.0,5.0,0.0,0.0,0.0,0.0,2.75,2.12,2.26,2.19,-3.5695688960897267,0.0001906,0.0001906
mp-1078518,Sr2NiIrO6,Sr,Sr,Ni,Ir,-2.082495822,0.0,0.0,4.9991988,126.2851327855621,6.865773840407955,I4/m,87,0.95,0.95,1.91,2.2,3.44,2.055,1.18,1.18,0.69,0.68,0.8749810529790373,0.014598540145985252,2,2,10,9,9.5,4,10,9,8,4.25,3.75,5.75,5.25,11.0,6.0,4.25,4.75,9.0,0.5,2.58,2.09,2.08,2.085,-2.074606779152434,4.9991988,9.0
mp-1078539,Sr2MgMoO6,Sr,Sr,Mg,Mo,-2.860713332499999,0.0,2.3131353551575917,5.5e-06,127.84498276789084,5.084831218098984,I4/m,87,0.95,0.95,1.31,2.16,3.44,1.735,1.18,1.18,0.72,0.69,0.8666676938058397,0.04255319148936174,2,2,4,6,5.0,4,4,6,8,3.5,4.5,0.5,1.5,2.0,3.0,0.5,1.5,2.0,1.0,2.58,2.12,2.09,2.105,-2.8691330221164044,5.5e-06,2.0
mp-1078551,Ba2NdMoO6,Ba,Ba,Nd,Mo,-2.74322613075,0.23951277799999993,1.0952000000000002,1.0000042,161.71093299419744,6.272371607667149,P-1,2,0.89,0.89,1.14,2.16,3.44,1.65,1.35,1.35,0.983,0.69,0.8694583716803066,0.35026897788404066,2,2,4,6,5.0,4,4,6,8,3.5,4.5,0.5,1.5,2.0,3.0,0.5,1.5,2.0,1.0,2.75,2.383,2.09,2.2365,-2.737430633612072,1.0000042,2.0
mp-1078580,Sr2TiMoO6,Sr,Sr,Ti,Mo,-3.0476749623333332,0.026625541499999628,0.0,2.0000053,128.35864672462304,5.369297656089907,I4/m,87,0.95,0.95,1.54,2.16,3.44,1.85,1.18,1.18,0.86,0.69,0.8387749404419736,0.2193548387096775,2,2,4,6,5.0,4,4,6,8,3.5,4.5,0.5,1.5,2.0,3.0,0.5,1.5,2.0,1.0,2.58,2.26,2.09,2.175,-3.0061669463604246,2.0000053,2.0000053
mp-1078601,La2ReNiO6,La,La,Re,Ni,-2.6026033742500005,0.2504285115000098,0.2827000000000002,4.9908085,126.44442449584223,8.125216897538888,Fm-3m,225,1.1,1.1,1.9,1.91,3.44,1.9049999999999998,1.032,1.032,0.63,0.69,0.8347979086629532,0.09090909090909083,3,3,7,10,8.5,6,7,10,6,2.25,3.75,4.75,6.25,11.0,6.0,4.75,3.75,8.5,1.0,2.432,2.03,2.09,2.0599999999999996,-2.5851808801813667,4.9908085,8.5
mp-1078675,La2HfNiO6,La,La,Hf,Ni,-3.2478029979999996,0.1879936493749952,2.043399999999999,1.9991191,130.82371315417603,7.7552759362720725,Fm-3m,225,1.1,1.1,1.3,1.91,3.44,1.605,1.032,1.032,0.71,0.69,0.8188969961169922,0.0285714285714286,3,3,4,10,7.0,6,4,10,6,1.5,4.5,2.5,5.5,8.0,3.0,2.5,4.5,7.0,2.0,2.432,2.11,2.09,2.0999999999999996,-3.2543234686433564,1.9991191,7.0
mp-1078671,Sr2CaWO6,Sr,Sr,Ca,W,-3.02835251,0.020756413000000862,3.4604999999999997,0.0,143.80208022096147,5.717742226567517,I4/m,87,0.95,0.95,1.0,1.7,3.44,1.35,1.18,1.18,1.0,0.66,0.8180876661261401,0.4096385542168674,2,2,4,6,5.0,4,4,6,8,3.5,4.5,0.5,1.5,2.0,3.0,0.5,1.5,2.0,1.0,2.58,2.4,2.06,2.23,-3.004328231556721,0.0,2.0
mp-1078725,Ba2UZnO6,Ba,Ba,U,Zn,-3.1767472289999987,0.0,1.7862999999999998,0.0,153.53428451999207,7.290553886102897,Fm-3m,225,0.89,0.89,1.7,1.65,3.44,1.6749999999999998,1.35,1.35,1.025,0.74,0.8519358809476476,0.3229461756373937,2,2,4,12,8.0,4,4,12,8,2.0,6.0,2.0,6.0,8.0,3.0,2.0,4.0,6.0,2.0,2.75,2.425,2.1399999999999997,2.2824999999999998,-3.1849087364604296,0.0,6.0
mp-1078741,Ba2CuOsO6,Ba,Ba,Cu,Os,-2.111882844,0.0,0.0,1.0011331,144.72702024370693,7.164414987049755,I4/m,87,0.89,0.89,1.9,2.2,3.44,2.05,1.35,1.35,0.77,0.63,0.9259731658395266,0.20000000000000004,2,2,11,8,9.5,4,11,8,8,4.75,3.25,6.25,4.75,11.0,6.0,3.75,4.75,8.5,1.0,2.75,2.17,2.03,2.0999999999999996,-2.152645334703557,1.0011331,8.5
mp-1078727,Ba2BiIrO6,Ba,Ba,Bi,Ir,-2.127008411,0.011211237444450184,0.0,2.0001193,158.5898830850815,8.081747727075015,P-1,2,0.89,0.89,1.9,2.2,3.44,2.05,1.35,1.35,1.03,0.68,0.8623253429104237,0.4093567251461988,2,2,5,9,7.0,4,15,9,8,5.5,2.5,9.5,6.5,16.0,11.0,0.5,3.5,4.0,3.0,2.75,2.4299999999999997,2.08,2.255,-2.147170137218348,2.0001193,4.0
mp-1078748,Sr2TaInO6,Sr,Sr,Ta,In,-3.0946329813999993,0.004889957500000541,3.7911000000000006,6.21e-05,138.39888844108788,6.8030130061882454,C2/m,12,0.95,0.95,1.5,1.78,3.44,1.6400000000000001,1.18,1.18,0.72,0.8,0.8445997664172651,0.10526315789473693,2,2,5,3,4.0,4,5,13,8,2.0,6.0,3.0,7.0,10.0,5.0,3.0,3.0,6.0,0.0,2.58,2.12,2.2,2.16,-3.1320488198205165,6.21e-05,6.0
mp-1078758,Sr2NiRuO6,Sr,Sr,Ni,Ru,-2.1422981304999995,0.0,0.0,8.0151053,249.7725962835352,5.730748827099283,Fm-3m,225,0.95,0.95,1.91,2.2,3.44,2.055,1.18,1.18,0.69,0.68,0.8749810529790373,0.014598540145985252,2,2,10,8,9.0,4,10,8,8,4.5,3.5,5.5,4.5,10.0,5.0,4.5,4.5,9.0,0.0,2.58,2.09,2.08,2.085,-2.1493284001808255,8.0151053,9.0
mp-1078783,La2VReO6,La,La,V,Re,-2.657909011250001,0.4357961824687564,0.0,0.0299999,128.65776349442703,7.885385336647652,Fm-3m,225,1.1,1.1,1.63,1.9,3.44,1.765,1.032,1.032,0.79,0.63,0.8150159676993761,0.2253521126760564,3,3,5,7,6.0,6,5,7,6,2.5,3.5,2.5,3.5,6.0,1.0,2.5,3.5,6.0,1.0,2.432,2.19,2.03,2.11,-2.65754064366621,0.0299999,6.0
mp-1078874,Ba2CeTaO6,Ba,Ba,Ce,Ta,-3.484094686733333,0.0,0.0,0.9980479,162.61796913557265,7.063294373774144,C2/m,12,0.89,0.89,1.12,1.5,3.44,1.31,1.35,1.35,1.01,0.72,0.8585181670035346,0.33526011560693647,2,2,4,5,4.5,4,4,5,8,3.75,4.25,0.25,0.75,1.0,4.0,0.25,0.75,1.0,0.5,2.75,2.41,2.12,2.265,-3.4505659404878273,0.9980479,1.0
mp-1078868,Sr2MgReO6,Sr,Sr,Mg,Re,-2.86752002375,0.0,0.0,0.9987282,126.9381478606982,6.30198291901641,I4/m,87,0.95,0.95,1.31,1.9,3.44,1.605,1.18,1.18,0.72,0.63,0.8791978291379723,0.13333333333333328,2,2,4,7,5.5,4,4,7,8,3.25,4.75,0.75,2.25,3.0,2.0,0.75,2.25,3.0,1.5,2.58,2.12,2.03,2.075,-2.8609814762747168,0.9987282,3.0
mp-1078887,Sr2MnNbO6,Sr,Sr,Mn,Nb,-2.963928790793105,0.030933103000002404,0.0,3.9999946,130.71834738759054,5.323660349563057,Fm-3m,225,0.95,0.95,1.55,1.6,3.44,1.5750000000000002,1.18,1.18,0.67,0.72,0.870804532439758,0.07194244604316537,2,2,7,5,6.0,4,7,5,8,4.5,3.5,2.5,1.5,4.0,1.0,2.5,1.5,4.0,1.0,2.58,2.07,2.12,2.0949999999999998,-2.9683108013692823,3.9999946,4.0
mp-1078893,La2TiCoO6,La,La,Ti,Co,-3.1401167693333347,0.19779298849999805,0.0,2.9973855,122.94902244238972,6.491044603943777,Fm-3m,225,1.1,1.1,1.54,1.88,3.44,1.71,1.032,1.032,0.86,0.65,0.7979970727822198,0.2781456953642384,3,3,4,9,6.5,6,4,9,6,1.75,4.25,2.25,4.75,7.0,2.0,2.25,4.75,7.0,2.5,2.432,2.26,2.05,2.155,-3.123528657709665,2.9973855,7.0
mp-1078907,Ba2GdMoO6,Ba,Ba,Gd,Mo,-3.008848843999999,0.03173217800000039,0.0,5.9992498,156.85067110139718,6.604443256101903,I4/m,87,0.89,0.89,1.2,2.16,3.44,1.6800000000000002,1.35,1.35,0.938,0.69,0.8782943307420983,0.3046683046683047,2,2,4,6,5.0,4,4,6,8,3.5,4.5,0.5,1.5,2.0,3.0,0.5,1.5,2.0,1.0,2.75,2.338,2.09,2.214,-3.053071550180157,5.9992498,5.9992498
mp-1078912,Sr2HfFeO6,Sr,Sr,Hf,Fe,-2.9756634325000006,0.042010477999996354,0.0,0.0140169,260.6565176991025,6.441588871356823,Fm-3m,225,0.95,0.95,1.3,1.83,3.44,1.565,1.18,1.18,0.71,0.61,0.8855997550782975,0.1515151515151515,2,2,4,8,6.0,4,4,8,8,3.0,5.0,1.0,3.0,4.0,1.0,1.0,3.0,4.0,2.0,2.58,2.11,2.01,2.0599999999999996,-2.9709511413378293,0.0140169,4.0
mp-1078906,CoTe(PbO3)2,Pb,Pb,Co,Te,-1.4755814881666658,0.040938931129620215,1.8262,0.0005181,534.0916338343625,8.667267917871925,R-3,148,1.8,1.8,1.88,2.1,3.44,1.99,1.19,1.19,0.65,2.21,0.6471401283650734,1.090909090909091,2,2,9,4,6.5,4,9,4,8,5.25,2.75,3.75,1.25,5.0,0.0,3.75,1.25,5.0,2.5,2.59,2.05,3.61,2.83,-1.4601641842889264,0.0005181,5.0
mp-1078950,ReTc(SnO3)2,Sn,Sn,Re,Tc,-1.4943440987500005,0.33949200200000096,0.0,0.0013797,128.30023443603514,7.993654805755772,Fm-3m,225,1.96,1.96,1.9,2.1,3.44,2.0,0.69,0.69,0.63,0.645,0.7253267105177347,0.023529411764705906,2,2,7,7,7.0,4,7,7,8,4.0,4.0,3.0,3.0,6.0,1.0,3.0,3.0,6.0,0.0,2.09,2.03,2.045,2.0374999999999996,-1.5239158236655974,0.0013797,6.0
mp-1078995,Sr2MgTeO6,Sr,Sr,Mg,Te,-2.7162596431666666,0.0,0.0,0.0,124.43836690789809,5.646512758380699,C2/m,12,0.95,0.95,1.31,2.1,3.44,1.705,1.18,1.18,0.72,2.21,0.6367663160423359,1.0170648464163823,2,2,4,4,4.0,4,4,4,8,4.0,4.0,0.0,0.0,0.0,5.0,0.0,0.0,0.0,0.0,2.58,2.12,3.61,2.865,-2.693384562302528,0.0,0.0
mp-1078969,Ba2NbVO6,Ba,Ba,Nb,V,-3.1194117230000002,0.0,0.0,0.0002321,555.9031753755852,6.1474338170845675,Fm-3m,225,0.89,0.89,1.6,1.63,3.44,1.615,1.35,1.35,0.72,0.79,0.902340440029237,0.09271523178807956,2,2,5,5,5.0,4,5,5,8,4.0,4.0,1.0,1.0,2.0,3.0,1.0,1.0,2.0,0.0,2.75,2.12,2.19,2.1550000000000002,-3.112641794850112,0.0002321,2.0
mp-1079027,Sr2ZrCoO6,Sr,Sr,Zr,Co,-2.695174324,0.1355649634274183,0.0,3.2188041,125.35529081704516,5.582058190997426,Fm-3m,225,0.95,0.95,1.33,1.88,3.44,1.605,1.18,1.18,0.72,0.65,0.8749810529790373,0.10218978102189773,2,2,4,9,6.5,4,4,9,8,2.75,5.25,1.25,3.75,5.0,0.0,1.25,3.75,5.0,2.5,2.58,2.12,2.05,2.085,-2.703480082278016,3.2188041,5.0
mp-1079056,ZrTi(PbO3)2,Pb,Pb,Zr,Ti,-2.784397941333333,0.01897674540624905,2.3681,0.0006773,143.58696432608696,7.511121970807825,P4mm,99,1.8,1.8,1.33,1.54,3.44,1.435,1.19,1.19,0.72,0.86,0.8362587046909398,0.17721518987341772,2,2,4,4,4.0,4,4,4,8,4.0,4.0,0.0,0.0,0.0,5.0,0.0,0.0,0.0,0.0,2.59,2.12,2.26,2.19,-2.771742304011207,0.0006773,0.0006773
mp-1079113,Ba2SrUO6,Ba,Ba,Sr,U,-3.5002917170000005,0.009000906000000697,2.2601000000000004,0.0,173.88826603169127,6.649282520916701,R-3,148,0.89,0.89,0.95,1.7,3.44,1.325,1.35,1.35,1.18,1.025,0.7770404188863159,0.14058956916099774,2,2,4,4,4.0,4,4,4,8,4.0,4.0,0.0,0.0,0.0,5.0,0.0,0.0,0.0,0.0,2.75,2.58,2.425,2.5025,-3.4548778598439127,0.0,0.0
mp-1079169,Ba2NdIrO6,Ba,Ba,Nd,Ir,-2.69351797275,0.0,0.0,2.0000014,158.59778397475378,7.403525795086081,Fm-3m,225,0.89,0.89,1.14,2.2,3.44,1.67,1.35,1.35,0.983,0.68,0.8714065194994424,0.36440168370414905,2,2,4,9,6.5,4,4,9,8,2.75,5.25,1.25,3.75,5.0,0.0,1.25,3.75,5.0,2.5,2.75,2.383,2.08,2.2315,-2.68988064764883,2.0000014,5.0
mp-1079192,Sr2GdRuO6,Sr,Sr,Gd,Ru,-2.8139318780000004,0.014360915999999335,0.0,4.0006794,143.75190495206726,6.117130007354249,I4/m,87,0.95,0.95,1.2,2.2,3.44,1.7000000000000002,1.18,1.18,0.938,0.68,0.8258648689277016,0.318912237330037,2,2,4,8,6.0,4,4,8,8,3.0,5.0,1.0,3.0,4.0,1.0,1.0,3.0,4.0,2.0,2.58,2.338,2.08,2.209,-2.8089674662739936,4.0006794,4.0006794
mp-1079236,ReTc(PbO3)2,Pb,Pb,Re,Tc,-1.5909761277499996,0.15035919554687638,0.0,0.0004581,129.7555493198715,10.168890632522603,Fm-3m,225,1.8,1.8,1.9,2.1,3.44,2.0,1.19,1.19,0.63,0.645,0.8988498470052311,0.023529411764705906,2,2,7,7,7.0,4,7,7,8,4.0,4.0,3.0,3.0,6.0,1.0,3.0,3.0,6.0,0.0,2.59,2.03,2.045,2.0374999999999996,-1.6001633457408044,0.0004581,6.0
mp-1079272,Sr2ZrVO6,Sr,Sr,Zr,V,-3.2696620160000007,0.0201521141801706,0.0,3.998742,530.8664981927305,5.172449257602513,Fm-3m,225,0.95,0.95,1.33,1.63,3.44,1.48,1.18,1.18,0.72,0.79,0.8465593946456115,0.09271523178807956,2,2,4,5,4.5,4,4,5,8,3.75,4.25,0.25,0.75,1.0,4.0,0.25,0.75,1.0,0.5,2.58,2.12,2.19,2.1550000000000002,-3.286658903389297,3.998742,3.998742
mp-1079351,Sr2CuMoO6,Sr,Sr,Cu,Mo,-2.362045463,0.06795379149999636,0.0,0.9983653,128.06954852757858,5.584710661371381,I4/m,87,0.95,0.95,1.9,2.16,3.44,2.0300000000000002,1.18,1.18,0.77,0.69,0.8564955377752548,0.10958904109589052,2,2,11,6,8.5,4,11,6,8,5.25,2.75,5.75,3.25,9.0,4.0,4.25,3.25,7.5,1.0,2.58,2.17,2.09,2.13,-2.345438746669115,0.9983653,7.5
mp-1079373,La2TiNiO6,La,La,Ti,Ni,-3.2231669323333336,0.10399365625000101,0.0,2.0000001,122.68202066554844,6.501925835517364,Fm-3m,225,1.1,1.1,1.54,1.91,3.44,1.725,1.032,1.032,0.86,0.69,0.790659168664682,0.2193548387096775,3,3,4,10,7.0,6,4,10,6,1.5,4.5,2.5,5.5,8.0,3.0,2.5,4.5,7.0,2.0,2.432,2.26,2.09,2.175,-3.240288608851511,2.0000001,7.0
mp-1079416,ZrTi(PbO3)2,Pb,Pb,Zr,Ti,-2.7675064923333323,0.03586819440625,1.7537000000000003,5.62e-05,142.12467780668408,7.588402092550249,P4mm,99,1.8,1.8,1.33,1.54,3.44,1.435,1.19,1.19,0.72,0.86,0.8362587046909398,0.17721518987341772,2,2,4,4,4.0,4,4,4,8,4.0,4.0,0.0,0.0,0.0,5.0,0.0,0.0,0.0,0.0,2.59,2.12,2.26,2.19,-2.7660751675889443,5.62e-05,5.62e-05
mp-1079403,Sr2CoOsO6,Sr,Sr,Co,Os,-2.2406844570000013,0.0,0.0,4.6819973,126.32962190729553,6.840389814368157,I4/m,87,0.95,0.95,1.88,2.2,3.44,2.04,1.18,1.18,0.65,0.63,0.8942821056182806,0.03125000000000003,2,2,9,8,8.5,4,9,8,8,4.25,3.75,4.75,4.25,9.0,4.0,4.75,4.25,9.0,0.5,2.58,2.05,2.03,2.04,-2.2502376059353035,4.6819973,9.0
mp-1079391,Sr2LaCrO6,Sr,Sr,La,Cr,-2.7497591514999997,0.2373767043125019,0.0,1.0002377,148.3426546001943,5.173145623452889,Fm-3m,225,0.95,0.95,1.1,1.66,3.44,1.38,1.18,1.18,1.032,0.73,0.7997963592552796,0.34279228149829744,2,2,4,6,5.0,4,3,6,8,3.25,4.75,0.0,1.25,1.25,3.75,0.0,1.25,1.25,1.25,2.58,2.432,2.13,2.2809999999999997,-2.740179554985072,1.0002377,1.25
mp-1079477,Ba2VMoO6,Ba,Ba,V,Mo,-2.6755853955000006,0.08307170624999927,0.35240000000000027,8e-07,270.2922211372477,6.3589098920166505,Fm-3m,225,0.89,0.89,1.63,2.16,3.44,1.895,1.35,1.35,0.79,0.69,0.9086652561976662,0.13513513513513525,2,2,5,6,5.5,4,5,6,8,3.75,4.25,1.25,1.75,3.0,2.0,1.25,1.75,3.0,0.5,2.75,2.19,2.09,2.1399999999999997,-2.6689121533942615,8e-07,3.0
mp-1079450,CoTe(PbO3)2,Pb,Pb,Co,Te,-1.4745952374166662,0.0419251818796198,1.6060999999999996,0.0003482,534.5476752093172,8.659873567542332,C2/m,12,1.8,1.8,1.88,2.1,3.44,1.99,1.19,1.19,0.65,2.21,0.6471401283650734,1.090909090909091,2,2,9,4,6.5,4,9,4,8,5.25,2.75,3.75,1.25,5.0,0.0,3.75,1.25,5.0,2.5,2.59,2.05,3.61,2.83,-1.4538444385315081,0.0003482,5.0
mp-1079517,La2MnNiO6,La,La,Mn,Ni,-2.7739587797931042,0.09728324066665195,1.2799000000000005,4.9934596,117.52420760031438,6.887186586716715,Fm-3m,225,1.1,1.1,1.55,1.91,3.44,1.73,1.032,1.032,0.67,0.69,0.8267710056950401,0.029411764705882217,3,3,7,10,8.5,6,7,10,6,2.25,3.75,4.75,6.25,11.0,6.0,4.75,3.75,8.5,1.0,2.432,2.07,2.09,2.08,-2.7841591077701993,4.9934596,8.5
mp-1079632,Ba2CeNbO6,Ba,Ba,Ce,Nb,-3.375568956,0.008726700999991621,0.0,0.9999998,162.20300578187766,6.180047226631262,C2/m,12,0.89,0.89,1.12,1.6,3.44,1.36,1.35,1.35,1.01,0.72,0.8585181670035346,0.33526011560693647,2,2,4,5,4.5,4,4,5,8,3.75,4.25,0.25,0.75,1.0,4.0,0.25,0.75,1.0,0.5,2.75,2.41,2.12,2.265,-3.3809664547058675,0.9999998,1.0
mp-1079615,Ba2UCdO6,Ba,Ba,U,Cd,-3.1063567009999993,0.0,1.8464,2e-07,167.78130963889217,7.136662805599377,Fm-3m,225,0.89,0.89,1.7,1.69,3.44,1.6949999999999998,1.35,1.35,1.025,0.95,0.8144685437750809,0.07594936708860756,2,2,4,12,8.0,4,4,12,8,2.0,6.0,2.0,6.0,8.0,3.0,2.0,4.0,6.0,2.0,2.75,2.425,2.3499999999999996,2.3874999999999997,-3.1259319753156456,2e-07,6.0
mp-1079630,Ba2TaInO6,Ba,Ba,Ta,In,-3.075058790399999,0.0,3.9458999999999995,9.2e-06,148.17176644031986,7.468428673623505,Fm-3m,225,0.89,0.89,1.5,1.78,3.44,1.6400000000000001,1.35,1.35,0.72,0.8,0.9002516890106507,0.10526315789473693,2,2,5,3,4.0,4,5,13,8,2.0,6.0,3.0,7.0,10.0,5.0,3.0,3.0,6.0,0.0,2.75,2.12,2.2,2.16,-3.0839446556015213,9.2e-06,6.0
mp-1079670,TmSb(PbO3)2,Pb,Pb,Tm,Sb,-2.3204203960000003,0.009356901843744048,2.3522,0.0,145.10600273340856,9.167382676055794,C2/m,12,1.8,1.8,1.25,2.05,3.44,1.65,1.19,1.19,1.03,0.76,0.7979985025155373,0.3016759776536313,2,2,4,5,4.5,4,4,15,8,1.25,6.75,2.75,8.25,11.0,6.0,2.75,1.75,4.5,1.0,2.59,2.4299999999999997,2.16,2.295,-2.3128743861391032,0.0,4.5
mp-1079705,Ba2LuTaO6,Ba,Ba,Lu,Ta,-3.6264090853999997,0.0,3.4088999999999996,0.0,146.8893514686582,8.213597660401053,Fm-3m,225,0.89,0.89,1.0,1.5,3.44,1.25,1.35,1.35,0.861,0.72,0.8877167990244261,0.17836812144212527,2,2,4,5,4.5,4,4,5,8,3.75,4.25,0.25,0.75,1.0,4.0,0.25,0.75,1.0,0.5,2.75,2.261,2.12,2.1905,-3.6112693130670928,0.0,1.0
mp-1079778,Sr2ZnWO6,Sr,Sr,Zn,W,-2.6802651330000002,0.006595909999997929,3.5324000000000004,1.19e-05,130.84011649316815,6.605667777340923,I4/m,87,0.95,0.95,1.65,1.7,3.44,1.6749999999999998,1.18,1.18,0.74,0.66,0.8687311883149013,0.11428571428571424,2,2,12,6,9.0,4,12,6,8,5.5,2.5,6.5,3.5,10.0,5.0,3.5,3.5,7.0,0.0,2.58,2.1399999999999997,2.06,2.0999999999999996,-2.6987084394835525,1.19e-05,7.0
mp-1079839,Ba2GdMoO6,Ba,Ba,Gd,Mo,-3.040581021999999,0.0,0.9083000000000001,6.0007546,158.00130671201794,6.5563467703389975,P-1,2,0.89,0.89,1.2,2.16,3.44,1.6800000000000002,1.35,1.35,0.938,0.69,0.8782943307420983,0.3046683046683047,2,2,4,6,5.0,4,4,6,8,3.5,4.5,0.5,1.5,2.0,3.0,0.5,1.5,2.0,1.0,2.75,2.338,2.09,2.214,-3.023188903597886,6.0007546,6.0007546
mp-1079925,Sr2YCrO6,Sr,Sr,Y,Cr,-2.858571588,0.14805001862500156,0.0,0.9978197,137.946214632594,4.961149777092333,Fm-3m,225,0.95,0.95,1.22,1.66,3.44,1.44,1.18,1.18,0.9,0.73,0.8236277631879425,0.2085889570552148,2,2,3,6,4.5,4,3,6,8,3.25,4.75,0.0,1.25,1.25,3.75,0.0,1.25,1.25,1.25,2.58,2.3,2.13,2.215,-2.8314588308239013,0.9978197,1.25
mp-1079901,Ba2CrMoO6,Ba,Ba,Cr,Mo,-2.6602070959999993,0.0,0.0,3e-07,270.2477271734844,6.372916826136196,Fm-3m,225,0.89,0.89,1.66,2.16,3.44,1.9100000000000001,1.35,1.35,0.73,0.69,0.9215846674232254,0.056338028169014134,2,2,6,6,6.0,4,6,6,8,4.0,4.0,2.0,2.0,4.0,1.0,2.0,2.0,4.0,0.0,2.75,2.13,2.09,2.11,-2.6519383979355253,3e-07,4.0
mp-1079926,La2ZrNiO6,La,La,Zr,Ni,-3.144442356,0.21829075762499883,1.9201000000000006,2.0027138,133.10732623705698,6.5335651816876075,Fm-3m,225,1.1,1.1,1.33,1.91,3.44,1.62,1.032,1.032,0.72,0.69,0.816951872610776,0.04255319148936174,3,3,4,10,7.0,6,4,10,6,1.5,4.5,2.5,5.5,8.0,3.0,2.5,4.5,7.0,2.0,2.432,2.12,2.09,2.105,-3.1069064397488386,2.0027138,7.0
mp-1079971,Sr2ZnMoO6,Sr,Sr,Zn,Mo,-2.5619588460000005,0.010877846000004077,2.4361,4.25e-05,129.9849552138211,5.52621613911213,I4/m,87,0.95,0.95,1.65,2.16,3.44,1.905,1.18,1.18,0.74,0.69,0.8625699742133772,0.06993006993006999,2,2,12,6,9.0,4,12,6,8,5.5,2.5,6.5,3.5,10.0,5.0,3.5,3.5,7.0,0.0,2.58,2.1399999999999997,2.09,2.1149999999999998,-2.577434629982072,4.25e-05,7.0
mp-1080028,Sr2ZrTiO6,Sr,Sr,Zr,Ti,-3.589645374333334,0.017015185749999162,2.516,0.0,133.6875456261517,5.096695249786058,I4/m,87,0.95,0.95,1.33,1.54,3.44,1.435,1.18,1.18,0.72,0.86,0.83302990660333,0.17721518987341772,2,2,4,4,4.0,4,4,4,8,4.0,4.0,0.0,0.0,0.0,5.0,0.0,0.0,0.0,0.0,2.58,2.12,2.26,2.19,-3.6145384683995623,0.0,0.0
mp-1080023,MoOs(PbO3)2,Pb,Pb,Mo,Os,-1.5327349709999993,0.1335721474999989,0.0,0.0040522,135.52555633238202,9.760001463819169,Fm-3m,225,1.8,1.8,2.16,2.2,3.44,2.18,1.19,1.19,0.69,0.63,0.8890323122685234,0.09090909090909083,2,2,6,8,7.0,4,6,8,8,3.5,4.5,2.5,3.5,6.0,1.0,2.5,3.5,6.0,1.0,2.59,2.09,2.03,2.0599999999999996,-1.5683093759780848,0.0040522,6.0
mp-1080123,Ba2LaIrO6,Ba,Ba,La,Ir,-2.7094955565000007,0.002358151999999336,0.0,2.0001472,162.06226823452286,7.190577306105338,Fm-3m,225,0.89,0.89,1.1,2.2,3.44,1.6500000000000001,1.35,1.35,1.032,0.68,0.8619431064995591,0.41121495327102797,2,2,4,9,6.5,4,3,9,8,2.5,5.5,0.5,3.5,4.0,1.0,0.5,3.5,4.0,3.0,2.75,2.432,2.08,2.2560000000000002,-2.6795746702702172,2.0001472,4.0
mp-1080434,Sr2YCoO6,Sr,Sr,Y,Co,-2.57161409725,0.07619040572917068,0.0,4e-06,534.6923229490615,5.205918389921076,Fm-3m,225,0.95,0.95,1.22,1.88,3.44,1.5499999999999998,1.18,1.18,0.9,0.65,0.8387749404419736,0.3225806451612903,2,2,3,9,6.0,4,3,9,8,2.5,5.5,0.5,3.5,4.0,1.0,0.5,3.5,4.0,3.0,2.58,2.3,2.05,2.175,-2.5585267841229187,4e-06,4.0
mp-1080507,Ca2TiMnO6,Ca,Ca,Ti,Mn,-3.0255128953764383,0.02028718716666944,1.1677000000000004,1e-07,444.2886869136165,4.170439172840485,I4/m,87,1.0,1.0,1.54,1.55,3.44,1.545,1.0,1.0,0.86,0.67,0.7838597112460572,0.24836601307189535,2,2,4,7,5.5,4,4,7,8,3.25,4.75,0.75,2.25,3.0,2.0,0.75,2.25,3.0,1.5,2.4,2.26,2.07,2.165,-3.0266245887946472,1e-07,3.0
mp-1080506,Sr2TaInO6,Sr,Sr,Ta,In,-3.0576499634000003,0.041872975499999576,4.0244,0.0,140.9485413887938,6.679951625108293,Fm-3m,225,0.95,0.95,1.5,1.78,3.44,1.6400000000000001,1.18,1.18,0.72,0.8,0.8445997664172651,0.10526315789473693,2,2,5,3,4.0,4,5,13,8,2.0,6.0,3.0,7.0,10.0,5.0,3.0,3.0,6.0,0.0,2.58,2.12,2.2,2.16,-3.0520505908736038,0.0,6.0
mp-1080470,Ba2SmOsO6,Ba,Ba,Sm,Os,-2.8243193915000004,0.0,0.07050000000000001,3.0006239,156.66156544095182,7.538814439074666,Fm-3m,225,0.89,0.89,1.17,2.2,3.44,1.685,1.35,1.35,0.958,0.63,0.8863006601016433,0.4130982367758186,2,2,4,8,6.0,4,4,8,8,3.0,5.0,1.0,3.0,4.0,1.0,1.0,3.0,4.0,2.0,2.75,2.3579999999999997,2.03,2.194,-2.846829172445968,3.0006239,4.0
mp-1080625,Sr2LiReO6,Sr,Sr,Li,Re,-2.7493427235833336,0.0,1.8425022901269674,0.0001602,127.17159722661064,6.06368447054162,I4/m,87,0.95,0.95,0.98,1.9,3.44,1.44,1.18,1.18,0.76,0.63,0.870804532439758,0.18705035971223022,2,2,4,7,5.5,4,4,7,8,3.25,4.75,0.75,2.25,3.0,2.0,0.75,2.25,3.0,1.5,2.58,2.16,2.03,2.0949999999999998,-2.700427683990997,0.0001602,3.0
mp-1080670,Sr2LaCoO6,Sr,Sr,La,Co,-2.4582152535000006,0.17010349866667163,0.0,1.9999919,144.86354168982137,5.376904793315693,Fm-3m,225,0.95,0.95,1.1,1.88,3.44,1.49,1.18,1.18,1.032,0.65,0.8140720640166411,0.4542211652794293,2,2,4,9,6.5,4,3,9,8,2.5,5.5,0.5,3.5,4.0,1.0,0.5,3.5,4.0,3.0,2.58,2.432,2.05,2.2409999999999997,-2.455630829860496,1.9999919,4.0
mp-1080719,Sr2YTaO6,Sr,Sr,Y,Ta,-3.569693758733333,0.017271496499999373,3.8257999999999996,0.0,140.72483798820875,6.384809629322768,I4/m,87,0.95,0.95,1.22,1.5,3.44,1.3599999999999999,1.18,1.18,0.9,0.72,0.8254911744168745,0.22222222222222227,2,2,3,5,4.0,4,3,5,8,3.5,4.5,0.0,0.5,0.5,4.5,0.0,0.5,0.5,0.5,2.58,2.3,2.12,2.21,-3.567505862841235,0.0,0.5
mp-1080738,Sn2MoOsO6,Sn,Sn,Mo,Os,-1.428745165,0.44221059449999967,0.0,0.0099066,133.54293986087288,7.704244229184739,Fm-3m,225,1.96,1.96,2.16,2.2,3.44,2.18,0.69,0.69,0.69,0.63,0.7174044527572254,0.09090909090909083,2,2,6,8,7.0,4,6,8,8,3.5,4.5,2.5,3.5,6.0,1.0,2.5,3.5,6.0,1.0,2.09,2.09,2.03,2.0599999999999996,-1.4142298325220262,0.0099066,6.0
mp-1080730,Sr2ZrMnO6,Sr,Sr,Zr,Mn,-3.0756113137931047,0.004860288999999796,1.5056000000000003,0.0,258.54663812495295,5.361558210584693,Fm-3m,225,0.95,0.95,1.33,1.55,3.44,1.44,1.18,1.18,0.72,0.67,0.870804532439758,0.07194244604316537,2,2,4,7,5.5,4,4,7,8,3.25,4.75,0.75,2.25,3.0,2.0,0.75,2.25,3.0,1.5,2.58,2.12,2.07,2.0949999999999998,-3.0659911291583706,0.0,3.0
mp-1080753,NaPb2IO6,Pb,Pb,Na,I,-1.33546270663793,0.04049648900000058,2.6086,1.33e-05,142.1552226740244,7.7129660292597295,Fm-3m,225,1.8,1.8,0.93,2.66,3.44,1.7950000000000002,1.19,1.19,1.02,2.2,0.6084407186954013,0.7329192546583851,2,2,4,4,4.0,4,4,4,8,4.0,4.0,0.0,0.0,0.0,5.0,0.0,0.0,0.0,0.0,2.59,2.42,3.6,3.01,-1.3309850261523475,1.33e-05,1.33e-05
mp-1080742,Sr2ZrCrO6,Sr,Sr,Zr,Cr,-3.11760866075,0.03537113696875238,0.0,1.91e-05,523.3911109862939,5.259708819440491,Fm-3m,225,0.95,0.95,1.33,1.66,3.44,1.495,1.18,1.18,0.72,0.73,0.8585108213935494,0.013793103448275874,2,2,4,6,5.0,4,4,6,8,3.5,4.5,0.5,1.5,2.0,3.0,0.5,1.5,2.0,1.0,2.58,2.12,2.13,2.125,-3.1334181498589064,1.91e-05,2.0
mp-1080787,Sr2GdRuO6,Sr,Sr,Gd,Ru,-2.2427773600000003,0.5855154339999995,0.0,3.9999872,139.09460786441048,6.32194953418911,C2/m,12,0.95,0.95,1.2,2.2,3.44,1.7000000000000002,1.18,1.18,0.938,0.68,0.8258648689277016,0.318912237330037,2,2,4,8,6.0,4,4,8,8,3.0,5.0,1.0,3.0,4.0,1.0,1.0,3.0,4.0,2.0,2.58,2.338,2.08,2.209,-2.23334799285728,3.9999872,4.0
mp-1080812,TmSb(PbO3)2,Pb,Pb,Tm,Sb,-2.318154242,0.011623055843744012,2.731,3.6e-06,144.33756040914176,9.21618913246993,R-3,148,1.8,1.8,1.25,2.05,3.44,1.65,1.19,1.19,1.03,0.76,0.7979985025155373,0.3016759776536313,2,2,4,5,4.5,4,4,15,8,1.25,6.75,2.75,8.25,11.0,6.0,2.75,1.75,4.5,1.0,2.59,2.4299999999999997,2.16,2.295,-2.2805137520704992,3.6e-06,4.5
mp-1084749,TiZn(BiO3)2,Bi,Bi,Ti,Zn,-1.965331641333335,0.29017297349999716,0.0,0.0065084,123.73452933376511,8.417579470595612,P4/mmm,123,1.9,1.9,1.54,1.65,3.44,1.595,1.03,1.03,0.86,0.74,0.7810315810378682,0.15,3,3,4,12,8.0,6,4,12,6,1.0,5.0,3.0,7.0,10.0,5.0,3.0,3.0,6.0,0.0,2.4299999999999997,2.26,2.1399999999999997,2.1999999999999997,-1.9384232404102355,0.0065084,6.0
mp-1080842,Ba2UPbO6,Ba,Ba,U,Pb,-3.040996817999999,0.028178937249997205,1.1945999999999994,3.04e-05,184.99056940624502,7.3236137070496286,Fm-3m,225,0.89,0.89,1.7,1.8,3.44,1.75,1.35,1.35,1.025,1.19,0.7754909863461639,0.14898419864559823,2,2,4,4,4.0,4,4,4,8,4.0,4.0,0.0,0.0,0.0,5.0,0.0,0.0,0.0,0.0,2.75,2.425,2.59,2.5075,-3.0091330854672114,3.04e-05,3.04e-05
mp-1084762,MnRe(PbO3)2,Pb,Pb,Mn,Re,-1.8002045410431038,0.061807520816963724,0.17579999999999973,3.9893583,135.88578412860775,9.183918239408825,Fm-3m,225,1.8,1.8,1.55,1.9,3.44,1.725,1.19,1.19,0.67,0.63,0.893369055255199,0.06153846153846159,2,2,7,7,7.0,4,7,7,8,4.0,4.0,3.0,3.0,6.0,1.0,3.0,3.0,6.0,0.0,2.59,2.07,2.03,2.05,-1.8104288545717275,3.9893583,6.0
mp-1084823,Sr2CrSbO6,Sr,Sr,Cr,Sb,-2.6735308439999996,0.0,1.6894,3.0020521,127.78675562107807,5.782504047739504,C2/m,12,0.95,0.95,1.66,2.05,3.44,1.855,1.18,1.18,0.73,0.76,0.850506058490113,0.040268456375838965,2,2,6,5,5.5,4,6,15,8,1.75,6.25,4.25,8.75,13.0,8.0,4.25,1.25,5.5,3.0,2.58,2.13,2.16,2.145,-2.6933229404051713,3.0020521,5.5
mp-1084840,TiZn(BiO3)2,Bi,Bi,Ti,Zn,-2.210799909333334,0.044704705499998276,1.3495,0.0005948,146.0296383743298,7.1324235649603756,Cm,8,1.9,1.9,1.54,1.65,3.44,1.595,1.03,1.03,0.86,0.74,0.7810315810378682,0.15,3,3,4,12,8.0,6,4,12,6,1.0,5.0,3.0,7.0,10.0,5.0,3.0,3.0,6.0,0.0,2.4299999999999997,2.26,2.1399999999999997,2.1999999999999997,-2.2133156477353273,0.0005948,6.0
mp-1086666,Sr2TaInO6,Sr,Sr,Ta,In,-3.089794027400001,0.009728911499998993,3.9307999999999996,1.7e-06,138.28136732462005,6.808794679448357,I4/m,87,0.95,0.95,1.5,1.78,3.44,1.6400000000000001,1.18,1.18,0.72,0.8,0.8445997664172651,0.10526315789473693,2,2,5,3,4.0,4,5,13,8,2.0,6.0,3.0,7.0,10.0,5.0,3.0,3.0,6.0,0.0,2.58,2.12,2.2,2.16,-3.088679529154227,1.7e-06,6.0
mp-1087477,La2TcNiO6,La,La,Tc,Ni,-2.6543959835,0.09219494600000111,0.0,5.0011018,124.44966065273233,7.078502265418832,Fm-3m,225,1.1,1.1,2.1,1.91,3.44,2.005,1.032,1.032,0.645,0.69,0.8317696212071021,0.06741573033707855,3,3,7,10,8.5,6,7,10,6,2.25,3.75,4.75,6.25,11.0,6.0,4.75,3.75,8.5,1.0,2.432,2.045,2.09,2.0675,-2.6325121531305813,5.0011018,8.5
mp-1091394,Ba2NaIO6,Ba,Ba,Na,I,-2.207977574637931,0.0,2.2417000000000002,0.0,151.69989003431616,5.697991675839547,Fm-3m,225,0.89,0.89,0.93,2.66,3.44,1.7950000000000002,1.35,1.35,1.02,2.2,0.6460277901205999,0.7329192546583851,2,2,4,4,4.0,4,4,4,8,4.0,4.0,0.0,0.0,0.0,5.0,0.0,0.0,0.0,0.0,2.75,2.42,3.6,3.01,-2.2418268672322275,0.0,0.0
mp-1094048,Sr2TiFeO6,Sr,Sr,Ti,Fe,-2.8652957903333336,0.022026803999999345,0.0,4.2093294,122.45114472680666,5.084611241635392,Fm-3m,225,0.95,0.95,1.54,1.83,3.44,1.685,1.18,1.18,0.86,0.61,0.8544896934244931,0.3401360544217687,2,2,4,8,6.0,4,4,8,8,3.0,5.0,1.0,3.0,4.0,1.0,1.0,3.0,4.0,2.0,2.58,2.26,2.01,2.135,-2.8347047839441215,4.2093294,4.2093294
mp-1094054,Sr2FeCoO6,Sr,Sr,Fe,Co,-2.0912329430000005,0.020168378677417387,0.0,7.1284189,116.5350901467221,5.500423223286626,Fm-3m,225,0.95,0.95,1.83,1.88,3.44,1.855,1.18,1.18,0.61,0.65,0.8986874361878289,0.06349206349206354,2,2,8,9,8.5,4,8,9,8,3.75,4.25,4.25,4.75,9.0,4.0,4.25,4.75,9.0,0.5,2.58,2.01,2.05,2.03,-2.09439310097158,7.1284189,9.0
mp-1095039,Sr2HfCrO6,Sr,Sr,Hf,Cr,-3.1953168169999984,0.0330160284687544,0.0,0.0092995,256.6038839521195,6.49350898493548,Fm-3m,225,0.95,0.95,1.3,1.66,3.44,1.48,1.18,1.18,0.71,0.73,0.8605356110666473,0.027777777777777804,2,2,4,6,5.0,4,4,6,8,3.5,4.5,0.5,1.5,2.0,3.0,0.5,1.5,2.0,1.0,2.58,2.11,2.13,2.12,-3.2038544383989467,0.0092995,2.0
mp-1095109,Ba2BiIrO6,Ba,Ba,Bi,Ir,-2.121007113,0.01721253544445034,0.0,2.0000598,158.79333155481876,8.07139326702448,Fm-3m,225,0.89,0.89,1.9,2.2,3.44,2.05,1.35,1.35,1.03,0.68,0.8623253429104237,0.4093567251461988,2,2,5,9,7.0,4,15,9,8,5.5,2.5,9.5,6.5,16.0,11.0,0.5,3.5,4.0,3.0,2.75,2.4299999999999997,2.08,2.255,-2.1412492005052033,2.0000598,4.0
mp-1095110,Ba2SmMoO6,Ba,Ba,Sm,Mo,-3.0179772245,0.0,0.9085000000000001,1.0001613,159.77524517029462,6.411945991344912,I4/m,87,0.89,0.89,1.17,2.16,3.44,1.665,1.35,1.35,0.958,0.69,0.8743451655858838,0.32524271844660196,2,2,4,6,5.0,4,4,6,8,3.5,4.5,0.5,1.5,2.0,3.0,0.5,1.5,2.0,1.0,2.75,2.3579999999999997,2.09,2.2239999999999998,-3.0510743579373156,1.0001613,2.0
mp-1095141,Sr2MnMoO6,Sr,Sr,Mn,Mo,-2.6420366152931045,0.006772907499998482,1.1037000000000003,13.3955097,486.62932072688625,5.761572495722045,I4/m,87,0.95,0.95,1.55,2.16,3.44,1.855,1.18,1.18,0.67,0.69,0.8770843728179291,0.029411764705882217,2,2,7,6,6.5,4,7,6,8,4.25,3.75,2.75,2.25,5.0,0.0,2.75,2.25,5.0,0.5,2.58,2.07,2.09,2.08,-2.6255732036138664,13.3955097,13.3955097
mp-1095170,Sr2FeOsO6,Sr,Sr,Fe,Os,-2.3321121874999995,0.0,0.0,0.0,252.316199809476,6.8090419176124595,Fm-3m,225,0.95,0.95,1.83,2.2,3.44,2.015,1.18,1.18,0.61,0.63,0.9031363838917289,0.03225806451612906,2,2,8,8,8.0,4,8,8,8,4.0,4.0,4.0,4.0,8.0,3.0,4.0,4.0,8.0,0.0,2.58,2.01,2.03,2.0199999999999996,-2.3306458281562312,0.0,8.0
mp-1095155,Sr2NiIrO6,Sr,Sr,Ni,Ir,-2.0763526112500004,0.006143210750011896,0.0,0.0003857,505.0394603855963,6.867147849790354,Fm-3m,225,0.95,0.95,1.91,2.2,3.44,2.055,1.18,1.18,0.69,0.68,0.8749810529790373,0.014598540145985252,2,2,10,9,9.5,4,10,9,8,4.25,3.75,5.75,5.25,11.0,6.0,4.25,4.75,9.0,0.5,2.58,2.09,2.08,2.085,-2.1021518292448214,0.0003857,9.0
mp-1095167,Ba2SrUO6,Ba,Ba,Sr,U,-3.4387189129999998,0.07057371000000146,2.2553,5.48e-05,181.7963314551873,6.360041474225506,Fm-3m,225,0.89,0.89,0.95,1.7,3.44,1.325,1.35,1.35,1.18,1.025,0.7770404188863159,0.14058956916099774,2,2,4,4,4.0,4,4,4,8,4.0,4.0,0.0,0.0,0.0,5.0,0.0,0.0,0.0,0.0,2.75,2.58,2.425,2.5025,-3.464620488441272,5.48e-05,5.48e-05
mp-1096783,Ba2VFeO6,Ba,Ba,V,Fe,-2.5688078410000004,0.12466782550001021,0.6837,19.9996996,534.0070098689611,5.93851848940032,P6_3/mmc,194,0.89,0.89,1.63,1.83,3.44,1.73,1.35,1.35,0.79,0.61,0.9259731658395266,0.25714285714285723,2,2,5,8,6.5,4,5,8,8,3.25,4.75,1.75,3.25,5.0,0.0,1.75,3.25,5.0,1.5,2.75,2.19,2.01,2.0999999999999996,-2.5755235349858028,19.9996996,19.9996996
mp-1096782,Ba2VFeO6,Ba,Ba,V,Fe,-2.5926854140000004,0.10079025250001017,1.0391560105899433,4.9977207,129.68639230278544,6.113229085307997,Fm-3m,225,0.89,0.89,1.63,1.83,3.44,1.73,1.35,1.35,0.79,0.61,0.9259731658395266,0.25714285714285723,2,2,5,8,6.5,4,5,8,8,3.25,4.75,1.75,3.25,5.0,0.0,1.75,3.25,5.0,1.5,2.75,2.19,2.01,2.0999999999999996,-2.5593049834942128,4.9977207,5.0
mp-1096778,Ba2VFeO6,Ba,Ba,V,Fe,-0.4214681110000001,2.2720075555000108,0.0,1.0852104,196.15547112349768,4.041705392427774,Fm-3m,225,0.89,0.89,1.63,1.83,3.44,1.73,1.35,1.35,0.79,0.61,0.9259731658395266,0.25714285714285723,2,2,5,8,6.5,4,5,8,8,3.25,4.75,1.75,3.25,5.0,0.0,1.75,3.25,5.0,1.5,2.75,2.19,2.01,2.0999999999999996,-0.4266599380272722,1.0852104,5.0
mp-1096853,Ba2NbFeO6,Ba,Ba,Nb,Fe,0.0499008240000002,2.9454545444999995,0.0,5.3367633,218.31132001810238,3.950720228731488,Fm-3m,225,0.89,0.89,1.6,1.83,3.44,1.715,1.35,1.35,0.72,0.61,0.9416676262774846,0.16541353383458643,2,2,5,8,6.5,4,5,8,8,3.25,4.75,1.75,3.25,5.0,0.0,1.75,3.25,5.0,1.5,2.75,2.12,2.01,2.065,0.019837964937638074,5.3367633,5.3367633
mp-1097054,KCe2FeO6,Ce,Ce,K,Fe,-2.811204395225,0.23784410731249928,0.8443,20.0011999,585.1283091763659,5.348563750885806,Pnma,62,1.12,1.12,0.82,1.83,3.44,1.325,1.01,1.01,1.38,0.61,0.7115354249100542,0.7738693467336684,3,3,4,8,6.0,6,4,8,6,2.0,4.0,2.0,4.0,6.0,1.0,2.0,4.0,6.0,2.0,2.41,2.78,2.01,2.3949999999999996,-2.8161192565067186,20.0011999,20.0011999
mp-1099881,Sr2TiMnO6,Sr,Sr,Ti,Mn,-3.013842721126437,0.01407965400000144,0.0,12.4426517,480.58245606827967,5.16964716439458,Pm-3m,221,0.95,0.95,1.54,1.55,3.44,1.545,1.18,1.18,0.86,0.67,0.8426491895895116,0.24836601307189535,2,2,4,7,5.5,4,4,7,8,3.25,4.75,0.75,2.25,3.0,2.0,0.75,2.25,3.0,1.5,2.58,2.26,2.07,2.165,-3.0192971925213907,12.4426517,12.4426517
mp-1101073,TiZn(BiO3)2,Bi,Bi,Ti,Zn,-2.1981208063333333,0.057383808499999134,3.0725,0.000418,160.71199492589759,6.480818276221113,Amm2,38,1.9,1.9,1.54,1.65,3.44,1.595,1.03,1.03,0.86,0.74,0.7810315810378682,0.15,3,3,4,12,8.0,6,4,12,6,1.0,5.0,3.0,7.0,10.0,5.0,3.0,3.0,6.0,0.0,2.4299999999999997,2.26,2.1399999999999997,2.1999999999999997,-2.2520585391921646,0.000418,6.0
mp-1105147,Sr2YOsO6,Sr,Sr,Y,Os,-2.8719805559999996,0.0,0.17300000000000004,6.0103358,284.77150151952844,6.4185820469941435,P2_1/c,14,0.95,0.95,1.22,2.2,3.44,1.71,1.18,1.18,0.9,0.63,0.8426491895895116,0.35294117647058826,2,2,3,8,5.5,4,3,8,8,2.75,5.25,0.25,2.75,3.0,2.0,0.25,2.75,3.0,2.5,2.58,2.3,2.03,2.165,-2.8730664533303556,6.0103358,6.0103358
mp-1105179,Mn2FeReO6,Mn,Mn,Fe,Re,-1.8961549978362087,0.07977828103571483,0.0,20.0665297,226.40438934822419,6.570509677063376,P2_1/c,14,1.55,1.55,1.83,1.9,3.44,1.865,0.67,0.67,0.61,0.63,0.7246094242852243,0.03225806451612906,2,2,8,7,7.5,4,8,7,8,4.25,3.75,3.75,3.25,7.0,2.0,3.75,3.25,7.0,0.5,2.07,2.01,2.03,2.0199999999999996,-1.9007736884403823,20.0665297,20.0665297
mp-1105225,Sc2MnNiO6,Sc,Sc,Mn,Ni,-2.7593686912931035,0.03463379937500122,1.8093,9.9998945,204.19667585736192,4.871747504972247,P2_1/c,14,1.36,1.36,1.55,1.91,3.44,1.73,0.745,0.745,0.67,0.69,0.729203868098627,0.029411764705882217,3,3,7,10,8.5,6,7,10,6,2.25,3.75,4.75,6.25,11.0,6.0,4.75,3.75,8.5,1.0,2.145,2.07,2.09,2.08,-2.745444563996835,9.9998945,9.9998945
mp-1105283,Sr2InOsO6,Sr,Sr,In,Os,-2.361496278666666,0.0,0.47219999999999995,6.0106153,272.7051375578641,7.018149856498917,P2_1/c,14,0.95,0.95,1.78,2.2,3.44,1.9900000000000002,1.18,1.18,0.8,0.63,0.862569974213377,0.2377622377622378,2,2,3,8,5.5,4,13,8,8,5.25,2.75,7.75,5.25,13.0,8.0,2.25,4.75,7.0,2.5,2.58,2.2,2.03,2.115,-2.324517156767759,6.0106153,7.0
mp-1105247,Sr2CaWO6,Sr,Sr,Ca,W,-3.049108923000001,0.0,3.5374000000000003,0.0005766,287.8320104097601,5.713216019143369,P2_1/c,14,0.95,0.95,1.0,1.7,3.44,1.35,1.18,1.18,1.0,0.66,0.8180876661261401,0.4096385542168674,2,2,4,6,5.0,4,4,6,8,3.5,4.5,0.5,1.5,2.0,3.0,0.5,1.5,2.0,1.0,2.58,2.4,2.06,2.23,-3.0265776224090457,0.0005766,2.0
mp-1105276,Gd2TiZnO6,Gd,Gd,Ti,Zn,-3.369564110833333,0.05131680399999894,2.7632000000000003,28.0000001,239.30693684501472,7.26886186325035,P2_1/c,14,1.2,1.2,1.54,1.65,3.44,1.595,0.938,0.938,0.86,0.74,0.7514616610973399,0.15,3,3,4,12,8.0,6,4,12,6,1.0,5.0,3.0,7.0,10.0,5.0,3.0,3.0,6.0,0.0,2.338,2.26,2.1399999999999997,2.1999999999999997,-3.37494188464443,28.0000001,28.0000001
mp-1105272,Sr2ZnWO6,Sr,Sr,Zn,W,-2.6821060279999998,0.004755014999998863,3.5021,0.0005464,261.8621639290434,6.60107843404707,P2_1/c,14,0.95,0.95,1.65,1.7,3.44,1.6749999999999998,1.18,1.18,0.74,0.66,0.8687311883149013,0.11428571428571424,2,2,12,6,9.0,4,12,6,8,5.5,2.5,6.5,3.5,10.0,5.0,3.5,3.5,7.0,0.0,2.58,2.1399999999999997,2.06,2.0999999999999996,-2.7042365461748332,0.0005464,7.0
mp-1105304,Ca2FeOsO6,Ca,Ca,Fe,Os,-2.3296084820000003,0.006102115375001382,0.0,15.5238689,236.30223078013168,5.934138593222818,P2_1/c,14,1.0,1.0,1.83,2.2,3.44,2.015,1.0,1.0,0.61,0.63,0.840126868736492,0.03225806451612906,2,2,8,8,8.0,4,8,8,8,4.0,4.0,4.0,4.0,8.0,3.0,4.0,4.0,8.0,0.0,2.4,2.01,2.03,2.0199999999999996,-2.278141285935003,15.5238689,15.5238689
mp-1105395,Ca2ScOsO6,Ca,Ca,Sc,Os,-2.915159888999999,0.0,0.0,6.001041,246.12314939120557,5.5504192865168225,P2_1/c,14,1.0,1.0,1.36,2.2,3.44,1.7800000000000002,1.0,1.0,0.745,0.63,0.8129610897474079,0.16727272727272727,2,2,3,8,5.5,4,3,8,8,2.75,5.25,0.25,2.75,3.0,2.0,0.25,2.75,3.0,2.5,2.4,2.145,2.03,2.0875,-2.9139755203197093,6.001041,6.001041
mp-1105414,La2MnCoO6,La,La,Mn,Co,-2.752439215793104,0.4718047624999997,0.0,3.9936568,121.19850458791315,6.681677615733452,C2/m,12,1.1,1.1,1.55,1.88,3.44,1.7149999999999999,1.032,1.032,0.67,0.65,0.8347979086629531,0.030303030303030328,3,3,7,9,8.0,6,7,9,6,2.5,3.5,4.5,5.5,10.0,5.0,4.5,4.5,9.0,0.0,2.432,2.07,2.05,2.0599999999999996,-2.752160629954845,3.9936568,9.0
mp-1105454,Sr2GdMoO6,Sr,Sr,Gd,Mo,-3.055254508000001,0.0,1.3501000000000003,15.9790815,294.2046998593693,5.919895408804324,P2_1/c,14,0.95,0.95,1.2,2.16,3.44,1.6800000000000002,1.18,1.18,0.938,0.69,0.8239997721144049,0.3046683046683047,2,2,4,6,5.0,4,4,6,8,3.5,4.5,0.5,1.5,2.0,3.0,0.5,1.5,2.0,1.0,2.58,2.338,2.09,2.214,-3.055737009742201,15.9790815,15.9790815
mp-1105409,YSb(PbO3)2,Pb,Pb,Y,Sb,-2.2884950324999993,0.015085533343745183,2.7691,0.0006805,299.8756984795554,7.985655678797804,C2/c,15,1.8,1.8,1.22,2.05,3.44,1.6349999999999998,1.19,1.19,0.9,0.76,0.8212585485529855,0.1686746987951807,2,2,3,5,4.0,4,3,15,8,1.0,7.0,2.0,8.0,10.0,5.0,2.0,2.0,4.0,0.0,2.59,2.3,2.16,2.23,-2.284533337284642,0.0006805,4.0
mp-1105402,Sr2DyMoO6,Sr,Sr,Dy,Mo,-3.0929553651666657,0.0,1.3440000000000003,1.9968478,287.2822062226322,6.123235877708921,P2_1/c,14,0.95,0.95,1.22,2.16,3.44,1.69,1.18,1.18,1.07,0.69,0.8001471471321459,0.43181818181818193,2,2,4,6,5.0,4,4,6,8,3.5,4.5,0.5,1.5,2.0,3.0,0.5,1.5,2.0,1.0,2.58,2.4699999999999998,2.09,2.28,-3.0958425734051445,1.9968478,2.0
mp-1105518,Ca2CrOsO6,Ca,Ca,Cr,Os,-2.2480636354999994,0.26530168662499953,0.17289999999999983,8.0002053,258.51935038927405,5.374714455997415,P2_1/c,14,1.0,1.0,1.66,2.2,3.44,1.9300000000000002,1.0,1.0,0.73,0.63,0.8158924398306316,0.14705882352941174,2,2,6,8,7.0,4,6,8,8,3.5,4.5,2.5,3.5,6.0,1.0,2.5,3.5,6.0,1.0,2.4,2.13,2.03,2.08,-2.259536875637604,8.0002053,8.0002053
mp-1105510,Mn2CrSbO6,Mn,Mn,Cr,Sb,-2.0782883520862065,0.03678478175000599,1.3872,6.0270505,222.54734826941475,5.665204373595747,P2_1/c,14,1.55,1.55,1.66,2.05,3.44,1.855,0.67,0.67,0.73,0.76,0.6823827678583464,0.040268456375838965,2,2,6,5,5.5,4,6,15,8,1.75,6.25,4.25,8.75,13.0,8.0,4.25,1.25,5.5,3.0,2.07,2.13,2.16,2.145,-2.0892255309110146,6.0270505,6.0270505
mp-1105584,VZn2BiO6,Zn,Zn,V,Bi,-1.9875375465000005,0.021287609499998972,2.7248,0.001892,271.6664645531357,5.950271732957894,P-1,2,1.65,1.65,1.63,1.9,3.44,1.765,0.74,0.74,0.79,1.03,0.6550686198005243,0.26373626373626374,2,2,5,5,5.0,4,5,15,8,1.5,6.5,3.5,8.5,12.0,7.0,3.5,1.5,5.0,2.0,2.1399999999999997,2.19,2.4299999999999997,2.3099999999999996,-1.9881926119043205,0.001892,5.0
mp-1105730,CaU(PbO3)2,Pb,Pb,Ca,U,-2.776310070999999,0.028933827812501534,1.6803999999999997,0.0004452,323.27626257406,8.100443514177154,P2_1/c,14,1.8,1.8,1.0,1.7,3.44,1.35,1.19,1.19,1.0,1.025,0.7591322542064903,0.02469135802469127,2,2,4,4,4.0,4,4,4,8,4.0,4.0,0.0,0.0,0.0,5.0,0.0,0.0,0.0,0.0,2.59,2.4,2.425,2.4124999999999996,-2.787178566422674,0.0004452,0.0004452
mp-1106050,NaSr2IO6,Sr,Sr,Na,I,-2.2183630901379408,0.0,3.6237000000000004,0.0,271.1166411646844,5.15869388643626,P2_1/c,14,0.95,0.95,0.93,2.66,3.44,1.7950000000000002,1.18,1.18,1.02,2.2,0.6060915267313265,0.7329192546583851,2,2,4,4,4.0,4,4,4,8,4.0,4.0,0.0,0.0,0.0,5.0,0.0,0.0,0.0,0.0,2.58,2.42,3.6,3.01,-2.232620005791484,0.0,0.0
mp-1106099,Y2MnCrO6,Y,Y,Mn,Cr,-3.0764732797931047,0.032774671416666123,0.9220999999999999,13.9998072,230.79318451075133,5.478821866868067,P2_1/c,14,1.22,1.22,1.55,1.66,3.44,1.605,0.9,0.9,0.67,0.73,0.7744502841566949,0.08571428571428563,3,3,7,6,6.5,6,7,6,6,3.25,2.75,3.75,3.25,7.0,2.0,3.75,3.25,7.0,0.5,2.3,2.07,2.13,2.0999999999999996,-3.0743446752392667,13.9998072,13.9998072
mp-1106155,Ca2MnReO6,Ca,Ca,Mn,Re,-2.655997039043105,0.0007653787023826908,0.14720000000000066,15.2418359,470.54821861791106,5.890479941191035,P2_1/c,14,1.0,1.0,1.55,1.9,3.44,1.725,1.0,1.0,0.67,0.63,0.8278323291940068,0.06153846153846159,2,2,7,7,7.0,4,7,7,8,4.0,4.0,3.0,3.0,6.0,1.0,3.0,3.0,6.0,0.0,2.4,2.07,2.03,2.05,-2.661096583391522,15.2418359,15.2418359
mp-1106181,Ca2LaSbO6,Ca,Ca,La,Sb,-3.0494547315000005,0.050438024999999165,3.4859999999999998,0.0002327,286.62877019585136,5.061272381288096,P2_1/c,14,1.0,1.0,1.1,2.05,3.44,1.575,1.0,1.0,1.032,0.76,0.7391360082089347,0.3035714285714286,2,2,4,5,4.5,4,3,15,8,1.0,7.0,2.0,8.0,10.0,5.0,2.0,2.0,4.0,0.0,2.4,2.432,2.16,2.2960000000000003,-3.019374871728347,0.0002327,4.0
mp-1106218,Sr2ScSbO6,Sr,Sr,Sc,Sb,-3.1137726529999994,0.0,3.5074,0.00333,269.84851686904693,5.389964212793931,P2_1/c,14,0.95,0.95,1.36,2.05,3.44,1.705,1.18,1.18,0.745,0.76,0.8475426227462451,0.019933554817275767,2,2,3,5,4.0,4,3,15,8,1.0,7.0,2.0,8.0,10.0,5.0,2.0,2.0,4.0,0.0,2.58,2.145,2.16,2.1525,-3.1667920491678596,0.00333,4.0
mp-1106213,Nd2MgIrO6,Nd,Nd,Mg,Ir,-2.8840557079999996,0.00674770862500651,0.0,2.0012697,249.1942118520106,8.009720276387172,P2_1/c,14,1.14,1.14,1.31,2.2,3.44,1.7550000000000001,0.983,0.983,0.72,0.68,0.8023978378893061,0.05714285714285704,3,3,4,9,6.5,6,4,9,6,1.75,4.25,2.25,4.75,7.0,2.0,2.25,4.75,7.0,2.5,2.383,2.12,2.08,2.1,-2.8622255709615505,2.0012697,7.0
mp-1120801,Ti2ZnSnO6,Ti,Ti,Zn,Sn,-2.6530652511666672,0.13588832300000053,0.029899999999999594,0.0011341,450.8282510697549,5.537475624024937,P4_2/nmc,137,1.54,1.54,1.65,1.96,3.44,1.805,0.86,0.86,0.74,0.69,0.7555845510551288,0.06993006993006999,2,2,12,4,8.0,4,12,14,8,3.5,4.5,8.5,9.5,18.0,13.0,1.5,0.5,2.0,1.0,2.26,2.1399999999999997,2.09,2.1149999999999998,-2.6281435473167147,0.0011341,2.0
mp-1147547,Sr2TaAlO6,Sr,Sr,Ta,Al,-3.433930811733334,0.051430603999998326,1.0943,0.0004231,124.05932442235034,6.413653838445263,P4/mmm,123,0.95,0.95,1.5,1.61,3.44,1.5550000000000002,1.18,1.18,0.72,0.535,0.899795558797185,0.29482071713147406,2,2,5,3,4.0,4,5,13,8,2.0,6.0,3.0,7.0,10.0,5.0,3.0,3.0,6.0,0.0,2.58,2.12,1.935,2.0275,-3.475398616381497,0.0004231,6.0
mp-1147642,Ba2NbBiO6,Ba,Ba,Nb,Bi,-2.8360725860000002,0.003029730375011752,2.0585999999999998,0.0001256,164.48487955066443,6.789525370003963,R-3,148,0.89,0.89,1.6,1.9,3.44,1.75,1.35,1.35,0.72,1.03,0.8547444607749475,0.35428571428571437,2,2,5,5,5.0,4,5,15,8,1.5,6.5,3.5,8.5,12.0,7.0,3.5,1.5,5.0,2.0,2.75,2.12,2.4299999999999997,2.275,-2.8429263378816074,0.0001256,5.0
mp-1147774,Ba2NiRuO6,Ba,Ba,Ni,Ru,-2.068848193000001,0.025932189500002423,0.0040000000000000036,15.9818678,558.8528666091446,6.304148302492804,P6_3/mmc,194,0.89,0.89,1.91,2.2,3.44,2.055,1.35,1.35,0.69,0.68,0.9326348432916094,0.014598540145985252,2,2,10,8,9.0,4,10,8,8,4.5,3.5,5.5,4.5,10.0,5.0,4.5,4.5,9.0,0.0,2.75,2.09,2.08,2.085,-2.0762770103199166,15.9818678,15.9818678
mp-1163919,ZnSi2WO6,Si,Si,Zn,W,-2.320195995,0.3145712919999992,0.0,5.8688817,247.0772833315052,5.3956203995563605,C2/c,15,1.9,1.9,1.65,1.7,3.44,1.6749999999999998,0.4,0.4,0.74,0.66,0.6060915267313264,0.11428571428571424,2,2,12,6,9.0,4,12,6,8,5.5,2.5,6.5,3.5,10.0,5.0,3.5,3.5,7.0,0.0,1.7999999999999998,2.1399999999999997,2.06,2.0999999999999996,-2.3483462288943566,5.8688817,7.0
mp-1171226,MnZn(SiO3)2,Si,Si,Mn,Zn,-2.7231895517931037,0.02315824016667012,2.231108909185924,0.0,240.50175821177342,3.76313991325655,C2/c,15,1.9,1.9,1.55,1.65,3.44,1.6,0.4,0.4,0.67,0.74,0.604651879399423,0.09929078014184389,2,2,7,12,9.5,4,7,12,8,2.75,5.25,4.25,6.75,11.0,6.0,4.25,3.25,7.5,1.0,1.7999999999999998,2.07,2.1399999999999997,2.1049999999999995,-2.738745885544921,0.0,7.5
mp-1173281,Sr2FeMoO6,Sr,Sr,Fe,Mo,-2.5301048672000004,0.0024814592166668703,0.37730000000000086,60.0033283,1288.0407434271197,5.453581847265381,P2,3,0.95,0.95,1.83,2.16,3.44,1.995,1.18,1.18,0.61,0.69,0.8899197538835574,0.12307692307692303,2,2,8,6,7.0,4,8,6,8,4.5,3.5,3.5,2.5,6.0,1.0,3.5,2.5,6.0,1.0,2.58,2.01,2.09,2.05,-2.552316384109317,60.0033283,60.0033283
mp-1173284,Sr2FeMoO6,Sr,Sr,Fe,Mo,-2.5325863264166677,0.0,0.6149000000000004,72.0041764,1543.365702749856,5.461649643536893,P1,1,0.95,0.95,1.83,2.16,3.44,1.995,1.18,1.18,0.61,0.69,0.8899197538835574,0.12307692307692303,2,2,8,6,7.0,4,8,6,8,4.5,3.5,3.5,2.5,6.0,1.0,3.5,2.5,6.0,1.0,2.58,2.01,2.09,2.05,-2.497540917548195,72.0041764,72.0041764
mp-1173282,Sr2FeMoO6,Sr,Sr,Fe,Mo,-2.5323720355,0.000214290916667359,0.7284999999999999,60.0058144,1281.7521908833694,5.4803382953854625,P2/c,13,0.95,0.95,1.83,2.16,3.44,1.995,1.18,1.18,0.61,0.69,0.8899197538835574,0.12307692307692303,2,2,8,6,7.0,4,8,6,8,4.5,3.5,3.5,2.5,6.0,1.0,3.5,2.5,6.0,1.0,2.58,2.01,2.09,2.05,-2.513658467637051,60.0058144,60.0058144
mp-1177983,Li2FeTeO6,Li,Li,Fe,Te,-1.7062473923333337,0.08625290482499981,0.0,3.9991557,103.41779604984265,4.709779014181473,R3,146,0.98,0.98,1.83,2.1,3.44,1.965,0.76,0.76,0.61,2.21,0.5435411556451754,1.1347517730496455,1,1,8,4,6.0,2,8,4,10,6.0,4.0,2.0,0.0,2.0,3.0,2.0,0.0,2.0,2.0,2.16,2.01,3.61,2.8099999999999996,-1.6808162904334505,3.9991557,3.9991557
mp-1178016,Li2CrTeO6,Li,Li,Cr,Te,-1.9181752213333332,0.08571272822222298,0.5939999999999999,7.9999339,399.4595459957363,4.813340640117916,R3,146,0.98,0.98,1.66,2.1,3.44,1.88,0.76,0.76,0.73,2.21,0.532177925910433,1.0068027210884354,1,1,6,4,5.0,2,6,4,10,5.5,4.5,0.5,0.0,0.5,4.5,0.5,0.0,0.5,0.5,2.16,2.13,3.61,2.87,-1.9037417800524685,7.9999339,7.9999339
mp-1179258,Sr2CaWO6,Sr,Sr,Ca,W,-2.9762325085000008,0.07287641450000049,3.1622,0.0008762,295.20465399328816,5.5705302421576,Pmm2,25,0.95,0.95,1.0,1.7,3.44,1.35,1.18,1.18,1.0,0.66,0.8180876661261401,0.4096385542168674,2,2,4,6,5.0,4,4,6,8,3.5,4.5,0.5,1.5,2.0,3.0,0.5,1.5,2.0,1.0,2.58,2.4,2.06,2.23,-2.9988135439243453,0.0008762,2.0
mp-1179251,Sr2CaMoO6,Sr,Sr,Ca,Mo,-2.847895673999999,0.07159844550000116,2.1628999999999996,0.000566,292.9862332013792,4.616338691413913,Pmm2,25,0.95,0.95,1.0,2.16,3.44,1.58,1.18,1.18,1.0,0.69,0.8126216015417783,0.3668639053254439,2,2,4,6,5.0,4,4,6,8,3.5,4.5,0.5,1.5,2.0,3.0,0.5,1.5,2.0,1.0,2.58,2.4,2.09,2.245,-2.858386079325595,0.000566,2.0
mp-1179262,Sr2CdWO6,Sr,Sr,Cd,W,-2.537162221999999,0.08139819300000184,3.4217000000000004,0.0004739,292.9333989683024,6.433783256799604,Pmm2,25,0.95,0.95,1.69,1.7,3.44,1.6949999999999998,1.18,1.18,0.95,0.66,0.8273630364903821,0.3602484472049689,2,2,12,6,9.0,4,12,6,8,5.5,2.5,6.5,3.5,10.0,5.0,3.5,3.5,7.0,0.0,2.58,2.3499999999999996,2.06,2.205,-2.5273747307754406,0.0004739,7.0
mp-1179469,TiFe(BiO3)2,Bi,Bi,Ti,Fe,-1.5854665103333332,0.6081621595,1.2605999999999997,3.9999174,201.8232456553259,5.081990604888951,P1,1,1.9,1.9,1.54,1.83,3.44,1.685,1.03,1.03,0.86,0.61,0.8048100600858596,0.3401360544217687,3,3,4,8,6.0,6,4,8,6,2.0,4.0,2.0,4.0,6.0,1.0,2.0,4.0,6.0,2.0,2.4299999999999997,2.26,2.01,2.135,-1.6099090665111722,3.9999174,6.0
mp-1180274,MnZn2SiO6,Zn,Zn,Mn,Si,-2.1794909877931032,0.08025379641666675,0.07462457232849462,11.9963556,475.9655107438312,4.323826000773349,P2_1/c,14,1.65,1.65,1.55,1.9,3.44,1.725,0.74,0.74,0.67,0.4,0.7820199027076027,0.5046728971962617,2,2,7,4,5.5,4,7,4,8,4.75,3.25,2.25,0.75,3.0,2.0,2.25,0.75,3.0,1.5,2.1399999999999997,2.07,1.7999999999999998,1.9349999999999998,-2.1652310191896555,11.9963556,11.9963556
mp-1181527,Eu2HoTaO6,Eu,Eu,Ho,Ta,-3.580571941733335,0.0,0.0,27.9997899,282.00072731343016,8.783199722925927,P2_1/c,14,1.5,1.5,1.23,1.5,3.44,1.365,1.17,1.17,0.9010000000000001,0.72,0.8221055994794966,0.22331893892658872,3,3,4,5,4.5,6,4,5,6,2.75,3.25,1.25,1.75,3.0,2.0,1.25,1.75,3.0,0.5,2.57,2.301,2.12,2.2105,-3.5853784496964973,27.9997899,27.9997899
mp-1182508,Ba2BiSbO6,Ba,Ba,Bi,Sb,-1.5004839369999998,0.9525232360000055,0.0,0.0004676,252.1117522251766,4.619724450373102,P-1,2,0.89,0.89,1.9,2.05,3.44,1.9749999999999999,1.35,1.35,1.03,0.76,0.8472957073041419,0.3016759776536313,2,2,5,5,5.0,4,15,15,8,4.0,4.0,10.0,10.0,20.0,15.0,0.0,0.0,0.0,0.0,2.75,2.4299999999999997,2.16,2.295,-1.5079803531509919,0.0004676,0.0004676
mp-1183876,CdHg2SeO6,Hg,Hg,Cd,Se,-1.0533747102343767,0.017101982999999876,0.999,0.0004556,327.3918945348087,6.984655867109277,P-1,2,1.9,1.9,1.69,2.55,3.44,2.12,1.19,1.19,0.95,1.98,0.6392344025386241,0.7030716723549489,2,2,12,4,8.0,4,12,4,8,6.0,2.0,6.0,2.0,8.0,3.0,4.0,2.0,6.0,2.0,2.59,2.3499999999999996,3.38,2.8649999999999998,-1.0391555108703068,0.0004556,6.0
mp-1188106,Ca2PdWO6,Ca,Ca,Pd,W,-2.2201604379999997,0.30111500583333317,0.0,3.9990938,279.38146650671837,5.544362137637487,Pmm2,25,1.0,1.0,2.2,1.7,3.44,1.9500000000000002,1.0,1.0,0.86,0.66,0.7856742013183861,0.26315789473684204,2,2,10,6,8.0,4,10,6,8,5.0,3.0,5.0,3.0,8.0,3.0,5.0,3.0,8.0,2.0,2.4,2.26,2.06,2.16,-2.211275171770279,3.9990938,8.0
mp-1188108,Sr2DyRuO6,Sr,Sr,Dy,Ru,-2.8573458511666674,0.0,0.25180000000000025,6.0084955,282.68174237963825,6.2831572639437985,P2_1/c,14,0.95,0.95,1.22,2.2,3.44,1.71,1.18,1.18,1.07,0.68,0.801905712290678,0.44571428571428573,2,2,4,8,6.0,4,4,8,8,3.0,5.0,1.0,3.0,4.0,1.0,1.0,3.0,4.0,2.0,2.58,2.4699999999999998,2.08,2.275,-2.864565174483049,6.0084955,6.0084955
mp-1188236,Gd2MgIrO6,Gd,Gd,Mg,Ir,-2.913214504,0.020421078499998302,0.0,25.99484,241.91839114055796,8.607766819404507,P2_1/c,14,1.2,1.2,1.31,2.2,3.44,1.7550000000000001,0.938,0.938,0.72,0.68,0.787245549721023,0.05714285714285704,3,3,4,9,6.5,6,4,9,6,1.75,4.25,2.25,4.75,7.0,2.0,2.25,4.75,7.0,2.5,2.338,2.12,2.08,2.1,-2.890027907932715,25.99484,25.99484
mp-1188273,Ba2LaIrO6,Ba,Ba,La,Ir,-2.7098780165000007,0.0019756919999993627,0.0,3.9677804,323.63626326983933,7.201425800491968,P2_1/c,14,0.89,0.89,1.1,2.2,3.44,1.6500000000000001,1.35,1.35,1.032,0.68,0.8619431064995591,0.41121495327102797,2,2,4,9,6.5,4,3,9,8,2.5,5.5,0.5,3.5,4.0,1.0,0.5,3.5,4.0,3.0,2.75,2.432,2.08,2.2560000000000002,-2.7314992830519986,3.9677804,4.0
mp-1188397,Pr2MgIrO6,Pr,Pr,Mg,Ir,-2.8655639443333336,0.0,0.0,2.000452,251.19463799680224,7.85776588780802,P2_1/c,14,1.13,1.13,1.31,2.2,3.44,1.7550000000000001,0.99,0.99,0.72,0.68,0.8047548604932612,0.05714285714285704,3,3,4,9,6.5,6,4,9,6,1.75,4.25,2.25,4.75,7.0,2.0,2.25,4.75,7.0,2.5,2.3899999999999997,2.12,2.08,2.1,-2.8532452321944484,2.000452,7.0
mp-1188447,Ca2HoTaO6,Ca,Ca,Ho,Ta,-3.615605410733333,0.005196382187508064,4.0571,0.000428,266.16206258645946,6.51371722963082,P2_1/c,14,1.0,1.0,1.23,1.5,3.44,1.365,1.0,1.0,0.9010000000000001,0.72,0.7677250734438879,0.22331893892658872,2,2,4,5,4.5,4,4,5,8,3.75,4.25,0.25,0.75,1.0,4.0,0.25,0.75,1.0,0.5,2.4,2.301,2.12,2.2105,-3.6037433855739653,0.000428,1.0
mp-1188474,MnIn2NiO6,In,In,Mn,Ni,-1.7535442976264364,0.05312556650000033,0.0,9.9966508,217.39031529232372,6.710646472044336,P2_1/c,14,1.78,1.78,1.55,1.91,3.44,1.73,0.8,0.8,0.67,0.69,0.7479014031780791,0.029411764705882217,2,2,7,10,8.5,4,7,10,8,3.25,4.75,3.75,5.25,9.0,4.0,3.75,4.75,8.5,1.0,2.2,2.07,2.09,2.08,-1.7597352264127162,9.9966508,9.9966508
mp-1188494,Eu2MgIrO6,Eu,Eu,Mg,Ir,-2.627190519,0.08132544600000102,0.0,22.0000451,239.43649382223526,8.550353496698472,P2_1/c,14,1.5,1.5,1.31,2.2,3.44,1.7550000000000001,1.17,1.17,0.72,0.68,0.8653640131663939,0.05714285714285704,3,3,4,9,6.5,6,4,9,6,1.75,4.25,2.25,4.75,7.0,2.0,2.25,4.75,7.0,2.5,2.57,2.12,2.08,2.1,-2.6206678585551577,22.0000451,22.0000451
mp-1188515,Ca2InOsO6,Ca,Ca,In,Os,-2.3863342431666665,0.012122339749999433,0.16949999999999932,6.007571,253.81277194542326,6.296389721095276,P2_1/c,14,1.0,1.0,1.78,2.2,3.44,1.9900000000000002,1.0,1.0,0.8,0.63,0.8023906736868622,0.2377622377622378,2,2,3,8,5.5,4,13,8,8,5.25,2.75,7.75,5.25,13.0,8.0,2.25,4.75,7.0,2.5,2.4,2.2,2.03,2.115,-2.4113565146943725,6.007571,7.0
mp-1188566,VAg2AsO6,Ag,Ag,V,As,-1.4962582525833334,0.020789622750000625,1.6130999999999998,2.3e-06,276.3818309438985,5.258269589340029,P-1,2,1.93,1.93,1.63,2.18,3.44,1.905,1.15,1.15,0.79,0.58,0.8648068546885832,0.3065693430656935,1,1,5,4,4.5,2,5,4,10,5.25,4.75,0.0,0.0,0.0,5.0,0.0,0.0,0.0,0.0,2.55,2.19,1.98,2.085,-1.4777777121991955,2.3e-06,2.3e-06
mp-1188623,NaPb2IO6,Pb,Pb,Na,I,-1.3759591956379311,0.0,3.5409999999999995,0.0,279.66289297016897,7.841143254450688,P2_1/c,14,1.8,1.8,0.93,2.66,3.44,1.7950000000000002,1.19,1.19,1.02,2.2,0.6084407186954013,0.7329192546583851,2,2,4,4,4.0,4,4,4,8,4.0,4.0,0.0,0.0,0.0,5.0,0.0,0.0,0.0,0.0,2.59,2.42,3.6,3.01,-1.3796572383667909,0.0,0.0
mp-1188660,Ba2LuIrO6,Ba,Ba,Lu,Ir,-2.8148262396666675,0.0018687269999935197,0.0,3.999508,290.98647429139163,8.421029538068753,P4/mnc,128,0.89,0.89,1.0,2.2,3.44,1.6,1.35,1.35,0.861,0.68,0.8958966359193761,0.2349123945489941,2,2,4,9,6.5,4,4,9,8,2.75,5.25,1.25,3.75,5.0,0.0,1.25,3.75,5.0,2.5,2.75,2.261,2.08,2.1705,-2.825280700077048,3.999508,5.0
mp-1188690,Sm2MnCoO6,Sm,Sm,Mn,Co,-2.732972618293103,0.056074404906260256,0.0,7.9998755,234.5061909033151,7.230945341457715,P2_1/c,14,1.17,1.17,1.55,1.88,3.44,1.7149999999999999,0.958,0.958,0.67,0.65,0.8093969854552809,0.030303030303030328,3,3,7,9,8.0,6,7,9,6,2.5,3.5,4.5,5.5,10.0,5.0,4.5,4.5,9.0,0.0,2.3579999999999997,2.07,2.05,2.0599999999999996,-2.7119924337763655,7.9998755,9.0
mp-1188812,La2MnNiO6,La,La,Mn,Ni,-2.828505349293105,0.04273667116665081,0.0,9.9998687,240.36567156689622,6.734831483406136,P2_1/c,14,1.1,1.1,1.55,1.91,3.44,1.73,1.032,1.032,0.67,0.69,0.8267710056950401,0.029411764705882217,3,3,7,10,8.5,6,7,10,6,2.25,3.75,4.75,6.25,11.0,6.0,4.75,3.75,8.5,1.0,2.432,2.07,2.09,2.08,-2.84259222310396,9.9998687,9.9998687
mp-1188807,Sr2CaReO6,Sr,Sr,Ca,Re,-2.920525596750001,0.0,0.0,2.0035529,284.57849188374473,5.8061571474015174,P2_1/c,14,0.95,0.95,1.0,1.9,3.44,1.45,1.18,1.18,1.0,0.63,0.8236277631879425,0.45398773006134974,2,2,4,7,5.5,4,4,7,8,3.25,4.75,0.75,2.25,3.0,2.0,0.75,2.25,3.0,1.5,2.58,2.4,2.03,2.215,-2.9486948226772722,2.0035529,3.0
mp-1188876,Sr2UCdO6,Sr,Sr,U,Cd,-3.150806093499999,0.010074257500006567,1.9435000000000002,0.0005688,309.3473298620658,6.674166552123266,P2_1/c,14,0.95,0.95,1.7,1.69,3.44,1.6949999999999998,1.18,1.18,1.025,0.95,0.7641195792508032,0.07594936708860756,2,2,4,12,8.0,4,4,12,8,2.0,6.0,2.0,6.0,8.0,3.0,2.0,4.0,6.0,2.0,2.58,2.425,2.3499999999999996,2.3874999999999997,-3.181938676970477,0.0005688,6.0
mp-1188923,CoTe(PbO3)2,Pb,Pb,Co,Te,-1.3787607196666662,0.13775969962961998,0.9180999999999999,1.9990257,267.0087050378871,8.668472592456343,P2_1/c,14,1.8,1.8,1.88,2.1,3.44,1.99,1.19,1.19,0.65,2.21,0.6471401283650734,1.090909090909091,2,2,9,4,6.5,4,9,4,8,5.25,2.75,3.75,1.25,5.0,0.0,3.75,1.25,5.0,2.5,2.59,2.05,3.61,2.83,-1.3666405206397534,1.9990257,5.0
mp-1188959,Sr2LuNbO6,Sr,Sr,Lu,Nb,-3.5237857891666664,0.0,3.2094,0.0283442,283.7814994053796,6.309169935338606,P2_1/c,14,0.95,0.95,1.0,1.6,3.44,1.3,1.18,1.18,0.861,0.72,0.8328397605392799,0.17836812144212527,2,2,4,5,4.5,4,4,5,8,3.75,4.25,0.25,0.75,1.0,4.0,0.25,0.75,1.0,0.5,2.58,2.261,2.12,2.1905,-3.549394376216592,0.0283442,1.0
mp-1189016,MgU(PbO3)2,Pb,Pb,Mg,U,-2.6574009454999987,0.0378576626874958,1.3411780584589588,0.0007467,292.2178686760581,8.782138308702223,P2_1/c,14,1.8,1.8,1.31,1.7,3.44,1.505,1.19,1.19,0.72,1.025,0.8058994777879683,0.34957020057306587,2,2,4,4,4.0,4,4,4,8,4.0,4.0,0.0,0.0,0.0,5.0,0.0,0.0,0.0,0.0,2.59,2.12,2.425,2.2725,-2.6223050618603114,0.0007467,0.0007467
mp-1189105,Mn2FeSbO6,Mn,Mn,Fe,Sb,-1.9011058445862077,0.038640419750002764,1.2988999999999997,30.00034,225.12732084964765,5.657059763276395,P2_1/c,14,1.55,1.55,1.83,2.05,3.44,1.94,0.67,0.67,0.61,0.76,0.7020196820413205,0.21897810218978103,2,2,8,5,6.5,4,8,15,8,2.25,5.75,5.75,9.25,15.0,10.0,4.25,0.75,5.0,3.5,2.07,2.01,2.16,2.085,-1.942744432743882,30.00034,30.00034
mp-1189102,Sr2LaSbO6,Sr,Sr,La,Sb,-3.0447580904999993,0.0,3.4224,0.0105684,311.0604874105455,5.678920156778892,P2_1/c,14,0.95,0.95,1.1,2.05,3.44,1.575,1.18,1.18,1.032,0.76,0.7945712088246049,0.3035714285714286,2,2,4,5,4.5,4,3,15,8,1.0,7.0,2.0,8.0,10.0,5.0,2.0,2.0,4.0,0.0,2.58,2.432,2.16,2.2960000000000003,-3.0108289631341987,0.0105684,4.0
mp-1189214,Y2MnCrO6,Y,Y,Mn,Cr,-3.0929935847931036,0.016254366416667665,0.0,7.9995993,232.49679821769772,5.4386759547442605,P2_1/c,14,1.22,1.22,1.55,1.66,3.44,1.605,0.9,0.9,0.67,0.73,0.7744502841566949,0.08571428571428563,3,3,7,6,6.5,6,7,6,6,3.25,2.75,3.75,3.25,7.0,2.0,3.75,3.25,7.0,0.5,2.3,2.07,2.13,2.0999999999999996,-3.088773235449051,7.9995993,7.9995993
mp-1189408,Sr2HoTaO6,Sr,Sr,Ho,Ta,-3.609102822733333,0.0,3.8257999999999996,0.0003109,288.02163580542333,7.115735596982832,P2_1/c,14,0.95,0.95,1.23,1.5,3.44,1.365,1.18,1.18,0.9010000000000001,0.72,0.8253044539521794,0.22331893892658872,2,2,4,5,4.5,4,4,5,8,3.75,4.25,0.25,0.75,1.0,4.0,0.25,0.75,1.0,0.5,2.58,2.301,2.12,2.2105,-3.6110370849707407,0.0003109,1.0
mp-1189407,NaCa2IO6,Ca,Ca,Na,I,-2.223389057637931,0.0,2.6775,0.002236,264.3892132267418,4.095576942847415,P2_1/c,14,1.0,1.0,0.93,2.66,3.44,1.7950000000000002,1.0,1.0,1.02,2.2,0.563806071377978,0.7329192546583851,2,2,4,4,4.0,4,4,4,8,4.0,4.0,0.0,0.0,0.0,5.0,0.0,0.0,0.0,0.0,2.4,2.42,3.6,3.01,-2.23428743937411,0.002236,0.002236
mp-1189528,Ca2ScSbO6,Ca,Ca,Sc,Sb,-3.1275018395000003,0.0,3.6317999999999997,4.3e-06,250.99912946005279,4.536639061620849,P2_1/c,14,1.0,1.0,1.36,2.05,3.44,1.705,1.0,1.0,0.745,0.76,0.7884117420895302,0.019933554817275767,2,2,3,5,4.0,4,3,15,8,1.0,7.0,2.0,8.0,10.0,5.0,2.0,2.0,4.0,0.0,2.4,2.145,2.16,2.1525,-3.119519117212959,4.3e-06,4.0
mp-1189906,Ca2CrSbO6,Ca,Ca,Cr,Sb,-2.706853443499999,0.0030332756250013304,2.0309,0.0,459.94585361803087,5.053088142672764,P2_1/c,14,1.0,1.0,1.66,2.05,3.44,1.855,1.0,1.0,0.73,0.76,0.7911684265024307,0.040268456375838965,2,2,6,5,5.5,4,6,15,8,1.75,6.25,4.25,8.75,13.0,8.0,4.25,1.25,5.5,3.0,2.4,2.13,2.16,2.145,-2.707606137548496,0.0,5.5
mp-1189894,Y2MnCoO6,Y,Y,Mn,Co,-2.834619458793103,0.0,0.0,11.9955027,217.66254487098732,5.915181141198976,P2_1/c,14,1.22,1.22,1.55,1.88,3.44,1.7149999999999999,0.9,0.9,0.67,0.65,0.7894881537519705,0.030303030303030328,3,3,7,9,8.0,6,7,9,6,2.5,3.5,4.5,5.5,10.0,5.0,4.5,4.5,9.0,0.0,2.3,2.07,2.05,2.0599999999999996,-2.8125534211527725,11.9955027,11.9955027
mp-1190023,LiLa2ReO6,La,La,Li,Re,-3.017752487583335,0.06218044990000671,0.0,3.9972046,255.54912029653775,7.368066783484653,P2_1/c,14,1.1,1.1,0.98,1.9,3.44,1.44,1.032,1.032,0.76,0.63,0.8208514042222834,0.18705035971223022,3,3,4,7,5.5,6,4,7,6,2.25,3.75,1.75,3.25,5.0,0.0,1.75,3.25,5.0,1.5,2.432,2.16,2.03,2.0949999999999998,-3.015467934610094,3.9972046,5.0
mp-1190108,Sr2TaInO6,Sr,Sr,Ta,In,-3.0995229389000003,0.0,3.9888999999999997,0.0002353,276.3752621319791,6.813413261691291,P2_1/c,14,0.95,0.95,1.5,1.78,3.44,1.6400000000000001,1.18,1.18,0.72,0.8,0.8445997664172651,0.10526315789473693,2,2,5,3,4.0,4,5,13,8,2.0,6.0,3.0,7.0,10.0,5.0,3.0,3.0,6.0,0.0,2.58,2.12,2.2,2.16,-3.096516903670763,0.0002353,6.0
mp-1193019,MnRe(PbO3)2,Pb,Pb,Mn,Re,-1.822523277376437,0.03948878448363047,0.0,12.0000001,406.9574871292575,9.199712285465681,C2/m,12,1.8,1.8,1.55,1.9,3.44,1.725,1.19,1.19,0.67,0.63,0.893369055255199,0.06153846153846159,2,2,7,7,7.0,4,7,7,8,4.0,4.0,3.0,3.0,6.0,1.0,3.0,3.0,6.0,0.0,2.59,2.07,2.03,2.05,-1.8297955216207142,12.0000001,12.0000001
mp-1194656,MnPb2WO6,Pb,Pb,Mn,W,-1.925368126543102,0.007624719656244672,1.692371484552332,19.9983539,572.8140548982458,8.687171166426399,Pnma,62,1.8,1.8,1.55,1.7,3.44,1.625,1.19,1.19,0.67,0.66,0.8868796916577036,0.015037593984962419,2,2,7,6,6.5,4,7,6,8,4.25,3.75,2.75,2.25,5.0,0.0,2.75,2.25,5.0,0.5,2.59,2.07,2.06,2.065,-1.9265070390175234,19.9983539,19.9983539
mp-1194904,CuHg(SeO3)2,Se,Se,Cu,Hg,-1.0744790037187506,0.0,0.7487999999999999,4.0561717,614.6164574116133,5.598589101050758,P2_1/c,14,2.55,2.55,1.9,1.9,3.44,1.9,1.98,1.98,0.77,1.19,1.0042104707607271,0.4285714285714285,2,2,11,12,11.5,4,11,12,8,3.75,4.25,7.25,7.75,15.0,10.0,2.75,2.25,5.0,0.5,3.38,2.17,2.59,2.38,-1.0683229683409095,4.0561717,5.0
mp-1195092,MnPb2WO6,Pb,Pb,Mn,W,-1.925250536793103,0.007742309406244097,1.574140907739487,19.9984399,572.2042575491992,8.696429073682614,Pna2_1,33,1.8,1.8,1.55,1.7,3.44,1.625,1.19,1.19,0.67,0.66,0.8868796916577036,0.015037593984962419,2,2,7,6,6.5,4,7,6,8,4.25,3.75,2.75,2.25,5.0,0.0,2.75,2.25,5.0,0.5,2.59,2.07,2.06,2.065,-1.9594539046462356,19.9984399,19.9984399
mp-1195362,Sr2ZnWO6,Sr,Sr,Zn,W,-2.6833630797500008,0.0034979632499982927,3.5827000000000004,5.81e-05,524.3417154466041,6.593305976170934,P-1,2,0.95,0.95,1.65,1.7,3.44,1.6749999999999998,1.18,1.18,0.74,0.66,0.8687311883149013,0.11428571428571424,2,2,12,6,9.0,4,12,6,8,5.5,2.5,6.5,3.5,10.0,5.0,3.5,3.5,7.0,0.0,2.58,2.1399999999999997,2.06,2.0999999999999996,-2.710326788192115,5.81e-05,7.0
mp-1195655,CdCu(SeO3)2,Se,Se,Cd,Cu,-1.2534289689687506,0.0015656560000021358,0.0,3.9996537,590.14277828343,4.838297453818167,P2_1/c,14,2.55,2.55,1.69,1.9,3.44,1.795,1.98,1.98,0.95,0.77,1.057531380712624,0.20930232558139528,2,2,12,11,11.5,4,12,11,8,4.25,3.75,7.75,7.25,15.0,10.0,2.25,2.75,5.0,0.5,3.38,2.3499999999999996,2.17,2.26,-1.2385636870882963,3.9996537,5.0
mp-1195787,Ti2VHO6,Ti,Ti,V,H,-2.9063144897916673,0.030023386749995495,1.3092625583052429,7.9999206,404.3957035849482,4.002415367335128,P2_1/c,14,1.54,1.54,1.63,2.2,3.44,1.915,0.86,0.86,0.79,-28.0,-0.1309349713626872,287900.0,2,2,5,4,4.5,4,5,4,8,4.25,3.75,0.75,0.25,1.0,4.0,0.75,0.25,1.0,0.5,2.26,2.19,-26.6,-12.205,-2.9028971810291084,7.9999206,7.9999206
mp-1196881,Li2TeWO6,Li,Li,Te,W,-2.088061287333333,0.007115902499999827,3.6400999999999994,0.0003224,510.8354423236782,5.478207702053452,P2_1/c,14,0.98,0.98,2.1,1.7,3.44,1.9,0.76,0.76,2.21,0.66,0.538748023761179,1.0801393728222994,1,1,4,6,5.0,2,4,6,10,4.5,5.5,0.0,0.5,0.5,4.5,0.0,0.5,0.5,0.5,2.16,3.61,2.06,2.835,-2.0917409540603864,0.0003224,0.5
mp-1199407,Mg2CClO6,Mg,Mg,C,Cl,-1.4613144630000003,0.5063996504062498,0.0048000000000000265,5.9999999,1142.9244209146304,1.6743359360515093,R3c,161,1.31,1.31,2.55,3.16,3.44,2.855,0.72,0.72,0.16,1.81,0.628539361054709,1.6751269035532996,2,2,4,4,4.0,4,4,4,8,4.0,4.0,0.0,0.0,0.0,5.0,0.0,0.0,0.0,0.0,2.12,1.5599999999999998,3.21,2.385,-1.4609457843386924,5.9999999,5.9999999
mp-1203622,Li2TeMoO6,Li,Li,Te,Mo,-2.0152423663333336,0.02442249299999144,3.1032,0.0,512.6939384353232,4.31956953644881,P2_1/c,14,0.98,0.98,2.1,2.16,3.44,2.13,0.76,0.76,2.21,0.69,0.5359125078466466,1.0482758620689656,1,1,4,6,5.0,2,4,6,10,4.5,5.5,0.0,0.5,0.5,4.5,0.0,0.5,0.5,0.5,2.16,3.61,2.09,2.8499999999999996,-2.0082907322261003,0.0,0.5
mp-1205311,Sr2NiTeO6,Sr,Sr,Ni,Te,-2.300039220166666,0.014766794500000735,1.7083,1.03e-05,513.1463414719371,5.922256843268968,Fm-3m,225,0.95,0.95,1.91,2.1,3.44,2.005,1.18,1.18,0.69,2.21,0.6401177177057167,1.0482758620689656,2,2,10,4,7.0,4,10,4,8,5.5,2.5,4.5,1.5,6.0,1.0,4.5,1.5,6.0,3.0,2.58,2.09,3.61,2.8499999999999996,-2.3108344137728536,1.03e-05,6.0
mp-1205327,Sr2NiTeO6,Sr,Sr,Ni,Te,-2.3124051196666664,0.0024008950000009577,1.9224000000000006,2.0000129,128.31484464822938,5.920952561474635,I4/m,87,0.95,0.95,1.91,2.1,3.44,2.005,1.18,1.18,0.69,2.21,0.6401177177057167,1.0482758620689656,2,2,10,4,7.0,4,10,4,8,5.5,2.5,4.5,1.5,6.0,1.0,4.5,1.5,6.0,3.0,2.58,2.09,3.61,2.8499999999999996,-2.327971214174713,2.0000129,6.0
mp-1205359,Ba2UCuO6,Ba,Ba,U,Cu,-2.989170562999999,0.00846935525000081,0.07309999999999928,1.2870538,153.19541081827512,7.286487136980846,I4/m,87,0.89,0.89,1.7,1.9,3.44,1.7999999999999998,1.35,1.35,1.025,0.77,0.8463737315617,0.2841225626740946,2,2,4,11,7.5,4,4,11,8,2.25,5.75,1.75,5.25,7.0,2.0,1.75,4.75,6.5,3.0,2.75,2.425,2.17,2.2975,-2.9852536578980455,1.2870538,6.5
mp-1205485,Sc2CrReO6,Sc,Sc,Cr,Re,-2.18807847825,0.8148325852500005,0.0,1.454769,115.82005150082546,6.080582886533849,Fm-3m,225,1.36,1.36,1.66,1.9,3.44,1.7799999999999998,0.745,0.745,0.73,0.63,0.729203868098627,0.14705882352941174,3,3,6,7,6.5,6,6,7,6,2.75,3.25,3.25,3.75,7.0,2.0,3.25,3.75,7.0,0.5,2.145,2.13,2.03,2.08,-2.2076459338023007,1.454769,7.0
mp-1205480,Eu2TmTaO6,Eu,Eu,Tm,Ta,-3.5205450587333345,0.035624965625000726,0.0,14.0000179,145.088957243183,8.581514364927818,Fm-3m,225,1.5,1.5,1.25,1.5,3.44,1.375,1.17,1.17,1.03,0.72,0.7987975506151327,0.35428571428571437,3,3,4,5,4.5,6,4,5,6,2.75,3.25,1.25,1.75,3.0,2.0,1.25,1.75,3.0,0.5,2.57,2.4299999999999997,2.12,2.275,-3.512380003619045,14.0000179,14.0000179
mp-1205512,KBa2IO6,Ba,Ba,K,I,-2.135474944225,0.0,2.7790000000000004,0.0003513,167.2340202011926,5.328661920419536,Fm-3m,225,0.89,0.89,0.82,2.66,3.44,1.74,1.35,1.35,1.38,2.2,0.6095748113677133,0.458100558659218,2,2,4,4,4.0,4,4,4,8,4.0,4.0,0.0,0.0,0.0,5.0,0.0,0.0,0.0,0.0,2.75,2.78,3.6,3.19,-2.169526616309757,0.0003513,0.0003513
mp-1205514,Ba2PuTaO6,Ba,Ba,Pu,Ta,-3.3365669416083312,0.009337582500000607,0.0,5.00043,160.65162817616041,8.223520932242867,Fm-3m,225,0.89,0.89,1.3,1.5,3.44,1.4,1.35,1.35,1.0,0.72,0.8604175434792061,0.32558139534883723,2,2,4,5,4.5,4,4,5,8,3.75,4.25,0.25,0.75,1.0,4.0,0.25,0.75,1.0,0.5,2.75,2.4,2.12,2.26,-3.3159838288618184,5.00043,5.00043
mp-1205510,ReNi(PbO3)2,Pb,Pb,Re,Ni,-1.6256572612500002,0.09623423960938116,0.0,2.9931961,129.58173496316385,9.678832015845336,Fm-3m,225,1.8,1.8,1.9,1.91,3.44,1.9049999999999998,1.19,1.19,0.63,0.69,0.8890323122685234,0.09090909090909083,2,2,7,10,8.5,4,7,10,8,3.25,4.75,3.75,5.25,9.0,4.0,3.75,4.75,8.5,1.0,2.59,2.03,2.09,2.0599999999999996,-1.6162053116017394,2.9931961,8.5
mp-1205507,Eu2MgWO6,Eu,Eu,Mg,W,-2.9310433685000006,0.019029377999999042,0.2765999999999993,14.0000001,128.33004326246063,7.868173107755111,Fm-3m,225,1.5,1.5,1.31,1.7,3.44,1.505,1.17,1.17,0.72,0.66,0.8695045108370465,0.08695652173913036,3,3,4,6,5.0,6,4,6,6,2.5,3.5,1.5,2.5,4.0,1.0,1.5,2.5,4.0,1.0,2.57,2.12,2.06,2.09,-2.9259227738137232,14.0000001,14.0000001
mp-1205520,Eu2DyTaO6,Eu,Eu,Dy,Ta,-3.4724341459000017,0.062479097499998915,0.0,14.0000001,148.42433340122045,8.316686930001648,Fm-3m,225,1.5,1.5,1.22,1.5,3.44,1.3599999999999999,1.17,1.17,1.07,0.72,0.7918363519169617,0.39106145251396657,3,3,4,5,4.5,6,4,5,6,2.75,3.25,1.25,1.75,3.0,2.0,1.25,1.75,3.0,0.5,2.57,2.4699999999999998,2.12,2.295,-3.452780326221091,14.0000001,14.0000001
mp-1205525,Sr2FeBiO6,Sr,Sr,Fe,Bi,-2.2125466750000014,0.030135142333331366,0.3495999999999997,5.0036081,138.68285922290073,6.418612705589415,Fm-3m,225,0.95,0.95,1.83,1.9,3.44,1.865,1.18,1.18,0.61,1.03,0.8217727457032851,0.5121951219512195,2,2,8,5,6.5,4,8,15,8,2.25,5.75,5.75,9.25,15.0,10.0,4.25,0.75,5.0,3.5,2.58,2.01,2.4299999999999997,2.2199999999999998,-2.17923718611075,5.0036081,5.0036081
mp-1205549,Ba2GdTaO6,Ba,Ba,Gd,Ta,-3.543877060733334,0.0,3.3075999999999994,7.0000013,158.11577510551845,7.444356909304123,I4/m,87,0.89,0.89,1.2,1.5,3.44,1.35,1.35,1.35,0.938,0.72,0.8723838709120707,0.2629674306393245,2,2,4,5,4.5,4,4,5,8,3.75,4.25,0.25,0.75,1.0,4.0,0.25,0.75,1.0,0.5,2.75,2.338,2.12,2.229,-3.5235896594329716,7.0000013,7.0000013
mp-1205556,Ba2NdReO6,Ba,Ba,Nd,Re,-2.950607196999999,0.011536446749996543,0.0,1.9893323,160.41025292931357,7.257659180983826,Fm-3m,225,0.89,0.89,1.14,1.9,3.44,1.52,1.35,1.35,0.983,0.63,0.8812796955644712,0.4376937383756974,2,2,4,7,5.5,4,4,7,8,3.25,4.75,0.75,2.25,3.0,2.0,0.75,2.25,3.0,1.5,2.75,2.383,2.03,2.2065,-2.987424681626632,1.9893323,3.0
mp-1205547,Ba2GdTaO6,Ba,Ba,Gd,Ta,-3.539904885733334,0.003972174999999467,3.2148000000000003,7.0000009,158.8618388803419,7.409395932797538,Fm-3m,225,0.89,0.89,1.2,1.5,3.44,1.35,1.35,1.35,0.938,0.72,0.8723838709120707,0.2629674306393245,2,2,4,5,4.5,4,4,5,8,3.75,4.25,0.25,0.75,1.0,4.0,0.25,0.75,1.0,0.5,2.75,2.338,2.12,2.229,-3.5654964250680483,7.0000009,7.0000009
mp-1205553,Sr2LuTaO6,Sr,Sr,Lu,Ta,-3.6028196263999996,0.0,3.4874,6e-07,143.84401862357745,7.239850586268928,Fm-3m,225,0.95,0.95,1.0,1.5,3.44,1.25,1.18,1.18,0.861,0.72,0.8328397605392799,0.17836812144212527,2,2,4,5,4.5,4,4,5,8,3.75,4.25,0.25,0.75,1.0,4.0,0.25,0.75,1.0,0.5,2.58,2.261,2.12,2.1905,-3.615315997953913,6e-07,1.0
mp-1205568,Sr2LiOsO6,Sr,Sr,Li,Os,-2.442533314333333,0.0,0.0,0.9578357,124.7418660515377,6.235346740362873,Fm-3m,225,0.95,0.95,0.98,2.2,3.44,1.59,1.18,1.18,0.76,0.63,0.870804532439758,0.18705035971223022,2,2,4,8,6.0,4,4,8,8,3.0,5.0,1.0,3.0,4.0,1.0,1.0,3.0,4.0,2.0,2.58,2.16,2.03,2.0949999999999998,-2.4420114933291166,0.9578357,4.0
mp-1205540,MgRe(PbO3)2,Pb,Pb,Mg,Re,-2.0276598997499997,0.03873446749106968,0.0,0.5139548,129.73084756356062,9.22753983185147,Fm-3m,225,1.8,1.8,1.31,1.9,3.44,1.605,1.19,1.19,0.72,0.63,0.8826055726617628,0.13333333333333328,2,2,4,7,5.5,4,4,7,8,3.25,4.75,0.75,2.25,3.0,2.0,0.75,2.25,3.0,1.5,2.59,2.12,2.03,2.075,-2.0173067193406173,0.5139548,3.0
mp-1205557,Ba2UTiO6,Ba,Ba,U,Ti,-3.5085369283333323,0.0,0.0,1.9988726,151.3618029378743,7.202747173656071,Fm-3m,225,0.89,0.89,1.7,1.54,3.44,1.62,1.35,1.35,1.025,0.86,0.8301146844239086,0.17506631299734743,2,2,4,4,4.0,4,4,4,8,4.0,4.0,0.0,0.0,0.0,5.0,0.0,0.0,0.0,0.0,2.75,2.425,2.26,2.3425,-3.5230518045964017,1.9988726,1.9988726
mp-1205585,Ba2HoUO6,Ba,Ba,Ho,U,-3.6662475604999996,0.0,0.8731999999999998,0.9999589,169.8491761930532,7.5632337082850425,Fm-3m,225,0.89,0.89,1.23,1.7,3.44,1.4649999999999999,1.35,1.35,0.9010000000000001,1.025,0.8229130970220082,0.12876427829698833,2,2,4,4,4.0,4,4,4,8,4.0,4.0,0.0,0.0,0.0,5.0,0.0,0.0,0.0,0.0,2.75,2.301,2.425,2.363,-3.662512225210458,0.9999589,0.9999589
mp-1205576,Ba2NdUO6,Ba,Ba,Nd,U,-3.5589359597499994,0.0,0.8979999999999997,0.9999144,181.0218526237128,6.906653715871043,Fm-3m,225,0.89,0.89,1.14,1.7,3.44,1.42,1.35,1.35,0.983,1.025,0.8088783894604848,0.04183266932270909,2,2,4,4,4.0,4,4,4,8,4.0,4.0,0.0,0.0,0.0,5.0,0.0,0.0,0.0,0.0,2.75,2.383,2.425,2.404,-3.574043618397066,0.9999144,0.9999144
mp-1205575,Sr2ScOsO6,Sr,Sr,Sc,Os,-2.8940279304999996,0.0,0.0,2.922758,132.61977056177497,6.340940199840582,Fm-3m,225,0.95,0.95,1.36,2.2,3.44,1.7800000000000002,1.18,1.18,0.745,0.63,0.8739331714784636,0.16727272727272727,2,2,3,8,5.5,4,3,8,8,2.75,5.25,0.25,2.75,3.0,2.0,0.25,2.75,3.0,2.5,2.58,2.145,2.03,2.0875,-2.9062582865598388,2.922758,3.0
mp-1205598,Ba2PuMnO6,Ba,Ba,Pu,Mn,-2.9692555026681036,0.0,0.0,3.0,153.24098811270235,7.2557465643731724,Fm-3m,225,0.89,0.89,1.3,1.55,3.44,1.425,1.35,1.35,1.0,0.67,0.8700419007888168,0.3952095808383233,2,2,4,7,5.5,4,4,7,8,3.25,4.75,0.75,2.25,3.0,2.0,0.75,2.25,3.0,1.5,2.75,2.4,2.07,2.235,-2.997388724605068,3.0,3.0
mp-1205599,NdEu2TaO6,Eu,Eu,Nd,Ta,-3.3427853654833344,0.1362532683750004,1.2522000000000002,14.0425546,158.16748125969968,7.612693720492278,Fm-3m,225,1.5,1.5,1.14,1.5,3.44,1.3199999999999998,1.17,1.17,0.983,0.72,0.8071349889626591,0.30886670581327075,3,3,4,5,4.5,6,4,5,6,2.75,3.25,1.25,1.75,3.0,2.0,1.25,1.75,3.0,0.5,2.57,2.383,2.12,2.2515,-3.3612500304055524,14.0425546,14.0425546
mp-1205602,Ba2SmPaO6,Ba,Ba,Sm,Pa,-3.6802769514999993,0.0,3.4592000000000005,6.55e-05,181.6080202746283,6.876360568699037,Fm-3m,225,0.89,0.89,1.17,1.5,3.44,1.335,1.35,1.35,0.958,1.04,0.8105642552159256,0.08208208208208216,2,2,4,4,4.0,4,4,4,8,4.0,4.0,0.0,0.0,0.0,5.0,0.0,0.0,0.0,0.0,2.75,2.3579999999999997,2.44,2.399,-3.707310643612326,6.55e-05,6.55e-05
mp-1205582,Sr2CrOsO6,Sr,Sr,Cr,Os,-2.484821814,0.007930003999999435,0.0,0.0089378,124.32022064928374,6.858293342968319,Fm-3m,225,0.95,0.95,1.66,2.2,3.44,1.9300000000000002,1.18,1.18,0.73,0.63,0.8770843728179291,0.14705882352941174,2,2,6,8,7.0,4,6,8,8,3.5,4.5,2.5,3.5,6.0,1.0,2.5,3.5,6.0,1.0,2.58,2.13,2.03,2.08,-2.5043392790595465,0.0089378,6.0
mp-1205606,Sr2CrMoO6,Sr,Sr,Cr,Mo,-2.6429329689999994,0.047035499249998836,0.0,3.9953304,126.9767866460894,5.481728836050251,Fm-3m,225,0.95,0.95,1.66,2.16,3.44,1.9100000000000001,1.18,1.18,0.73,0.69,0.864613978891608,0.056338028169014134,2,2,6,6,6.0,4,6,6,8,4.0,4.0,2.0,2.0,4.0,1.0,2.0,2.0,4.0,0.0,2.58,2.13,2.09,2.11,-2.621860133067843,3.9953304,4.0
mp-1205605,TbEu2TaO6,Eu,Eu,Tb,Ta,-3.4571722674,0.07202479943750006,0.7809999999999997,14.0206698,149.64640362313804,8.209103847247285,Fm-3m,225,1.5,1.5,1.5,1.5,3.44,1.5,1.17,1.17,0.9230000000000002,0.72,0.8180348537697173,0.24710894704808295,3,3,4,5,4.5,6,4,5,6,2.75,3.25,1.25,1.75,3.0,2.0,1.25,1.75,3.0,0.5,2.57,2.323,2.12,2.2215,-3.4761602451766387,14.0206698,14.0206698
mp-1205596,Ba2NdTaO6,Ba,Ba,Nd,Ta,-3.4813320924833326,0.012282369999999432,3.3164,8.69e-05,164.50543222357794,7.023901612548832,Fm-3m,225,0.89,0.89,1.14,1.5,3.44,1.3199999999999998,1.35,1.35,0.983,0.72,0.8636658442207442,0.30886670581327075,2,2,4,5,4.5,4,4,5,8,3.75,4.25,0.25,0.75,1.0,4.0,0.25,0.75,1.0,0.5,2.75,2.383,2.12,2.2515,-3.4286844511865846,8.69e-05,1.0
mp-1205600,Ba2NdTaO6,Ba,Ba,Nd,Ta,-3.4936144624833325,0.0,3.4981,2.53e-05,162.39709203349992,7.115090277785741,C2/m,12,0.89,0.89,1.14,1.5,3.44,1.3199999999999998,1.35,1.35,0.983,0.72,0.8636658442207442,0.30886670581327075,2,2,4,5,4.5,4,4,5,8,3.75,4.25,0.25,0.75,1.0,4.0,0.25,0.75,1.0,0.5,2.75,2.383,2.12,2.2515,-3.4837481044657146,2.53e-05,1.0
mp-1205594,Sr2TaAlO6,Sr,Sr,Ta,Al,-3.4853614157333332,0.0,3.5770000000000004,4.24e-05,121.53532198183137,6.54685032549863,Fm-3m,225,0.95,0.95,1.5,1.61,3.44,1.5550000000000002,1.18,1.18,0.72,0.535,0.899795558797185,0.29482071713147406,2,2,5,3,4.0,4,5,13,8,2.0,6.0,3.0,7.0,10.0,5.0,3.0,3.0,6.0,0.0,2.58,2.12,1.935,2.0275,-3.481664693259436,4.24e-05,6.0
mp-1205595,Ba2TmMoO6,Ba,Ba,Tm,Mo,-3.068558652,0.0,0.0,0.9999989,150.7257784610517,7.001545820099008,Fm-3m,225,0.89,0.89,1.25,2.16,3.44,1.705,1.35,1.35,1.03,0.69,0.8604175434792061,0.3953488372093024,2,2,4,6,5.0,4,4,6,8,3.5,4.5,0.5,1.5,2.0,3.0,0.5,1.5,2.0,1.0,2.75,2.4299999999999997,2.09,2.26,-3.0857258076036245,0.9999989,2.0
mp-1205597,Ba2TbMoO6,Ba,Ba,Tb,Mo,-3.0265199966666665,0.0,0.0,0.999896,155.17331534806826,6.6937626406312765,Fm-3m,225,0.89,0.89,1.5,2.16,3.44,1.83,1.35,1.35,0.9230000000000002,0.69,0.8812796955644712,0.28890266584004987,2,2,4,6,5.0,4,4,6,8,3.5,4.5,0.5,1.5,2.0,3.0,0.5,1.5,2.0,1.0,2.75,2.323,2.09,2.2065,-3.0125137990784867,0.999896,2.0
mp-1205643,Ba2CePaO6,Ba,Ba,Ce,Pa,-3.640372512,0.0,0.016199999999999548,1.0000294,184.86334313045163,6.663255389061639,Fm-3m,225,0.89,0.89,1.12,1.5,3.44,1.31,1.35,1.35,1.01,1.04,0.8018736693868065,0.02926829268292686,2,2,4,4,4.0,4,4,4,8,4.0,4.0,0.0,0.0,0.0,5.0,0.0,0.0,0.0,0.0,2.75,2.41,2.44,2.425,-3.6518852685247554,1.0000294,1.0000294
mp-1205611,Ba2UCrO6,Ba,Ba,U,Cr,-3.282478179999999,0.0,0.9356999999999998,2.0074143,149.16834024125487,7.354625843563047,Fm-3m,225,0.89,0.89,1.7,1.66,3.44,1.68,1.35,1.35,1.025,0.73,0.8538062121901232,0.3361823361823361,2,2,4,6,5.0,4,4,6,8,3.5,4.5,0.5,1.5,2.0,3.0,0.5,1.5,2.0,1.0,2.75,2.425,2.13,2.2775,-3.280037983707092,2.0074143,2.0074143
mp-1205650,Ba2TaTlO6,Ba,Ba,Ta,Tl,-2.814804107066668,0.0,2.241,0.0001591,155.14504815596007,8.091376192116286,Fm-3m,225,0.89,0.89,1.5,1.8,3.44,1.65,1.35,1.35,0.72,1.5,0.774718584965341,0.7027027027027029,2,2,5,4,4.5,4,5,4,8,4.25,3.75,0.75,0.25,1.0,4.0,0.75,0.25,1.0,0.5,2.75,2.12,2.9,2.51,-2.763602416301292,0.0001591,1.0
mp-1205631,Sr2CoSbO6,Sr,Sr,Co,Sb,-2.3511290415000006,0.024704867000018282,0.20199999999999996,3e-06,511.17311850027335,5.8723490867471435,Fm-3m,225,0.95,0.95,1.88,2.05,3.44,1.9649999999999999,1.18,1.18,0.65,0.76,0.8666676938058397,0.15602836879432622,2,2,9,5,7.0,4,9,15,8,2.5,5.5,6.5,9.5,16.0,11.0,3.5,0.5,4.0,3.0,2.58,2.05,2.16,2.105,-2.3530502394944937,3e-06,4.0
mp-1205639,Ba2YbPaO6,Ba,Ba,Yb,Pa,-3.6711426617500025,0.0,3.8905000000000003,0.0,165.93787091614104,7.752680256511105,Fm-3m,225,0.89,0.89,1.5,1.5,3.44,1.5,1.35,1.35,1.02,1.04,0.800223723565023,0.019417475728155355,2,2,4,4,4.0,4,4,4,8,4.0,4.0,0.0,0.0,0.0,5.0,0.0,0.0,0.0,0.0,2.75,2.42,2.44,2.4299999999999997,-3.648157195224289,0.0,0.0
mp-1205636,Ba2DyPaO6,Ba,Ba,Dy,Pa,-3.7418425121666674,0.0,3.4627999999999997,3.32e-05,174.2791561936315,7.2811987479602465,Fm-3m,225,0.89,0.89,1.22,1.5,3.44,1.3599999999999999,1.35,1.35,1.07,1.04,0.7920748058097782,0.02843601895734599,2,2,4,4,4.0,4,4,4,8,4.0,4.0,0.0,0.0,0.0,5.0,0.0,0.0,0.0,0.0,2.75,2.4699999999999998,2.44,2.455,-3.7559060406691853,3.32e-05,3.32e-05
mp-1205634,CaEu2WO6,Eu,Eu,Ca,W,-2.912938223000002,0.14217176741666115,0.6178000000000008,14.0047326,145.35608624499156,7.126737550588885,Fm-3m,225,1.5,1.5,1.0,1.7,3.44,1.35,1.17,1.17,1.0,0.66,0.8149167836992945,0.4096385542168674,3,3,4,6,5.0,6,4,6,6,2.5,3.5,1.5,2.5,4.0,1.0,1.5,2.5,4.0,1.0,2.57,2.4,2.06,2.23,-2.9136379928099414,14.0047326,14.0047326
mp-1205651,Sr2NdUO6,Sr,Sr,Nd,U,-3.455133693749999,0.16864735962500355,0.5156999999999998,0.9999198,175.31427492196724,6.189880547735356,Fm-3m,225,0.95,0.95,1.14,1.7,3.44,1.42,1.18,1.18,0.983,1.025,0.7588749981120185,0.04183266932270909,2,2,4,4,4.0,4,4,4,8,4.0,4.0,0.0,0.0,0.0,5.0,0.0,0.0,0.0,0.0,2.58,2.383,2.425,2.404,-3.4197176810372887,0.9999198,0.9999198
mp-1205623,Ba2LaPaO6,Ba,Ba,La,Pa,-3.6514718885,0.0,3.3736,0.0001953,188.231689064942,6.5333395301497035,Fm-3m,225,0.89,0.89,1.1,1.5,3.44,1.3,1.35,1.35,1.032,1.04,0.7982527291720056,0.007722007722007728,2,2,4,4,4.0,4,3,4,8,3.75,4.25,0.0,0.0,0.0,5.0,0.0,0.0,0.0,0.0,2.75,2.432,2.44,2.436,-3.6640112296557557,0.0001953,0.0001953
mp-1205628,Ba2ErMoO6,Ba,Ba,Er,Mo,-3.0564830020000002,0.0,0.0,0.999998,151.46971699617177,6.94879288998805,Fm-3m,225,0.89,0.89,1.24,2.16,3.44,1.7000000000000002,1.35,1.35,0.89,0.69,0.8879194740926967,0.2531645569620254,2,2,4,6,5.0,4,4,6,8,3.5,4.5,0.5,1.5,2.0,3.0,0.5,1.5,2.0,1.0,2.75,2.29,2.09,2.19,-3.0202340308400615,0.999998,2.0
mp-1205665,Ba2EuRuO6,Ba,Ba,Eu,Ru,-2.6238421995000003,0.0009800102666694954,0.0,3.9871288,154.02770815592885,6.7238052508545625,Fm-3m,225,0.89,0.89,1.5,2.2,3.44,1.85,1.35,1.35,1.17,0.68,0.8363628594679593,0.5297297297297295,2,2,4,8,6.0,4,4,8,8,3.0,5.0,1.0,3.0,4.0,1.0,1.0,3.0,4.0,2.0,2.75,2.57,2.08,2.325,-2.609687160790891,3.9871288,4.0
mp-1205676,NaSr2OsO6,Sr,Sr,Na,Os,-2.334082770137931,0.0,0.0,0.9886307,137.12513991201845,5.866600367991699,Fm-3m,225,0.95,0.95,0.93,2.2,3.44,1.5650000000000002,1.18,1.18,1.02,0.63,0.819926065375862,0.4727272727272728,2,2,4,8,6.0,4,4,8,8,3.0,5.0,1.0,3.0,4.0,1.0,1.0,3.0,4.0,2.0,2.58,2.42,2.03,2.2249999999999996,-2.3453321056558165,0.9886307,4.0
mp-1205687,Sr2PrNbO6,Sr,Sr,Pr,Nb,-3.249349684166667,0.14797396293750076,2.888,7.5e-06,161.94971628615008,5.1784960790423264,Fm-3m,225,0.95,0.95,1.13,1.6,3.44,1.365,1.18,1.18,0.99,0.72,0.8090179580759612,0.31578947368421056,2,2,4,5,4.5,4,4,5,8,3.75,4.25,0.25,0.75,1.0,4.0,0.25,0.75,1.0,0.5,2.58,2.3899999999999997,2.12,2.255,-3.2367015293855563,7.5e-06,1.0
mp-1205671,Ba2TaFeO6,Ba,Ba,Ta,Fe,-3.0062138862333336,0.0,1.8622999999999998,0.0,275.90151133954373,7.311908468319728,Fm-3m,225,0.89,0.89,1.5,1.83,3.44,1.665,1.35,1.35,0.72,0.61,0.9416676262774846,0.16541353383458643,2,2,5,8,6.5,4,5,8,8,3.25,4.75,1.75,3.25,5.0,0.0,1.75,3.25,5.0,1.5,2.75,2.12,2.01,2.065,-2.986762797240799,0.0,5.0
mp-1205669,Ba2YMoO6,Ba,Ba,Y,Mo,-3.0216682319999997,0.0,0.0,1.0006089,154.21132944231886,5.981552905998219,Fm-3m,225,0.89,0.89,1.22,2.16,3.44,1.69,1.35,1.35,0.9,0.69,0.8858968784797293,0.2641509433962265,2,2,3,6,4.5,4,3,6,8,3.25,4.75,0.0,1.25,1.25,3.75,0.0,1.25,1.25,1.25,2.75,2.3,2.09,2.195,-3.009232032755656,1.0006089,1.25
mp-1205674,Ba2ScOsO6,Ba,Ba,Sc,Os,-2.8806418995,0.0,0.0,2.999774,137.76741336664702,7.302270114987575,Fm-3m,225,0.89,0.89,1.36,2.2,3.44,1.7800000000000002,1.35,1.35,0.745,0.63,0.9315179153355716,0.16727272727272727,2,2,3,8,5.5,4,3,8,8,2.75,5.25,0.25,2.75,3.0,2.0,0.25,2.75,3.0,2.5,2.75,2.145,2.03,2.0875,-2.912046393897809,2.999774,3.0
mp-1205663,Sr2ZrTiO6,Sr,Sr,Zr,Ti,-3.5616989933333327,0.044961566750000515,1.8689,0.0002879,136.39727724598058,4.995441936275477,P4mm,99,0.95,0.95,1.33,1.54,3.44,1.435,1.18,1.18,0.72,0.86,0.83302990660333,0.17721518987341772,2,2,4,4,4.0,4,4,4,8,4.0,4.0,0.0,0.0,0.0,5.0,0.0,0.0,0.0,0.0,2.58,2.12,2.26,2.19,-3.57624173684983,0.0002879,0.0002879
mp-1205670,Ba2PrTaO6,Ba,Ba,Pr,Ta,-3.4576381959000004,0.015519880000001152,3.3056,0.0001013,166.6147794446964,6.901747588397282,Fm-3m,225,0.89,0.89,1.13,1.5,3.44,1.315,1.35,1.35,0.99,0.72,0.8623253429104237,0.31578947368421056,2,2,4,5,4.5,4,4,5,8,3.75,4.25,0.25,0.75,1.0,4.0,0.25,0.75,1.0,0.5,2.75,2.3899999999999997,2.12,2.255,-3.4625885686110305,0.0001013,1.0
mp-1205686,Ba2PrTaO6,Ba,Ba,Pr,Ta,-3.473158075900001,0.0,3.4861000000000004,0.0,161.4468399326444,7.122673647273185,C2/m,12,0.89,0.89,1.13,1.5,3.44,1.315,1.35,1.35,0.99,0.72,0.8623253429104237,0.31578947368421056,2,2,4,5,4.5,4,4,5,8,3.75,4.25,0.25,0.75,1.0,4.0,0.25,0.75,1.0,0.5,2.75,2.3899999999999997,2.12,2.255,-3.474646744482002,0.0,1.0
mp-1205685,Ba2YZrO6,Ba,Ba,Y,Zr,-3.3768292460000007,0.048875723437511454,0.0,1.0008354,165.7313217515151,5.5185230760772805,Fm-3m,225,0.89,0.89,1.22,1.33,3.44,1.275,1.35,1.35,0.9,0.72,0.8798840037389165,0.22222222222222227,2,2,3,4,3.5,4,3,4,8,3.75,4.25,0.0,0.0,0.0,5.0,0.0,0.0,0.0,0.0,2.75,2.3,2.12,2.21,-3.364415804048987,1.0008354,1.0008354
mp-1205677,Sr2NbGaO6,Sr,Sr,Nb,Ga,-3.0593491507500006,0.008673644375006617,3.2457,0.0005019,127.59883004512733,5.646220095455818,I4/m,87,0.95,0.95,1.6,1.81,3.44,1.705,1.18,1.18,0.72,0.62,0.8813214953919287,0.14925373134328357,2,2,5,3,4.0,4,5,13,8,2.0,6.0,3.0,7.0,10.0,5.0,3.0,3.0,6.0,0.0,2.58,2.12,2.02,2.0700000000000003,-3.0557951307313354,0.0005019,6.0
mp-1205700,Ba2LaUO6,Ba,Ba,La,U,-3.5676268224999994,0.0018026855000066178,0.8498999999999999,0.999961,183.86364210921235,6.751708604698437,Fm-3m,225,0.89,0.89,1.1,1.7,3.44,1.4,1.35,1.35,1.032,1.025,0.8007179939316474,0.006806028196402642,2,2,4,4,4.0,4,3,4,8,3.75,4.25,0.0,0.0,0.0,5.0,0.0,0.0,0.0,0.0,2.75,2.432,2.425,2.4284999999999997,-3.5943337096742014,0.999961,0.999961
mp-1205701,Eu2HoTaO6,Eu,Eu,Ho,Ta,-3.487174774233334,0.09339716750000093,0.6358999999999995,13.9999941,147.53078557475084,8.394413072345673,Fm-3m,225,1.5,1.5,1.23,1.5,3.44,1.365,1.17,1.17,0.9010000000000001,0.72,0.8221055994794966,0.22331893892658872,3,3,4,5,4.5,6,4,5,6,2.75,3.25,1.25,1.75,3.0,2.0,1.25,1.75,3.0,0.5,2.57,2.301,2.12,2.2105,-3.4795708172132147,13.9999941,13.9999941
mp-1205708,Ba2NdPaO6,Ba,Ba,Nd,Pa,-3.643724666749999,0.0,3.4662,8.1e-05,184.52243897640926,6.7126960732979155,Fm-3m,225,0.89,0.89,1.14,1.5,3.44,1.3199999999999998,1.35,1.35,0.983,1.04,0.8063626988442901,0.05635195254572422,2,2,4,4,4.0,4,4,4,8,4.0,4.0,0.0,0.0,0.0,5.0,0.0,0.0,0.0,0.0,2.75,2.383,2.44,2.4115,-3.6315129518443223,8.1e-05,8.1e-05
mp-1205694,LiCa2ReO6,Ca,Ca,Li,Re,-2.649083681583334,0.09733272906666635,1.5831,2.44e-05,118.39167741297362,5.179736918742089,Fm-3m,225,1.0,1.0,0.98,1.9,3.44,1.44,1.0,1.0,0.76,0.63,0.8100507278509376,0.18705035971223022,2,2,4,7,5.5,4,4,7,8,3.25,4.75,0.75,2.25,3.0,2.0,0.75,2.25,3.0,1.5,2.4,2.16,2.03,2.0949999999999998,-2.637887872624713,2.44e-05,3.0
mp-1205699,Ba2HoPaO6,Ba,Ba,Ho,Pa,-3.7519611845000016,0.0,3.9051,0.0,169.5375521362815,7.508642180697092,Fm-3m,225,0.89,0.89,1.23,1.5,3.44,1.365,1.35,1.35,0.9010000000000001,1.04,0.82030949093567,0.1432251416795465,2,2,4,4,4.0,4,4,4,8,4.0,4.0,0.0,0.0,0.0,5.0,0.0,0.0,0.0,0.0,2.75,2.301,2.44,2.3705,-3.730345569988909,0.0,0.0
mp-1205691,Ba2ZnOsO6,Ba,Ba,Zn,Os,-2.295212536999999,0.0,0.0,1.999978,134.13285914858207,7.7533426466251445,Fm-3m,225,0.89,0.89,1.65,2.2,3.44,1.925,1.35,1.35,0.74,0.63,0.9326348432916094,0.1605839416058394,2,2,12,8,10.0,4,12,8,8,5.0,3.0,7.0,5.0,12.0,7.0,3.0,5.0,8.0,2.0,2.75,2.1399999999999997,2.03,2.085,-2.278534093909021,1.999978,8.0
mp-1205692,Sr2LaTaO6,Sr,Sr,La,Ta,-3.4011317612333327,0.1365914648750053,3.5116,0.0008162,161.99621346612716,6.058954108321732,Fm-3m,225,0.95,0.95,1.1,1.5,3.44,1.3,1.18,1.18,1.032,0.72,0.8015533811341357,0.35616438356164387,2,2,4,5,4.5,4,3,5,8,3.5,4.5,0.0,0.5,0.5,4.5,0.0,0.5,0.5,0.5,2.58,2.432,2.12,2.276,-3.391948159648764,0.0008162,0.5
mp-1205693,Ba2DyUO6,Ba,Ba,Dy,U,-3.6562066461666674,0.0,0.8682999999999996,0.9999999,167.43435632644434,7.648211522974726,Fm-3m,225,0.89,0.89,1.22,1.7,3.44,1.46,1.35,1.35,1.07,1.025,0.7945020013331995,0.04295942720763738,2,2,4,4,4.0,4,4,4,8,4.0,4.0,0.0,0.0,0.0,5.0,0.0,0.0,0.0,0.0,2.75,2.4699999999999998,2.425,2.4475,-3.65760996039584,0.9999999,0.9999999
mp-1205690,Sr2NbCrO6,Sr,Sr,Nb,Cr,-3.1040419777500006,0.0,2.2693,0.0,515.0960757994159,5.366104700092496,Fm-3m,225,0.95,0.95,1.6,1.66,3.44,1.63,1.18,1.18,0.72,0.73,0.8585108213935494,0.013793103448275874,2,2,5,6,5.5,4,5,6,8,3.75,4.25,1.25,1.75,3.0,2.0,1.25,1.75,3.0,0.5,2.58,2.12,2.13,2.125,-3.1372611964203205,0.0,3.0
mp-1205705,Sr2UCrO6,Sr,Sr,U,Cr,-3.272775954999999,0.028327752071430012,0.9756999999999998,2.0042018,141.4117591801934,6.590657697670908,Fm-3m,225,0.95,0.95,1.7,1.66,3.44,1.68,1.18,1.18,1.025,0.73,0.801025464527461,0.3361823361823361,2,2,4,6,5.0,4,4,6,8,3.5,4.5,0.5,1.5,2.0,3.0,0.5,1.5,2.0,1.0,2.58,2.425,2.13,2.2775,-3.264183590617347,2.0042018,2.0042018
mp-1205702,CoRe(PbO3)2,Pb,Pb,Co,Re,-1.5959179782500008,0.13134810723437518,0.0,2.065611,130.133343427722,9.640865292092561,Fm-3m,225,1.8,1.8,1.88,1.9,3.44,1.89,1.19,1.19,0.65,0.63,0.8977483153299792,0.03125000000000003,2,2,9,7,8.0,4,9,7,8,4.5,3.5,4.5,3.5,8.0,3.0,4.5,3.5,8.0,1.0,2.59,2.05,2.03,2.04,-1.5917642245067385,2.065611,8.0
mp-1205698,Sr2InReO6,Sr,Sr,In,Re,-2.4803037629166673,0.10849896726189456,0.0,1.9999719,138.24714747180948,6.873649328125393,Fm-3m,225,0.95,0.95,1.78,1.9,3.44,1.8399999999999999,1.18,1.18,0.8,0.63,0.862569974213377,0.2377622377622378,2,2,3,7,5.0,4,13,7,8,5.5,2.5,7.5,4.5,12.0,7.0,2.5,4.5,7.0,2.0,2.58,2.2,2.03,2.115,-2.47487218617276,1.9999719,7.0
mp-1205706,Ba2LuBiO6,Ba,Ba,Lu,Bi,-2.862667769666667,0.0016597259999997505,1.4061000000000003,1.19e-05,160.3320421240117,7.81527579653663,Fm-3m,225,0.89,0.89,1.0,1.9,3.44,1.45,1.35,1.35,0.861,1.03,0.8290529304041806,0.17874140666314123,2,2,4,5,4.5,4,4,15,8,1.25,6.75,2.75,8.25,11.0,6.0,2.75,1.75,4.5,1.0,2.75,2.261,2.4299999999999997,2.3455,-2.8882027411830733,1.19e-05,4.5
mp-1205713,Ba2YUO6,Ba,Ba,Y,U,-3.642864564999999,0.0,0.8651999999999997,1.0000002,171.72601799832464,6.745439191923206,Fm-3m,225,0.89,0.89,1.22,1.7,3.44,1.46,1.35,1.35,0.9,1.025,0.8230872585240235,0.12987012987012977,2,2,3,4,3.5,4,3,4,8,3.75,4.25,0.0,0.0,0.0,5.0,0.0,0.0,0.0,0.0,2.75,2.3,2.425,2.3625,-3.6644856958081644,1.0000002,1.0000002
mp-1205736,NbCo(PbO3)2,Pb,Pb,Nb,Co,-1.9060418849999998,0.11282942039063126,1.2295999999999996,0.0035753,130.14693282299086,8.44944007114986,Fm-3m,225,1.8,1.8,1.6,1.88,3.44,1.74,1.19,1.19,0.72,0.65,0.8783724524091885,0.10218978102189773,2,2,5,9,7.0,4,5,9,8,3.0,5.0,2.0,4.0,6.0,1.0,2.0,4.0,6.0,2.0,2.59,2.12,2.05,2.085,-1.8849788279333417,0.0035753,6.0
mp-1205751,Ba2UBeO6,Ba,Ba,U,Be,-3.2305220324999993,0.1556317572499708,1.7398999999999996,6.61e-05,138.9181405336935,7.383491105373023,Fm-3m,225,0.89,0.89,1.7,1.57,3.44,1.635,1.35,1.35,1.025,0.45,0.9097280225791841,0.7796610169491526,2,2,4,4,4.0,4,4,4,8,4.0,4.0,0.0,0.0,0.0,5.0,0.0,0.0,0.0,0.0,2.75,2.425,1.8499999999999999,2.1374999999999997,-3.2313131355771323,6.61e-05,6.61e-05
mp-1205743,NaSr2IO6,Sr,Sr,Na,I,-2.1790285086379306,0.03933458150002078,2.4174,0.0003593,138.82417851196215,5.037334901884098,Fm-3m,225,0.95,0.95,0.93,2.66,3.44,1.7950000000000002,1.18,1.18,1.02,2.2,0.6060915267313265,0.7329192546583851,2,2,4,4,4.0,4,4,4,8,4.0,4.0,0.0,0.0,0.0,5.0,0.0,0.0,0.0,0.0,2.58,2.42,3.6,3.01,-2.165398494690478,0.0003593,0.0003593
mp-1205758,Ba2EuMoO6,Ba,Ba,Eu,Mo,-2.8686539884999993,0.0,0.047900000000000276,6.9999992,155.88125748065568,6.589206194848875,Fm-3m,225,0.89,0.89,1.5,2.16,3.44,1.83,1.35,1.35,1.17,0.69,0.8345680893832641,0.5161290322580645,2,2,4,6,5.0,4,4,6,8,3.5,4.5,0.5,1.5,2.0,3.0,0.5,1.5,2.0,1.0,2.75,2.57,2.09,2.33,-2.86808762097739,6.9999992,6.9999992
mp-1205759,Ba2YbUO6,Ba,Ba,Yb,U,-3.6184453082500028,0.0,2.1684,1.0000015,162.76185228514666,7.975305250950651,Fm-3m,225,0.89,0.89,1.5,1.7,3.44,1.6,1.35,1.35,1.02,1.025,0.8027011963933977,0.004889975550122145,2,2,4,4,4.0,4,4,4,8,4.0,4.0,0.0,0.0,0.0,5.0,0.0,0.0,0.0,0.0,2.75,2.42,2.425,2.4225,-3.617850185460088,1.0000015,1.0000015
mp-1205760,Sr2LuNbO6,Sr,Sr,Lu,Nb,-3.476122503666667,0.047663285499998764,2.8966000000000003,0.000247,144.57358895376143,6.192091229146834,Fm-3m,225,0.95,0.95,1.0,1.6,3.44,1.3,1.18,1.18,0.861,0.72,0.8328397605392799,0.17836812144212527,2,2,4,5,4.5,4,4,5,8,3.75,4.25,0.25,0.75,1.0,4.0,0.25,0.75,1.0,0.5,2.58,2.261,2.12,2.1905,-3.457356827547147,0.000247,1.0
mp-1205776,Sr2InOsO6,Sr,Sr,In,Os,-2.309462207666666,0.05203407099999424,0.38090000000000046,2.9999979,137.70800050483396,6.949071640725253,Fm-3m,225,0.95,0.95,1.78,2.2,3.44,1.9900000000000002,1.18,1.18,0.8,0.63,0.862569974213377,0.2377622377622378,2,2,3,8,5.5,4,13,8,8,5.25,2.75,7.75,5.25,13.0,8.0,2.25,4.75,7.0,2.5,2.58,2.2,2.03,2.115,-2.3197831022310136,2.9999979,7.0
mp-1205790,Ba2ErPaO6,Ba,Ba,Er,Pa,-3.763198976999999,0.0,3.4587,1.72e-05,171.95991058647292,7.425356729640401,Fm-3m,225,0.89,0.89,1.24,1.5,3.44,1.37,1.35,1.35,0.89,1.04,0.822217187426218,0.15544041450777202,2,2,4,4,4.0,4,4,4,8,4.0,4.0,0.0,0.0,0.0,5.0,0.0,0.0,0.0,0.0,2.75,2.29,2.44,2.365,-3.7612765614611794,1.72e-05,1.72e-05
mp-1205767,Sr2MnReO6,Sr,Sr,Mn,Re,-2.6306401010431046,0.018463508969048803,0.2644000000000002,3.9922806,133.5984460849768,6.368557663245607,Fm-3m,225,0.95,0.95,1.55,1.9,3.44,1.725,1.18,1.18,0.67,0.63,0.8899197538835574,0.06153846153846159,2,2,7,7,7.0,4,7,7,8,4.0,4.0,3.0,3.0,6.0,1.0,3.0,3.0,6.0,0.0,2.58,2.07,2.03,2.05,-2.6398856068172054,3.9922806,6.0
mp-1205803,Ba2ErTaO6,Ba,Ba,Er,Ta,-3.6005731267333325,0.0,3.3933999999999997,5.6e-06,153.53157512522952,7.774886680110707,Fm-3m,225,0.89,0.89,1.24,1.5,3.44,1.37,1.35,1.35,0.89,0.72,0.8818792055614537,0.21118012422360255,2,2,4,5,4.5,4,4,5,8,3.75,4.25,0.25,0.75,1.0,4.0,0.25,0.75,1.0,0.5,2.75,2.29,2.12,2.205,-3.609263051281979,5.6e-06,1.0
mp-1205833,Ba2NbRhO6,Ba,Ba,Nb,Rh,-2.733223787000001,0.0,0.8889,7.22e-05,138.59031925378656,6.78714611579048,Fm-3m,225,0.89,0.89,1.6,2.28,3.44,1.94,1.35,1.35,0.72,0.665,0.9292920660755105,0.07942238267148005,2,2,5,9,7.0,4,5,9,8,3.0,5.0,2.0,4.0,6.0,1.0,2.0,4.0,6.0,2.0,2.75,2.12,2.065,2.0925000000000002,-2.7394072294693737,7.22e-05,6.0
mp-1205837,Ba2HoMoO6,Ba,Ba,Ho,Mo,-3.0460443594999993,0.0,0.0,0.9999958,152.88526773816693,6.85916206255035,Fm-3m,225,0.89,0.89,1.23,2.16,3.44,1.695,1.35,1.35,0.9010000000000001,0.69,0.8856951256037375,0.26524198617221895,2,2,4,6,5.0,4,4,6,8,3.5,4.5,0.5,1.5,2.0,3.0,0.5,1.5,2.0,1.0,2.75,2.301,2.09,2.1955,-3.041601684067325,0.9999958,2.0
mp-1205825,Ba2MgMoO6,Ba,Ba,Mg,Mo,-2.8326574255,0.0,2.2639,2.03e-05,138.4620059485812,5.887181720852885,Fm-3m,225,0.89,0.89,1.31,2.16,3.44,1.735,1.35,1.35,0.72,0.69,0.9237737046380075,0.04255319148936174,2,2,4,6,5.0,4,4,6,8,3.5,4.5,0.5,1.5,2.0,3.0,0.5,1.5,2.0,1.0,2.75,2.12,2.09,2.105,-2.8422323979332695,2.03e-05,2.0
mp-1205836,Ba2LuMoO6,Ba,Ba,Lu,Mo,-3.081216235666667,0.0,0.0,0.9982121,148.8829683373522,7.155493603813796,Fm-3m,225,0.89,0.89,1.0,2.16,3.44,1.58,1.35,1.35,0.861,0.69,0.8938375767699405,0.22050290135396525,2,2,4,6,5.0,4,4,6,8,3.5,4.5,0.5,1.5,2.0,3.0,0.5,1.5,2.0,1.0,2.75,2.261,2.09,2.1755,-3.0561011131551967,0.9982121,2.0
mp-1205823,Ba2ScTaO6,Ba,Ba,Sc,Ta,-3.5931783102333332,0.0,3.0173000000000005,2.85e-05,143.7159044723548,6.892776037425662,Fm-3m,225,0.89,0.89,1.36,1.5,3.44,1.4300000000000002,1.35,1.35,0.745,0.72,0.9118610308384552,0.03412969283276454,2,2,3,5,4.0,4,3,5,8,3.5,4.5,0.0,0.5,0.5,4.5,0.0,0.5,0.5,0.5,2.75,2.145,2.12,2.1325000000000003,-3.6110704562777234,2.85e-05,0.5
mp-1205806,FePb2WO6,Pb,Pb,Fe,W,-1.7146551610000003,0.10812760940625044,2.3576999999999995,4.0005472,128.95670972835248,9.658585987452229,Fm-3m,225,1.8,1.8,1.83,1.7,3.44,1.7650000000000001,1.19,1.19,0.61,0.66,0.8999540851465149,0.07874015748031503,2,2,8,6,7.0,4,8,6,8,4.5,3.5,3.5,2.5,6.0,1.0,3.5,2.5,6.0,1.0,2.59,2.01,2.06,2.035,-1.7183925938832274,4.0005472,6.0
mp-1205832,Ba2ZrUO6,Ba,Ba,Zr,U,-3.5405289179999997,0.02232153000000281,0.0,2.0003779,164.58374562298874,7.061552684453484,Fm-3m,225,0.89,0.89,1.33,1.7,3.44,1.5150000000000001,1.35,1.35,0.72,1.025,0.8556847737130938,0.34957020057306587,2,2,4,4,4.0,4,4,4,8,4.0,4.0,0.0,0.0,0.0,5.0,0.0,0.0,0.0,0.0,2.75,2.12,2.425,2.2725,-3.549323539165483,2.0003779,2.0003779
mp-1205856,Eu2LuTaO6,Eu,Eu,Lu,Ta,-3.5426493224000013,0.021948368812498842,0.5686,13.9999806,142.78994484067164,8.789839198165064,Fm-3m,225,1.5,1.5,1.0,1.5,3.44,1.25,1.17,1.17,0.861,0.72,0.8296116994519183,0.17836812144212527,3,3,4,5,4.5,6,4,5,6,2.75,3.25,1.25,1.75,3.0,2.0,1.25,1.75,3.0,0.5,2.57,2.261,2.12,2.1905,-3.5137097647129267,13.9999806,13.9999806
mp-1205846,Sr2HoUO6,Sr,Sr,Ho,U,-3.5884778804999984,0.09680619868750462,0.9093,1.0001175,163.2642622236675,6.857153969044432,Fm-3m,225,0.95,0.95,1.23,1.7,3.44,1.4649999999999999,1.18,1.18,0.9010000000000001,1.025,0.7720421055697386,0.12876427829698833,2,2,4,4,4.0,4,4,4,8,4.0,4.0,0.0,0.0,0.0,5.0,0.0,0.0,0.0,0.0,2.58,2.301,2.425,2.363,-3.584546784969767,1.0001175,1.0001175
mp-1205845,Ba2GdUO6,Ba,Ba,Gd,U,-3.618613175999999,0.0,0.8429000000000002,7.9864228,174.3554687281598,7.294612280093759,Fm-3m,225,0.89,0.89,1.2,1.7,3.44,1.45,1.35,1.35,0.938,1.025,0.8165205325479763,0.08863983698420781,2,2,4,4,4.0,4,4,4,8,4.0,4.0,0.0,0.0,0.0,5.0,0.0,0.0,0.0,0.0,2.75,2.338,2.425,2.3815,-3.5979762852106263,7.9864228,7.9864228
mp-1205875,Ba2InReO6,Ba,Ba,In,Re,-2.490053615916666,0.034951813944445576,0.0,2.0000224,145.77393508636206,7.651184298974273,Fm-3m,225,0.89,0.89,1.78,1.9,3.44,1.8399999999999999,1.35,1.35,0.8,0.63,0.9194059802661964,0.2377622377622378,2,2,3,7,5.0,4,13,7,8,5.5,2.5,7.5,4.5,12.0,7.0,2.5,4.5,7.0,2.0,2.75,2.2,2.03,2.115,-2.5197648233774057,2.0000224,7.0
mp-1205886,Ba2PuPaO6,Ba,Ba,Pu,Pa,-3.505601646874999,0.0,0.0,5.0002044,180.0792092959013,7.7982078746365335,Fm-3m,225,0.89,0.89,1.3,1.5,3.44,1.4,1.35,1.35,1.0,1.04,0.8035304331665313,0.03921568627450984,2,2,4,4,4.0,4,4,4,8,4.0,4.0,0.0,0.0,0.0,5.0,0.0,0.0,0.0,0.0,2.75,2.4,2.44,2.42,-3.5002606415576136,5.0002044,5.0002044
mp-1205885,Ba2NdPuO6,Ba,Ba,Nd,Pu,-3.342082354624998,0.0,0.0,3.0016476,177.75025334910399,7.089556586068383,Fm-3m,225,0.89,0.89,1.14,1.3,3.44,1.22,1.35,1.35,0.983,1.0,0.8131062714877716,0.017145738779626843,2,2,4,4,4.0,4,4,4,8,4.0,4.0,0.0,0.0,0.0,5.0,0.0,0.0,0.0,0.0,2.75,2.383,2.4,2.3914999999999997,-3.324289738712529,3.0016476,3.0016476
mp-1205895,Ba2YPaO6,Ba,Ba,Y,Pa,-3.7287168050000004,0.0,3.9423999999999997,0.0,170.79437315688207,6.714244687091271,Fm-3m,225,0.89,0.89,1.22,1.5,3.44,1.3599999999999999,1.35,1.35,0.9,1.04,0.820482552009707,0.1443298969072165,2,2,3,4,3.5,4,3,4,8,3.75,4.25,0.0,0.0,0.0,5.0,0.0,0.0,0.0,0.0,2.75,2.3,2.44,2.37,-3.7270711252144917,0.0,0.0
mp-1205888,NbFe(PbO3)2,Pb,Pb,Nb,Fe,-2.069986868,0.0527611223437523,0.29739999999999966,5.0011711,133.3892978204176,8.205610635685842,P4/mmm,123,1.8,1.8,1.6,1.83,3.44,1.715,1.19,1.19,0.72,0.61,0.8868796916577036,0.16541353383458643,2,2,5,8,6.5,4,5,8,8,3.25,4.75,1.75,3.25,5.0,0.0,1.75,3.25,5.0,1.5,2.59,2.12,2.01,2.065,-2.048677260498693,5.0011711,5.0011711
mp-1205944,Sr2TaVO6,Sr,Sr,Ta,V,-3.272045069733333,0.0,0.0,0.0001893,257.7136790257033,6.483629564634194,I4/m,87,0.95,0.95,1.5,1.63,3.44,1.565,1.18,1.18,0.72,0.79,0.8465593946456115,0.09271523178807956,2,2,5,5,5.0,4,5,5,8,4.0,4.0,1.0,1.0,2.0,3.0,1.0,1.0,2.0,0.0,2.58,2.12,2.19,2.1550000000000002,-3.2823908387353407,0.0001893,2.0
mp-1205947,Eu2TaAlO6,Eu,Eu,Ta,Al,-3.442870456733334,0.0,0.3394692201843501,14.0460557,120.62449057429902,8.367828201154467,Fm-3m,225,1.5,1.5,1.5,1.61,3.44,1.5550000000000002,1.17,1.17,0.72,0.535,0.8963079791119245,0.29482071713147406,3,3,5,3,4.0,6,5,13,6,1.0,5.0,4.0,8.0,12.0,7.0,4.0,2.0,6.0,2.0,2.57,2.12,1.935,2.0275,-3.4146835079296225,14.0460557,14.0460557
mp-1205958,Sr2CrReO6,Sr,Sr,Cr,Re,-2.67028520825,0.018688741547604693,0.0,1.0003011,124.678747222902,6.7849911219326104,Fm-3m,225,0.95,0.95,1.66,1.9,3.44,1.7799999999999998,1.18,1.18,0.73,0.63,0.8770843728179291,0.14705882352941174,2,2,6,7,6.5,4,6,7,8,3.75,4.25,2.25,2.75,5.0,0.0,2.25,2.75,5.0,0.5,2.58,2.13,2.03,2.08,-2.624307245777615,1.0003011,5.0
mp-1205924,Sr2DyUO6,Sr,Sr,Dy,U,-3.5753629121666664,0.10429275075000355,0.9030000000000005,0.9999743,164.89145118163106,6.765011372065727,Fm-3m,225,0.95,0.95,1.22,1.7,3.44,1.46,1.18,1.18,1.07,1.025,0.7453873321598744,0.04295942720763738,2,2,4,4,4.0,4,4,4,8,4.0,4.0,0.0,0.0,0.0,5.0,0.0,0.0,0.0,0.0,2.58,2.4699999999999998,2.425,2.4475,-3.5826196833754596,0.9999743,0.9999743
mp-1205945,Ba2UHgO6,Ba,Ba,U,Hg,-2.9043863952500004,0.08084312974999541,1.6345,0.0006007,172.85373559416985,7.774337661339244,Fm-3m,225,0.89,0.89,1.7,1.9,3.44,1.7999999999999998,1.35,1.35,1.025,1.19,0.7754909863461639,0.14898419864559823,2,2,4,12,8.0,4,4,12,8,2.0,6.0,2.0,6.0,8.0,3.0,2.0,4.0,6.0,2.0,2.75,2.425,2.59,2.5075,-2.9132964456780157,0.0006007,6.0
mp-1205929,Ba2GdPaO6,Ba,Ba,Gd,Pa,-3.703111186,0.0,3.6553999999999998,7.0000003,174.59994723620957,7.217890748018802,Fm-3m,225,0.89,0.89,1.2,1.5,3.44,1.35,1.35,1.35,0.938,1.04,0.8139571570795336,0.103134479271992,2,2,4,4,4.0,4,4,4,8,4.0,4.0,0.0,0.0,0.0,5.0,0.0,0.0,0.0,0.0,2.75,2.338,2.44,2.3890000000000002,-3.6740434964576463,7.0000003,7.0000003
mp-1205934,Ba2YbMoO6,Ba,Ba,Yb,Mo,-3.1158671857500027,0.0,2.2435,1.0,144.74267722017825,7.338065657395879,Fm-3m,225,0.89,0.89,1.5,2.16,3.44,1.83,1.35,1.35,1.02,0.69,0.8623253429104237,0.38596491228070184,2,2,4,6,5.0,4,4,6,8,3.5,4.5,0.5,1.5,2.0,3.0,0.5,1.5,2.0,1.0,2.75,2.42,2.09,2.255,-3.084275742835388,1.0,2.0
mp-1205973,Ba2CePuO6,Ba,Ba,Ce,Pu,-3.441262821874998,0.025686502000001,0.21919999999999984,4.0004589,175.41599809894615,7.144839174823415,Fm-3m,225,0.89,0.89,1.12,1.3,3.44,1.21,1.35,1.35,1.01,1.0,0.8085420574898153,0.009950248756218916,2,2,4,4,4.0,4,4,4,8,4.0,4.0,0.0,0.0,0.0,5.0,0.0,0.0,0.0,0.0,2.75,2.41,2.4,2.4050000000000002,-3.4517200224180633,4.0004589,4.0004589
mp-1205988,La2NiWO6,La,La,Ni,W,-2.6513661250000005,0.3214194765000027,0.0,0.0,129.1416494566905,7.925079808433877,Fm-3m,225,1.1,1.1,1.91,1.7,3.44,1.805,1.032,1.032,0.69,0.66,0.8287632249858715,0.044444444444444314,3,3,10,6,8.0,6,10,6,6,4.0,2.0,6.0,4.0,10.0,5.0,4.0,4.0,8.0,0.0,2.432,2.09,2.06,2.075,-2.6597698613419176,0.0,8.0
mp-1206007,Sr2UInO6,Sr,Sr,U,In,-3.1130241766666664,0.11097046944444777,1.0488,0.9994587,156.54768572128663,6.619802226657881,Fm-3m,225,0.95,0.95,1.7,1.78,3.44,1.74,1.18,1.18,1.025,0.8,0.7889018358751535,0.24657534246575327,2,2,4,3,3.5,4,4,13,8,1.75,6.25,2.25,6.75,9.0,4.0,2.25,3.25,5.5,1.0,2.58,2.425,2.2,2.3125,-3.1186598688438765,0.9994587,5.5
mp-1206029,Ba2TmTaO6,Ba,Ba,Tm,Ta,-3.6126705557333336,0.0,3.4065000000000003,0.0,151.8209801441106,7.880810339489975,Fm-3m,225,0.89,0.89,1.25,1.5,3.44,1.375,1.35,1.35,1.03,0.72,0.8547444607749475,0.35428571428571437,2,2,4,5,4.5,4,4,5,8,3.75,4.25,0.25,0.75,1.0,4.0,0.25,0.75,1.0,0.5,2.75,2.4299999999999997,2.12,2.275,-3.639559565954019,0.0,1.0
mp-1206026,Ba2DyMoO6,Ba,Ba,Dy,Mo,-3.0365795681666663,0.0,0.0,0.9999799,153.81428249410914,6.791496668214266,Fm-3m,225,0.89,0.89,1.22,2.16,3.44,1.69,1.35,1.35,1.07,0.69,0.8528700211679849,0.43181818181818193,2,2,4,6,5.0,4,4,6,8,3.5,4.5,0.5,1.5,2.0,3.0,0.5,1.5,2.0,1.0,2.75,2.4699999999999998,2.09,2.28,-3.05495260709635,0.9999799,2.0
mp-1206036,Ba2TmPaO6,Ba,Ba,Tm,Pa,-3.7757914300000004,0.0,3.4494,5.1e-06,170.8021096328829,7.491976730882931,Fm-3m,225,0.89,0.89,1.25,1.5,3.44,1.375,1.35,1.35,1.03,1.04,0.7985805537014397,0.009661835748792277,2,2,4,4,4.0,4,4,4,8,4.0,4.0,0.0,0.0,0.0,5.0,0.0,0.0,0.0,0.0,2.75,2.4299999999999997,2.44,2.4349999999999996,-3.7958742453350416,5.1e-06,5.1e-06
mp-1206027,Eu2GdTaO6,Eu,Eu,Gd,Ta,-3.419323127733334,0.0881816187499993,0.6783000000000001,21.0000006,151.4328808624883,8.093888702370469,Fm-3m,225,1.5,1.5,1.2,1.5,3.44,1.35,1.17,1.17,0.938,0.72,0.8152823811796442,0.2629674306393245,3,3,4,5,4.5,6,4,5,6,2.75,3.25,1.25,1.75,3.0,2.0,1.25,1.75,3.0,0.5,2.57,2.338,2.12,2.229,-3.4346790790354165,21.0000006,21.0000006
mp-1206032,Ba2UGeO6,Ba,Ba,U,Ge,-3.0537367964999995,0.14691883658333715,0.6334000000000009,0.0010956,165.40856245725965,6.839774893497131,Fm-3m,225,0.89,0.89,1.7,2.01,3.44,1.855,1.35,1.35,1.025,0.73,0.8538062121901232,0.3361823361823361,2,2,4,4,4.0,4,4,4,8,4.0,4.0,0.0,0.0,0.0,5.0,0.0,0.0,0.0,0.0,2.75,2.425,2.13,2.2775,-3.054430494247735,0.0010956,0.0010956
mp-1206062,Ba2PrPaO6,Ba,Ba,Pr,Pa,-3.620435965166667,0.0,3.4661000000000004,0.0001009,186.65649283670624,6.606286308971897,Fm-3m,225,0.89,0.89,1.13,1.5,3.44,1.315,1.35,1.35,0.99,1.04,0.8051940572517621,0.0492610837438424,2,2,4,4,4.0,4,4,4,8,4.0,4.0,0.0,0.0,0.0,5.0,0.0,0.0,0.0,0.0,2.75,2.3899999999999997,2.44,2.415,-3.6157516705159365,0.0001009,0.0001009
mp-1206057,Sr2NbAlO6,Sr,Sr,Nb,Al,-3.3665767279999996,0.0,2.8384000000000005,0.0002328,122.2325707552347,5.31345457129068,Fm-3m,225,0.95,0.95,1.6,1.61,3.44,1.605,1.18,1.18,0.72,0.535,0.899795558797185,0.29482071713147406,2,2,5,3,4.0,4,5,13,8,2.0,6.0,3.0,7.0,10.0,5.0,3.0,3.0,6.0,0.0,2.58,2.12,1.935,2.0275,-3.3355667181437183,0.0002328,6.0
mp-1206047,Ba2LuUO6,Ba,Ba,Lu,U,-3.69928473166667,0.0,2.0388,1.0000001,161.67256934697397,8.048831779108168,Fm-3m,225,0.89,0.89,1.0,1.7,3.44,1.35,1.35,1.35,0.861,1.025,0.829937536603929,0.1739130434782608,2,2,4,4,4.0,4,4,4,8,4.0,4.0,0.0,0.0,0.0,5.0,0.0,0.0,0.0,0.0,2.75,2.261,2.425,2.343,-3.7192518124814455,1.0000001,1.0000001
mp-1206064,La2NiMoO6,La,La,Ni,Mo,-2.6346615620000002,0.22530974250000035,0.0,3.9967153,127.5603443406262,6.879069658481042,Fm-3m,225,1.1,1.1,1.91,2.16,3.44,2.035,1.032,1.032,0.69,0.69,0.822815163562528,0.0,3,3,10,6,8.0,6,10,6,6,4.0,2.0,6.0,4.0,10.0,5.0,4.0,4.0,8.0,0.0,2.432,2.09,2.09,2.09,-2.6149751140304685,3.9967153,8.0
mp-1206097,Ba2ZnMoO6,Ba,Ba,Zn,Mo,-2.540304109,0.0,2.3851999999999998,0.0001454,139.90959478307295,6.3141186972323196,Fm-3m,225,0.89,0.89,1.65,2.16,3.44,1.905,1.35,1.35,0.74,0.69,0.9194059802661966,0.06993006993006999,2,2,12,6,9.0,4,12,6,8,5.5,2.5,6.5,3.5,10.0,5.0,3.5,3.5,7.0,0.0,2.75,2.1399999999999997,2.09,2.1149999999999998,-2.54458388588451,0.0001454,7.0
mp-1206134,Ba2CdOsO6,Ba,Ba,Cd,Os,-2.223147162,0.0,0.0,1.9999981,150.60559245646297,7.423540230028587,Fm-3m,225,0.89,0.89,1.69,2.2,3.44,1.945,1.35,1.35,0.95,0.63,0.8879194740926967,0.40506329113924044,2,2,12,8,10.0,4,12,8,8,5.0,3.0,7.0,5.0,12.0,7.0,3.0,5.0,8.0,2.0,2.75,2.3499999999999996,2.03,2.1899999999999995,-2.224136436193049,1.9999981,8.0
mp-1206133,Ba2MgOsO6,Ba,Ba,Mg,Os,-2.5998744305000003,0.0,0.0,1.9997124,136.57807274829685,7.114782041568199,Fm-3m,225,0.89,0.89,1.31,2.2,3.44,1.7550000000000001,1.35,1.35,0.72,0.63,0.9371294690424122,0.13333333333333328,2,2,4,8,6.0,4,4,8,8,3.0,5.0,1.0,3.0,4.0,1.0,1.0,3.0,4.0,2.0,2.75,2.12,2.03,2.075,-2.586378040656668,1.9997124,4.0
mp-1206178,Sr2ScReO6,Sr,Sr,Sc,Re,-3.06690173575,0.01146040538688986,0.0,1.7512956,133.09560068133382,6.268078595414684,Fm-3m,225,0.95,0.95,1.36,1.9,3.44,1.63,1.18,1.18,0.745,0.63,0.8739331714784636,0.16727272727272727,2,2,3,7,5.0,4,3,7,8,3.0,5.0,0.0,2.0,2.0,3.0,0.0,2.0,2.0,2.0,2.58,2.145,2.03,2.0875,-3.089356176181246,1.7512956,2.0
mp-1206179,Ba2PuTiO6,Ba,Ba,Pu,Ti,-3.4017340612083315,0.02554991050002542,0.2333999999999996,4.0003104,149.79624749836995,7.34421619307433,Fm-3m,225,0.89,0.89,1.3,1.54,3.44,1.42,1.35,1.35,1.0,0.86,0.8345680893832641,0.15053763440860218,2,2,4,4,4.0,4,4,4,8,4.0,4.0,0.0,0.0,0.0,5.0,0.0,0.0,0.0,0.0,2.75,2.4,2.26,2.33,-3.3940858662846507,4.0003104,4.0003104
mp-1206245,Ba2TbPaO6,Ba,Ba,Tb,Pa,-3.7311274436666664,0.0,3.4648999999999996,5.05e-05,175.65797061567739,7.190253442317743,Fm-3m,225,0.89,0.89,1.5,1.5,3.44,1.5,1.35,1.35,0.9230000000000002,1.04,0.8165205325479763,0.1192052980132449,2,2,4,4,4.0,4,4,4,8,4.0,4.0,0.0,0.0,0.0,5.0,0.0,0.0,0.0,0.0,2.75,2.323,2.44,2.3815,-3.7277983995024053,5.05e-05,5.05e-05
mp-1206223,Sr2LuUO6,Sr,Sr,Lu,U,-3.6386538826666666,0.07068622806249891,0.9942000000000002,0.9273569,159.45950668967066,7.125285325155091,Fm-3m,225,0.95,0.95,1.0,1.7,3.44,1.35,1.18,1.18,0.861,1.025,0.7786323070684134,0.1739130434782608,2,2,4,4,4.0,4,4,4,8,4.0,4.0,0.0,0.0,0.0,5.0,0.0,0.0,0.0,0.0,2.58,2.261,2.425,2.343,-3.6288048573865037,0.9273569,0.9273569
mp-1206237,Ba2AgIO6,Ba,Ba,Ag,I,-1.8766491276666664,0.0033044253124980827,0.12660000000000027,0.0002517,157.35779143893134,6.3888076450961355,Fm-3m,225,0.89,0.89,1.93,2.66,3.44,2.295,1.35,1.35,1.15,2.2,0.6323719181343107,0.6268656716417912,2,2,11,4,7.5,4,11,4,8,5.75,2.25,5.25,1.75,7.0,2.0,4.75,1.75,6.5,3.0,2.75,2.55,3.6,3.075,-1.87086575478851,0.0002517,6.5
mp-1206292,Ba2ErUO6,Ba,Ba,Er,U,-3.6772744139999984,0.0,0.8790000000000004,0.9999696,168.2717217241136,7.65711472863665,Fm-3m,225,0.89,0.89,1.24,1.7,3.44,1.47,1.35,1.35,0.89,1.025,0.824832936696927,0.14099216710182758,2,2,4,4,4.0,4,4,4,8,4.0,4.0,0.0,0.0,0.0,5.0,0.0,0.0,0.0,0.0,2.75,2.29,2.425,2.3575,-3.6281684112017807,0.9999696,0.9999696
mp-1206283,Sr2CaOsO6,Sr,Sr,Ca,Os,-2.6348565469999996,0.004777861890914004,0.0,2.0010488,143.68697262270342,5.7961696582258355,Fm-3m,225,0.95,0.95,1.0,2.2,3.44,1.6,1.18,1.18,1.0,0.63,0.8236277631879425,0.45398773006134974,2,2,4,8,6.0,4,4,8,8,3.0,5.0,1.0,3.0,4.0,1.0,1.0,3.0,4.0,2.0,2.58,2.4,2.03,2.215,-2.647611346685026,2.0010488,4.0
mp-1206332,Sr2LaSbO6,Sr,Sr,La,Sb,-2.950952569499999,0.09380552100000017,3.3857,3.94e-05,161.32836353009773,5.474820525293601,Fm-3m,225,0.95,0.95,1.1,2.05,3.44,1.575,1.18,1.18,1.032,0.76,0.7945712088246049,0.3035714285714286,2,2,4,5,4.5,4,3,15,8,1.0,7.0,2.0,8.0,10.0,5.0,2.0,2.0,4.0,0.0,2.58,2.432,2.16,2.2960000000000003,-2.9615725086000357,3.94e-05,4.0
mp-1206458,LiLa2VO6,La,La,Li,V,-3.145690757333334,0.10350727116666825,1.9203000000000001,0.0031578,115.44093259204652,6.209563877217077,Fm-3m,225,1.1,1.1,0.98,1.63,3.44,1.305,1.032,1.032,0.76,0.79,0.790659168664682,0.038709677419354875,3,3,4,5,4.5,6,4,5,6,2.75,3.25,1.25,1.75,3.0,2.0,1.25,1.75,3.0,0.5,2.432,2.16,2.19,2.175,-3.158153567861829,0.0031578,3.0
mp-1206435,Ba2DyTaO6,Ba,Ba,Dy,Ta,-3.5795925628999994,0.0,3.3837,1e-06,155.24798343555557,7.638025736294353,Fm-3m,225,0.89,0.89,1.22,1.5,3.44,1.3599999999999999,1.35,1.35,1.07,0.72,0.8472957073041419,0.39106145251396657,2,2,4,5,4.5,4,4,5,8,3.75,4.25,0.25,0.75,1.0,4.0,0.25,0.75,1.0,0.5,2.75,2.4699999999999998,2.12,2.295,-3.5907021052832047,1e-06,1.0
mp-1206537,LaMg2TiO6,Mg,Mg,La,Ti,-2.3801777908333337,0.9163510853750001,0.0,0.999976,150.07968924603333,3.6665025295160345,Fm-3m,225,1.31,1.31,1.1,1.54,3.44,1.32,0.72,0.72,1.032,0.86,0.6389882251131631,0.18181818181818188,2,2,4,4,4.0,4,3,4,8,3.75,4.25,0.0,0.0,0.0,5.0,0.0,0.0,0.0,0.0,2.12,2.432,2.26,2.346,-2.392925533379464,0.999976,0.999976
mp-1206536,Ba2InSbO6,Ba,Ba,In,Sb,-2.535739393666667,0.0,0.5239999999999996,3.72e-05,147.91324889979737,6.817012603386622,Fm-3m,225,0.89,0.89,1.78,2.05,3.44,1.915,1.35,1.35,0.8,0.76,0.8919924992032137,0.05128205128205133,2,2,3,5,4.0,4,13,15,8,3.5,4.5,9.5,10.0,19.5,14.5,0.5,0.0,0.5,0.5,2.75,2.2,2.16,2.18,-2.511959063044516,3.72e-05,0.5
mp-1206567,Ba2ScPaO6,Ba,Ba,Sc,Pa,-3.7624299774999996,0.0,3.3981000000000003,1.91e-05,160.85143124124244,6.675567728195327,Fm-3m,225,0.89,0.89,1.36,1.5,3.44,1.4300000000000002,1.35,1.35,0.745,1.04,0.8482196938988029,0.33053221288515405,2,2,3,4,3.5,4,3,4,8,3.75,4.25,0.0,0.0,0.0,5.0,0.0,0.0,0.0,0.0,2.75,2.145,2.44,2.2925,-3.7340198925402026,1.91e-05,1.91e-05
mp-1206631,NiPb2WO6,Pb,Pb,Ni,W,-1.7315233789999993,0.038572573906250796,2.7937000000000003,0.0,262.65227508947606,9.520339000514657,Fm-3m,225,1.8,1.8,1.91,1.7,3.44,1.805,1.19,1.19,0.69,0.66,0.8826055726617628,0.044444444444444314,2,2,10,6,8.0,4,10,6,8,5.0,3.0,5.0,3.0,8.0,3.0,5.0,3.0,8.0,2.0,2.59,2.09,2.06,2.075,-1.742938304874989,0.0,8.0
mp-1206645,Sr2TiMnO6,Sr,Sr,Ti,Mn,-3.027922375126438,0.0,0.9884,5.2e-06,236.3324321724423,5.256243733526948,I4/m,87,0.95,0.95,1.54,1.55,3.44,1.545,1.18,1.18,0.86,0.67,0.8426491895895116,0.24836601307189535,2,2,4,7,5.5,4,4,7,8,3.25,4.75,0.75,2.25,3.0,2.0,0.75,2.25,3.0,1.5,2.58,2.26,2.07,2.165,-3.044569486588523,5.2e-06,3.0
mp-1206644,Ba2ScNbO6,Ba,Ba,Sc,Nb,-3.4769086794999993,0.0,2.5719,0.0,142.3451920343536,5.932094930919013,Fm-3m,225,0.89,0.89,1.36,1.6,3.44,1.48,1.35,1.35,0.745,0.72,0.9118610308384552,0.03412969283276454,2,2,3,5,4.0,4,3,5,8,3.5,4.5,0.0,0.5,0.5,4.5,0.0,0.5,0.5,0.5,2.75,2.145,2.12,2.1325000000000003,-3.467480368372271,0.0,0.5
mp-1206618,Sr2GaReO6,Sr,Sr,Ga,Re,-2.5935740039999997,0.08304096933749783,0.0,2.0000542,124.59094464944847,7.026035523567909,Fm-3m,225,0.95,0.95,1.81,1.9,3.44,1.855,1.18,1.18,0.62,0.63,0.9009064175117494,0.016000000000000014,2,2,3,7,5.0,4,13,7,8,5.5,2.5,7.5,4.5,12.0,7.0,2.5,4.5,7.0,2.0,2.58,2.02,2.03,2.025,-2.604618464885619,2.0000542,7.0
mp-1206701,Sr2YbUO6,Sr,Sr,Yb,U,-3.5437607132500006,0.02692061449998917,2.1809000000000003,1.0000001,156.49350671731858,7.239882650423011,Fm-3m,225,0.95,0.95,1.5,1.7,3.44,1.6,1.18,1.18,1.02,1.025,0.7530796678890785,0.004889975550122145,2,2,4,4,4.0,4,4,4,8,4.0,4.0,0.0,0.0,0.0,5.0,0.0,0.0,0.0,0.0,2.58,2.42,2.425,2.4225,-3.5311020768948906,1.0000001,1.0000001
mp-1206702,YbEu2TaO6,Eu,Eu,Yb,Ta,-3.4444888594833345,0.0,0.0,13.9999995,140.36472545563853,8.918913148689983,Fm-3m,225,1.5,1.5,1.5,1.5,3.44,1.5,1.17,1.17,1.02,0.72,0.8005570165856507,0.34482758620689663,3,3,4,5,4.5,6,4,5,6,2.75,3.25,1.25,1.75,3.0,2.0,1.25,1.75,3.0,0.5,2.57,2.42,2.12,2.27,-3.4404303990663085,13.9999995,13.9999995
mp-1206737,NaSr2ReO6,Sr,Sr,Na,Re,-2.6327852423879308,0.04489141933333496,1.773,0.0006539,138.62058764366088,5.755119503931623,Fm-3m,225,0.95,0.95,0.93,1.9,3.44,1.415,1.18,1.18,1.02,0.63,0.819926065375862,0.4727272727272728,2,2,4,7,5.5,4,4,7,8,3.25,4.75,0.75,2.25,3.0,2.0,0.75,2.25,3.0,1.5,2.58,2.42,2.03,2.2249999999999996,-2.6631001246878756,0.0006539,3.0
mp-1206729,NbGa(PbO3)2,Pb,Pb,Nb,Ga,-2.20270858575,0.0707759506406287,2.6941000000000006,0.0006189,130.24713527119408,8.580500444431085,Fm-3m,225,1.8,1.8,1.6,1.81,3.44,1.705,1.19,1.19,0.72,0.62,0.8847374701802695,0.14925373134328357,2,2,5,3,4.0,4,5,13,8,2.0,6.0,3.0,7.0,10.0,5.0,3.0,3.0,6.0,0.0,2.59,2.12,2.02,2.0700000000000003,-2.1717584817233986,0.0006189,6.0
mp-1206730,Sr2MgMoO6,Sr,Sr,Mg,Mo,-2.8529195255000004,0.007793806999998765,2.2149,0.0002255,128.14424615087304,5.072956289353215,Fm-3m,225,0.95,0.95,1.31,2.16,3.44,1.735,1.18,1.18,0.72,0.69,0.8666676938058397,0.04255319148936174,2,2,4,6,5.0,4,4,6,8,3.5,4.5,0.5,1.5,2.0,3.0,0.5,1.5,2.0,1.0,2.58,2.12,2.09,2.105,-2.81700197203809,0.0002255,2.0
mp-1206763,Ba2ScUO6,Ba,Ba,Sc,U,-3.6757578554999997,0.0011229400000001277,0.8326000000000002,1.0,154.91712731623895,7.006241606440008,Fm-3m,225,0.89,0.89,1.36,1.7,3.44,1.53,1.35,1.35,0.745,1.025,0.8510037847978142,0.31638418079096037,2,2,3,4,3.5,4,3,4,8,3.75,4.25,0.0,0.0,0.0,5.0,0.0,0.0,0.0,0.0,2.75,2.145,2.425,2.285,-3.6880136293096872,1.0,1.0
mp-1206761,Sr2LaNbO6,Sr,Sr,La,Nb,-3.274441357500001,0.15954692712499963,2.9823000000000004,0.0010222,163.91581678890927,5.096099260223158,Fm-3m,225,0.95,0.95,1.1,1.6,3.44,1.35,1.18,1.18,1.032,0.72,0.8015533811341357,0.35616438356164387,2,2,4,5,4.5,4,3,5,8,3.5,4.5,0.0,0.5,0.5,4.5,0.0,0.5,0.5,0.5,2.58,2.432,2.12,2.276,-3.282195388698721,0.0010222,0.5
mp-1206839,Eu2ErTaO6,Eu,Eu,Er,Ta,-3.502433621733334,0.04549170099999955,0.6359000000000004,14.0012898,145.52501214954464,8.536685211505167,Fm-3m,225,1.5,1.5,1.24,1.5,3.44,1.37,1.17,1.17,0.89,0.72,0.8241562030156131,0.21118012422360255,3,3,4,5,4.5,6,4,5,6,2.75,3.25,1.25,1.75,3.0,2.0,1.25,1.75,3.0,0.5,2.57,2.29,2.12,2.205,-3.496716313918836,14.0012898,14.0012898
mp-1206828,Eu2YTaO6,Eu,Eu,Y,Ta,-3.4571123307333336,0.06500744843749828,0.5364000000000004,13.9999998,149.61572247687008,7.433662278007703,Fm-3m,225,1.5,1.5,1.22,1.5,3.44,1.3599999999999999,1.17,1.17,0.9,0.72,0.8222915962214602,0.22222222222222227,3,3,3,5,4.0,6,3,5,6,2.5,3.5,0.5,1.5,2.0,3.0,0.5,1.5,2.0,1.0,2.57,2.3,2.12,2.21,-3.450423194933593,13.9999998,13.9999998
mp-1206861,Ba2ScReO6,Ba,Ba,Sc,Re,-3.0529161387499983,0.0,0.0,1.9996069,138.12408682970394,7.235048858670403,Fm-3m,225,0.89,0.89,1.36,1.9,3.44,1.63,1.35,1.35,0.745,0.63,0.9315179153355716,0.16727272727272727,2,2,3,7,5.0,4,3,7,8,3.0,5.0,0.0,2.0,2.0,3.0,0.0,2.0,2.0,2.0,2.75,2.145,2.03,2.0875,-3.039745253296542,1.9996069,2.0
mp-1206901,Sr2SmUO6,Sr,Sr,Sm,U,-3.4992155774999985,0.1446667573125051,0.6716999999999995,0.9999565,170.95958935109996,6.406973731400219,Fm-3m,225,0.95,0.95,1.17,1.7,3.44,1.435,1.18,1.18,0.958,1.025,0.7628415201594366,0.06757438224911745,2,2,4,4,4.0,4,4,4,8,4.0,4.0,0.0,0.0,0.0,5.0,0.0,0.0,0.0,0.0,2.58,2.3579999999999997,2.425,2.3914999999999997,-3.4590114867246715,0.9999565,0.9999565
mp-1207009,Ba2HfUO6,Ba,Ba,Hf,U,-3.605063459,0.03152396900000198,0.18789999999999996,1.9999792,162.4548288951051,8.046085191803021,Fm-3m,225,0.89,0.89,1.3,1.7,3.44,1.5,1.35,1.35,0.71,1.025,0.8575716199616342,0.3631123919308357,2,2,4,4,4.0,4,4,4,8,4.0,4.0,0.0,0.0,0.0,5.0,0.0,0.0,0.0,0.0,2.75,2.11,2.425,2.2675,-3.608602403549881,1.9999792,1.9999792
mp-1207040,Ba2InOsO6,Ba,Ba,In,Os,-2.3197539726666663,0.0,0.42240000000000055,3.0000027,145.03396392863104,7.736281637857349,Fm-3m,225,0.89,0.89,1.78,2.2,3.44,1.9900000000000002,1.35,1.35,0.8,0.63,0.9194059802661964,0.2377622377622378,2,2,3,8,5.5,4,13,8,8,5.25,2.75,7.75,5.25,13.0,8.0,2.25,4.75,7.0,2.5,2.75,2.2,2.03,2.115,-2.3357199175574355,3.0000027,7.0
mp-1207069,Ba2PuZnO6,Ba,Ba,Pu,Zn,-2.8637118088749984,0.0,0.6585000000000001,0.0013935,150.76153623030845,7.490406579309391,Fm-3m,225,0.89,0.89,1.3,1.65,3.44,1.475,1.35,1.35,1.0,0.74,0.8566271578251127,0.2988505747126437,2,2,4,12,8.0,4,4,12,8,2.0,6.0,2.0,6.0,8.0,3.0,2.0,4.0,6.0,2.0,2.75,2.4,2.1399999999999997,2.2699999999999996,-2.891298193435289,0.0013935,6.0
mp-1207052,Sr2CrWO6,Sr,Sr,Cr,W,-2.765528198499999,0.0,0.0,1e-06,255.77904197651023,6.583914698548786,Fm-3m,225,0.95,0.95,1.66,1.7,3.44,1.68,1.18,1.18,0.73,0.66,0.870804532439758,0.10071942446043157,2,2,6,6,6.0,4,6,6,8,4.0,4.0,2.0,2.0,4.0,1.0,2.0,2.0,4.0,0.0,2.58,2.13,2.06,2.0949999999999998,-2.780146799298837,1e-06,4.0
mp-1207065,Ba2TbTaO6,Ba,Ba,Tb,Ta,-3.5691517354000006,0.0020847859999992835,3.371,1.3e-06,156.80682292849792,7.524240495222947,Fm-3m,225,0.89,0.89,1.5,1.5,3.44,1.5,1.35,1.35,0.9230000000000002,0.72,0.8753291236835496,0.24710894704808295,2,2,4,5,4.5,4,4,5,8,3.75,4.25,0.25,0.75,1.0,4.0,0.25,0.75,1.0,0.5,2.75,2.323,2.12,2.2215,-3.5698142748574764,1.3e-06,1.0
mp-1207064,Ba2TbTaO6,Ba,Ba,Tb,Ta,-3.5712365213999995,0.0,3.5127999999999995,1e-07,155.7779548924324,7.573935912951022,I4/m,87,0.89,0.89,1.5,1.5,3.44,1.5,1.35,1.35,0.9230000000000002,0.72,0.8753291236835496,0.24710894704808295,2,2,4,5,4.5,4,4,5,8,3.75,4.25,0.25,0.75,1.0,4.0,0.25,0.75,1.0,0.5,2.75,2.323,2.12,2.2215,-3.5353453641296437,1e-07,1.0
mp-1207120,Ba2LiIO6,Ba,Ba,Li,I,-2.2351833338333336,0.0,2.0784,0.0003726,143.35800371925222,5.843657699673184,Fm-3m,225,0.89,0.89,0.98,2.66,3.44,1.82,1.35,1.35,0.76,2.2,0.6751887667579881,0.9729729729729731,2,2,4,4,4.0,4,4,4,8,4.0,4.0,0.0,0.0,0.0,5.0,0.0,0.0,0.0,0.0,2.75,2.16,3.6,2.88,-2.245535559814057,0.0003726,0.0003726
mp-1207118,Ba2CdMoO6,Ba,Ba,Cd,Mo,-2.469319745,0.0,2.5376000000000003,2.36e-05,152.17224725980637,6.31819837698702,Fm-3m,225,0.89,0.89,1.69,2.16,3.44,1.925,1.35,1.35,0.95,0.69,0.8759205622806333,0.3170731707317073,2,2,12,6,9.0,4,12,6,8,5.5,2.5,6.5,3.5,10.0,5.0,3.5,3.5,7.0,0.0,2.75,2.3499999999999996,2.09,2.2199999999999998,-2.464843985967222,2.36e-05,7.0
mp-1207116,Sr2PrTaO6,Sr,Sr,Pr,Ta,-3.3771437089000003,0.12391487968750248,3.37,7.98e-05,160.9425597251715,6.119278349418065,Fm-3m,225,0.95,0.95,1.13,1.5,3.44,1.315,1.18,1.18,0.99,0.72,0.8090179580759612,0.31578947368421056,2,2,4,5,4.5,4,4,5,8,3.75,4.25,0.25,0.75,1.0,4.0,0.25,0.75,1.0,0.5,2.58,2.3899999999999997,2.12,2.255,-3.3774721668214553,7.98e-05,1.0
mp-1207126,Sr2GaOsO6,Sr,Sr,Ga,Os,-2.412834986749999,0.03254310130113858,0.20730000000000004,3.0000674,124.36771027406402,7.092361431696476,Fm-3m,225,0.95,0.95,1.81,2.2,3.44,2.005,1.18,1.18,0.62,0.63,0.9009064175117494,0.016000000000000014,2,2,3,8,5.5,4,13,8,8,5.25,2.75,7.75,5.25,13.0,8.0,2.25,4.75,7.0,2.5,2.58,2.02,2.03,2.025,-2.3890671212810375,3.0000674,7.0
mp-1207110,K2TaNbO6,K,K,Ta,Nb,-2.954458470183333,0.00739929899999936,1.3152000000000001,5.12e-05,132.95695966132962,5.595795675891561,P4/mmm,123,0.82,0.82,1.5,1.6,3.44,1.55,1.38,1.38,0.72,0.72,0.9272437979710385,0.0,1,1,5,5,5.0,2,5,5,10,5.0,5.0,0.0,0.0,0.0,5.0,0.0,0.0,0.0,0.0,2.78,2.12,2.12,2.12,-2.9039198216658604,5.12e-05,5.12e-05
mp-1207114,K2TaNbO6,K,K,Ta,Nb,-2.954898269183333,0.006959499999998897,1.7028,4.1e-06,132.31263572058137,5.62304556855583,Fm-3m,225,0.82,0.82,1.5,1.6,3.44,1.55,1.38,1.38,0.72,0.72,0.9272437979710385,0.0,1,1,5,5,5.0,2,5,5,10,5.0,5.0,0.0,0.0,0.0,5.0,0.0,0.0,0.0,0.0,2.78,2.12,2.12,2.12,-2.9655156446417394,4.1e-06,4.1e-06
mp-1207130,Ba2SmUO6,Ba,Ba,Sm,U,-3.5953958395,0.0,0.8488999999999995,0.9999223,177.06167677682004,7.118504986766768,Fm-3m,225,0.89,0.89,1.17,1.7,3.44,1.435,1.35,1.35,0.958,1.025,0.8131062714877716,0.06757438224911745,2,2,4,4,4.0,4,4,4,8,4.0,4.0,0.0,0.0,0.0,5.0,0.0,0.0,0.0,0.0,2.75,2.3579999999999997,2.425,2.3914999999999997,-3.6051846283503646,0.9999223,0.9999223
mp-1207138,SmEu2TaO6,Eu,Eu,Sm,Ta,-3.3886626242333335,0.11047729106250159,0.7560000000000002,13.9925071,153.96005496687033,7.886719510828525,Fm-3m,225,1.5,1.5,1.17,1.5,3.44,1.335,1.17,1.17,0.958,0.72,0.811641102121227,0.2836710369487485,3,3,4,5,4.5,6,4,5,6,2.75,3.25,1.25,1.75,3.0,2.0,1.25,1.75,3.0,0.5,2.57,2.3579999999999997,2.12,2.239,-3.367779406691952,13.9925071,13.9925071
mp-1207161,Ba2LaPuO6,Ba,Ba,La,Pu,-3.3533610903749995,0.0,0.0,3.0009826,181.10846917094196,6.90916867928431,Fm-3m,225,0.89,0.89,1.1,1.3,3.44,1.2000000000000002,1.35,1.35,1.032,1.0,0.8048607815658135,0.03149606299212601,2,2,4,4,4.0,4,3,4,8,3.75,4.25,0.0,0.0,0.0,5.0,0.0,0.0,0.0,0.0,2.75,2.432,2.4,2.416,-3.339723260582473,3.0009826,3.0009826
mp-1207219,Sr2FeSbO6,Sr,Sr,Fe,Sb,-2.5131175362500002,0.010652205250000435,1.6652000000000005,0.0,516.6736594806578,5.770131043242401,Fm-3m,225,0.95,0.95,1.83,2.05,3.44,1.94,1.18,1.18,0.61,0.76,0.8749810529790373,0.21897810218978103,2,2,8,5,6.5,4,8,15,8,2.25,5.75,5.75,9.25,15.0,10.0,4.25,0.75,5.0,3.5,2.58,2.01,2.16,2.085,-2.4761833897352794,0.0,5.0
mp-1207220,Sr2ErUO6,Sr,Sr,Er,U,-3.6026420829999983,0.09002565925000106,0.9143999999999997,1.0001067,162.17532194024562,6.927040651986904,Fm-3m,225,0.95,0.95,1.24,1.7,3.44,1.47,1.18,1.18,0.89,1.025,0.7738432642465716,0.14099216710182758,2,2,4,4,4.0,4,4,4,8,4.0,4.0,0.0,0.0,0.0,5.0,0.0,0.0,0.0,0.0,2.58,2.29,2.425,2.3575,-3.5909635192934792,1.0001067,1.0001067
mp-1207215,Sr2NdNbO6,Sr,Sr,Nd,Nb,-3.2787422887500006,0.13165060137500006,2.8862000000000005,0.0001658,159.8901442553021,5.279830055605848,Fm-3m,225,0.95,0.95,1.14,1.6,3.44,1.37,1.18,1.18,0.983,0.72,0.8102755920325527,0.30886670581327075,2,2,4,5,4.5,4,4,5,8,3.75,4.25,0.25,0.75,1.0,4.0,0.25,0.75,1.0,0.5,2.58,2.383,2.12,2.2515,-3.285928130565742,0.0001658,1.0
mp-1207285,Ba2GdReO6,Ba,Ba,Gd,Re,-3.0086141652499996,0.0,0.0,4.9969315,154.48844962765733,7.675675689430914,Fm-3m,225,0.89,0.89,1.2,1.9,3.44,1.5499999999999998,1.35,1.35,0.938,0.63,0.8903588133072369,0.3928571428571428,2,2,4,7,5.5,4,4,7,8,3.25,4.75,0.75,2.25,3.0,2.0,0.75,2.25,3.0,1.5,2.75,2.338,2.03,2.184,-2.9968010686361533,4.9969315,4.9969315
mp-1207268,Ba2PuPbO6,Ba,Ba,Pu,Pb,-2.7425842728749985,0.0,0.4379999999999997,5.1e-05,178.81093394588905,7.6321658183414725,Fm-3m,225,0.89,0.89,1.3,1.8,3.44,1.55,1.35,1.35,1.0,1.19,0.7793762117286596,0.17351598173515978,2,2,4,4,4.0,4,4,4,8,4.0,4.0,0.0,0.0,0.0,5.0,0.0,0.0,0.0,0.0,2.75,2.4,2.59,2.495,-2.7204102012633404,5.1e-05,5.1e-05
mp-1207485,Y2MgTiO6,Y,Y,Mg,Ti,-3.668897302833334,0.017907437249988334,3.213542705471581,4.28e-05,232.60483092211388,4.93982408569339,P2_1/c,14,1.22,1.22,1.31,1.54,3.44,1.425,0.9,0.9,0.72,0.86,0.7426235601502553,0.17721518987341772,3,3,4,4,4.0,6,4,4,6,3.0,3.0,1.0,1.0,2.0,3.0,1.0,1.0,2.0,0.0,2.3,2.12,2.26,2.19,-3.6524876592093865,4.28e-05,2.0
mp-1207619,Yb2MgTiO6,Yb,Yb,Mg,Ti,-3.6572863359166687,0.0,3.7218999999999998,0.0,217.75773205529845,7.84293215464559,P2_1/c,14,1.5,1.5,1.31,1.54,3.44,1.425,1.02,1.02,0.72,0.86,0.7813691372015731,0.17721518987341772,3,3,4,4,4.0,6,4,4,6,3.0,3.0,1.0,1.0,2.0,3.0,1.0,1.0,2.0,0.0,2.42,2.12,2.26,2.19,-3.6471408552945226,0.0,2.0
mp-1207752,Y2NiRuO6,Y,Y,Ni,Ru,-2.625757513000001,0.03209407787499785,0.0,0.0,232.72504418718677,6.187236250699028,P2_1/c,14,1.22,1.22,1.91,2.2,3.44,2.055,0.9,0.9,0.69,0.68,0.7800218689348005,0.014598540145985252,3,3,10,8,9.0,6,10,8,6,3.5,2.5,6.5,5.5,12.0,7.0,3.5,4.5,8.0,1.0,2.3,2.09,2.08,2.085,-2.6044240192082175,0.0,8.0
mp-1207861,VCd2BiO6,Cd,Cd,V,Bi,-1.8547565015000003,0.0,2.2489999999999997,0.0002579,294.54322591047145,6.548050487770784,Cmc2_1,36,1.69,1.69,1.63,1.9,3.44,1.765,0.95,0.95,0.79,1.03,0.7193510544538468,0.26373626373626374,2,2,5,5,5.0,4,5,15,8,1.5,6.5,3.5,8.5,12.0,7.0,3.5,1.5,5.0,2.0,2.3499999999999996,2.19,2.4299999999999997,2.3099999999999996,-1.8313705896910868,0.0002579,5.0
mp-1207960,Tm2MgTiO6,Tm,Tm,Mg,Ti,-3.7222846038333346,0.017065381250002787,3.246,0.0006873,224.96828437542678,7.470332204869875,P2_1/c,14,1.25,1.25,1.31,1.54,3.44,1.425,1.03,1.03,0.72,0.86,0.7845979352891828,0.17721518987341772,3,3,4,4,4.0,6,4,4,6,3.0,3.0,1.0,1.0,2.0,3.0,1.0,1.0,2.0,0.0,2.4299999999999997,2.12,2.26,2.19,-3.694641424012584,0.0006873,2.0
mp-1208122,Tm2NiRuO6,Tm,Tm,Ni,Ru,-2.6741555535000012,0.051796527749999655,0.0,7.9962644,226.80746800979077,8.692331521296156,P2_1/c,14,1.25,1.25,1.91,2.2,3.44,2.055,1.03,1.03,0.69,0.68,0.8241100615267675,0.014598540145985252,3,3,10,8,9.0,6,10,8,6,3.5,2.5,6.5,5.5,12.0,7.0,3.5,4.5,8.0,1.0,2.4299999999999997,2.09,2.08,2.085,-2.6611813557482082,7.9962644,8.0
mp-1208543,Tb2CoPtO6,Tb,Tb,Co,Pt,-2.5706672253333336,0.026508542687499137,0.0,5.9997316,238.74346173422518,9.29043037684352,P2_1/c,14,1.5,1.5,1.88,2.2,3.44,2.04,0.9230000000000002,0.9230000000000002,0.65,0.8,0.7729924953865175,0.20689655172413793,3,3,9,10,9.5,6,9,10,6,2.75,3.25,6.25,6.75,13.0,8.0,3.75,3.25,7.0,0.5,2.323,2.05,2.2,2.125,-2.574009586939671,5.9997316,7.0
mp-1208534,Tb2MgTiO6,Tb,Tb,Mg,Ti,-3.6945265586666665,0.015622493000000404,3.2311,0.0012374,234.150031093189,6.8934750939250415,P2_1/c,14,1.5,1.5,1.31,1.54,3.44,1.425,0.9230000000000002,0.9230000000000002,0.72,0.86,0.7500497957517579,0.17721518987341772,3,3,4,4,4.0,6,4,4,6,3.0,3.0,1.0,1.0,2.0,3.0,1.0,1.0,2.0,0.0,2.323,2.12,2.26,2.19,-3.691592284938,0.0012374,2.0
mp-1208733,Sr2TaCoO6,Sr,Sr,Ta,Co,-2.889408100983334,0.0028305267498840436,1.5498999999999996,0.0001824,510.720825072133,6.647314888131835,Fm-3m,225,0.95,0.95,1.5,1.88,3.44,1.69,1.18,1.18,0.72,0.65,0.8749810529790373,0.10218978102189773,2,2,5,9,7.0,4,5,9,8,3.0,5.0,2.0,4.0,6.0,1.0,2.0,4.0,6.0,2.0,2.58,2.12,2.05,2.085,-2.865277921653167,0.0001824,6.0
mp-1208751,Sr2TmBiO6,Sr,Sr,Tm,Bi,-2.881461053000001,0.0,1.9455,0.0011119,301.4846180600914,7.150882991443525,P2_1/c,14,0.95,0.95,1.25,1.9,3.44,1.575,1.18,1.18,1.03,1.03,0.7507553479264579,0.0,2,2,4,5,4.5,4,4,15,8,1.25,6.75,2.75,8.25,11.0,6.0,2.75,1.75,4.5,1.0,2.58,2.4299999999999997,2.4299999999999997,2.4299999999999997,-2.897799766419746,0.0011119,4.5
mp-1208755,Sr2SmBiO6,Sr,Sr,Sm,Bi,-2.811095234000001,0.0,1.8088000000000002,0.0012082,316.0693472498529,6.625744770667825,P2_1/c,14,0.95,0.95,1.17,1.9,3.44,1.535,1.18,1.18,0.958,1.03,0.762044902030615,0.07243460764587531,2,2,4,5,4.5,4,4,15,8,1.25,6.75,2.75,8.25,11.0,6.0,2.75,1.75,4.5,1.0,2.58,2.3579999999999997,2.4299999999999997,2.3939999999999997,-2.8037217678225432,0.0012082,4.5
mp-1208756,Sr2TbTaO6,Sr,Sr,Tb,Ta,-3.5905146108999992,0.0,3.8367,0.0006538,290.5496223356347,6.985184890971981,P2_1/c,14,0.95,0.95,1.5,1.5,3.44,1.5,1.18,1.18,0.9230000000000002,0.72,0.8212178687649303,0.24710894704808295,2,2,4,5,4.5,4,4,5,8,3.75,4.25,0.25,0.75,1.0,4.0,0.25,0.75,1.0,0.5,2.58,2.323,2.12,2.2215,-3.5983813871465467,0.0006538,1.0
mp-1208736,Sr2ScBiO6,Sr,Sr,Sc,Bi,-2.7922408924999997,0.003185829833331155,1.7949000000000002,8e-07,145.59759845294485,5.989589220377917,Fm-3m,225,0.95,0.95,1.36,1.9,3.44,1.63,1.18,1.18,0.745,1.03,0.7975237138628603,0.32112676056338035,2,2,3,5,4.0,4,3,15,8,1.0,7.0,2.0,8.0,10.0,5.0,2.0,2.0,4.0,0.0,2.58,2.145,2.4299999999999997,2.2874999999999996,-2.7916659960413033,8e-07,4.0
mp-1208759,Sr2NdTaO6,Sr,Sr,Nd,Ta,-3.5142024269833327,0.0,3.7007999999999996,0.0014695,302.4928577262633,6.548181977683967,P2_1/c,14,0.95,0.95,1.14,1.5,3.44,1.3199999999999998,1.18,1.18,0.983,0.72,0.8102755920325527,0.30886670581327075,2,2,4,5,4.5,4,4,5,8,3.75,4.25,0.25,0.75,1.0,4.0,0.25,0.75,1.0,0.5,2.58,2.383,2.12,2.2515,-3.488633389731187,0.0014695,1.0
mp-1208776,Sr2ScTaO6,Sr,Sr,Sc,Ta,-3.6210001727333334,0.0,3.421906994324572,0.0002036,268.5269720982841,6.148512420154496,P2_1/c,14,0.95,0.95,1.36,1.5,3.44,1.4300000000000002,1.18,1.18,0.745,0.72,0.8554914398411689,0.03412969283276454,2,2,3,5,4.0,4,3,5,8,3.5,4.5,0.0,0.5,0.5,4.5,0.0,0.5,0.5,0.5,2.58,2.145,2.12,2.1325000000000003,-3.6171781913729353,0.0002036,0.5
mp-1208760,Sr2ScNbO6,Sr,Sr,Sc,Nb,-3.500113502,0.0,2.9419999999999997,0.0017396,270.5625068742748,5.021570571311559,P2_1/c,14,0.95,0.95,1.36,1.6,3.44,1.48,1.18,1.18,0.745,0.72,0.8554914398411689,0.03412969283276454,2,2,3,5,4.0,4,3,5,8,3.5,4.5,0.0,0.5,0.5,4.5,0.0,0.5,0.5,0.5,2.58,2.145,2.12,2.1325000000000003,-3.499184771036877,0.0017396,0.5
mp-1208762,Sr2MnTeO6,Sr,Sr,Mn,Te,-2.511738971959771,0.0,1.4691999999999998,2.33e-05,270.2419925849389,5.5765588996177655,P2_1/c,14,0.95,0.95,1.55,2.1,3.44,1.8250000000000002,1.18,1.18,0.67,2.21,0.642371653331441,1.0694444444444444,2,2,7,4,5.5,4,7,4,8,4.75,3.25,2.25,0.75,3.0,2.0,2.25,0.75,3.0,1.5,2.58,2.07,3.61,2.84,-2.5389360947793693,2.33e-05,3.0
mp-1208808,Sr2LiTeO6,Sr,Sr,Li,Te,-2.3955237450000006,0.020662689512494836,0.0,2.0019441,260.30977333791657,5.176979852462816,P4/mnc,128,0.95,0.95,0.98,2.1,3.44,1.54,1.18,1.18,0.76,2.21,0.6323519914943823,0.9764309764309765,2,2,4,4,4.0,4,4,4,8,4.0,4.0,0.0,0.0,0.0,5.0,0.0,0.0,0.0,0.0,2.58,2.16,3.61,2.885,-2.380598673679456,2.0019441,2.0019441
mp-1208810,Sr2LiTeO6,Sr,Sr,Li,Te,-2.3954027710000005,0.0207836635124945,0.0,2.0025526,266.6927405312765,5.0530751203987645,P2_1/c,14,0.95,0.95,0.98,2.1,3.44,1.54,1.18,1.18,0.76,2.21,0.6323519914943823,0.9764309764309765,2,2,4,4,4.0,4,4,4,8,4.0,4.0,0.0,0.0,0.0,5.0,0.0,0.0,0.0,0.0,2.58,2.16,3.61,2.885,-2.382493087377179,2.0025526,2.0025526
mp-1208820,Sr2LuTaO6,Sr,Sr,Lu,Ta,-3.5995321073999995,0.0032875190000005716,3.4697000000000005,0.0094444,286.60292217512676,7.267261580304753,Pnn2,34,0.95,0.95,1.0,1.5,3.44,1.25,1.18,1.18,0.861,0.72,0.8328397605392799,0.17836812144212527,2,2,4,5,4.5,4,4,5,8,3.75,4.25,0.25,0.75,1.0,4.0,0.25,0.75,1.0,0.5,2.58,2.261,2.12,2.1905,-3.5562670129338905,0.0094444,1.0
mp-1208834,Sr2CrSbO6,Sr,Sr,Cr,Sb,-2.6727075162499987,0.0008233277500009351,1.7026999999999997,0.0065452,510.11181781822876,5.794238877168609,I4/m,87,0.95,0.95,1.66,2.05,3.44,1.855,1.18,1.18,0.73,0.76,0.850506058490113,0.040268456375838965,2,2,6,5,5.5,4,6,15,8,1.75,6.25,4.25,8.75,13.0,8.0,4.25,1.25,5.5,3.0,2.58,2.13,2.16,2.145,-2.678863080949059,0.0065452,5.5
mp-1208845,Sr2HoBiO6,Sr,Sr,Ho,Bi,-2.8628316379999994,0.0,1.8267999999999998,0.0013488,306.39016102475114,6.992992166446736,P2_1/c,14,0.95,0.95,1.23,1.9,3.44,1.565,1.18,1.18,0.9010000000000001,1.03,0.771226165910502,0.13360952874158455,2,2,4,5,4.5,4,4,15,8,1.25,6.75,2.75,8.25,11.0,6.0,2.75,1.75,4.5,1.0,2.58,2.301,2.4299999999999997,2.3655,-2.858448631446721,0.0013488,4.5
mp-1208835,Sr2AlSbO6,Sr,Sr,Al,Sb,-2.9274649599999996,0.010476238697916251,1.8987000000000007,0.0,121.27074201408436,5.750684489493683,Fm-3m,225,0.95,0.95,1.61,2.05,3.44,1.83,1.18,1.18,0.535,0.76,0.8910063469896423,0.34749034749034746,2,2,3,5,4.0,4,13,15,8,3.5,4.5,9.5,10.0,19.5,14.5,0.5,0.0,0.5,0.5,2.58,1.935,2.16,2.0475000000000003,-2.9224772863257846,0.0,0.5
mp-1208851,Sr2GdBiO6,Sr,Sr,Gd,Bi,-2.8268595050000003,0.0,1.5339,13.9998137,314.10730343886627,6.739980350348215,P2_1/c,14,0.95,0.95,1.2,1.9,3.44,1.5499999999999998,1.18,1.18,0.938,1.03,0.7652413991028912,0.09349593495934967,2,2,4,5,4.5,4,4,15,8,1.25,6.75,2.75,8.25,11.0,6.0,2.75,1.75,4.5,1.0,2.58,2.338,2.4299999999999997,2.384,-2.795310439404731,13.9998137,13.9998137
mp-1208881,Sr2CaSbO6,Sr,Sr,Ca,Sb,-2.7406575460000004,0.0,0.0,2.0026271,295.6807851901822,4.864279296921766,P2_1/c,14,0.95,0.95,1.0,2.05,3.44,1.525,1.18,1.18,1.0,0.76,0.8001471471321459,0.2727272727272727,2,2,4,5,4.5,4,4,15,8,1.25,6.75,2.75,8.25,11.0,6.0,2.75,1.75,4.5,1.0,2.58,2.4,2.16,2.2800000000000002,-2.7425634566477397,2.0026271,4.5
mp-1208871,Sr2EuBiO6,Sr,Sr,Eu,Bi,-2.6251746780000014,0.03653264449998783,0.0,11.9999997,315.02172004471737,6.664689132368947,P2_1/c,14,0.95,0.95,1.5,1.9,3.44,1.7,1.18,1.18,1.17,1.03,0.729734198184517,0.12727272727272718,2,2,4,5,4.5,4,4,15,8,1.25,6.75,2.75,8.25,11.0,6.0,2.75,1.75,4.5,1.0,2.58,2.57,2.4299999999999997,2.5,-2.619594247484595,11.9999997,11.9999997
mp-1208858,Sr2DyBiO6,Sr,Sr,Dy,Bi,-2.8561096071666663,0.0,1.8841999999999999,0.0017467,307.5098447193274,6.941282531135584,P2_1/c,14,0.95,0.95,1.22,1.9,3.44,1.56,1.18,1.18,1.07,1.03,0.7446267328413438,0.038095238095238126,2,2,4,5,4.5,4,4,15,8,1.25,6.75,2.75,8.25,11.0,6.0,2.75,1.75,4.5,1.0,2.58,2.4699999999999998,2.4299999999999997,2.4499999999999997,-2.8439516769723356,0.0017467,4.5
mp-1208869,Sr2CoSbO6,Sr,Sr,Co,Sb,-2.3618338050000007,0.014000103500018568,0.5524319903946049,8.0009378,256.27008527735984,5.856686300989736,P2_1/c,14,0.95,0.95,1.88,2.05,3.44,1.9649999999999999,1.18,1.18,0.65,0.76,0.8666676938058397,0.15602836879432622,2,2,9,5,7.0,4,9,15,8,2.5,5.5,6.5,9.5,16.0,11.0,3.5,0.5,4.0,3.0,2.58,2.05,2.16,2.105,-2.3581016225368736,8.0009378,8.0009378
mp-1208875,Sr2ErBiO6,Sr,Sr,Er,Bi,-2.8718166284999995,0.0,1.9513000000000003,0.0014435,302.94317893953723,7.098089257819646,P2_1/c,14,0.95,0.95,1.24,1.9,3.44,1.5699999999999998,1.18,1.18,0.89,1.03,0.7730235150259714,0.14583333333333334,2,2,4,5,4.5,4,4,15,8,1.25,6.75,2.75,8.25,11.0,6.0,2.75,1.75,4.5,1.0,2.58,2.29,2.4299999999999997,2.36,-2.88074530079101,0.0014435,4.5
mp-1208902,Sm2ZnPtO6,Sm,Sm,Zn,Pt,-2.6055048565000005,0.03415324306249801,1.7044000000000001,0.0006866,248.9041711615474,8.769012428105642,P2_1/c,14,1.17,1.17,1.65,2.2,3.44,1.925,0.958,0.958,0.74,0.8,0.768367645178746,0.07792207792207799,3,3,12,10,11.0,6,12,10,6,3.5,2.5,8.5,7.5,16.0,11.0,1.5,2.5,4.0,1.0,2.3579999999999997,2.1399999999999997,2.2,2.17,-2.601623056642034,0.0006866,4.0
mp-1208889,Sr2DyTaO6,Sr,Sr,Dy,Ta,-3.6002561944,0.0,3.8495999999999997,0.0004881,289.5213598334611,7.050997982173703,P2_1/c,14,0.95,0.95,1.22,1.5,3.44,1.3599999999999999,1.18,1.18,1.07,0.72,0.7949174272162496,0.39106145251396657,2,2,4,5,4.5,4,4,5,8,3.75,4.25,0.25,0.75,1.0,4.0,0.25,0.75,1.0,0.5,2.58,2.4699999999999998,2.12,2.295,-3.5787835594028046,0.0004881,1.0
mp-1208928,Sm2CoRuO6,Sm,Sm,Co,Ru,-2.513297777000001,0.10934325537499845,0.0,2.0015029,242.73170098108406,7.617090262164491,P2_1/c,14,1.17,1.17,1.88,2.2,3.44,2.04,0.958,0.958,0.65,0.68,0.8074371864590213,0.04511278195488726,3,3,9,8,8.5,6,9,8,6,3.25,2.75,5.75,5.25,11.0,6.0,4.25,4.75,9.0,0.5,2.3579999999999997,2.05,2.08,2.065,-2.5338280829882223,2.0015029,9.0
mp-1208919,Sm2MgPtO6,Sm,Sm,Mg,Pt,-2.8859498799999996,0.0031902310624989383,2.0802,0.0003648,246.20980336115707,8.31053088306058,P2_1/c,14,1.17,1.17,1.31,2.2,3.44,1.7550000000000001,0.958,0.958,0.72,0.8,0.7719249027953142,0.10526315789473693,3,3,4,10,7.0,6,4,10,6,1.5,4.5,2.5,5.5,8.0,3.0,2.5,4.5,7.0,2.0,2.3579999999999997,2.12,2.2,2.16,-2.8832904865170623,0.0003648,7.0
mp-1208927,Sr2ErTaO6,Sr,Sr,Er,Ta,-3.620099640233333,0.0,3.8743999999999996,0.0003161,285.26871597199204,7.211514686531141,P2_1/c,14,0.95,0.95,1.24,1.5,3.44,1.37,1.18,1.18,0.89,0.72,0.8273630364903821,0.21118012422360255,2,2,4,5,4.5,4,4,5,8,3.75,4.25,0.25,0.75,1.0,4.0,0.25,0.75,1.0,0.5,2.58,2.29,2.12,2.205,-3.6341020565321167,0.0003161,1.0
mp-1208920,Sm2CoPtO6,Sm,Sm,Co,Pt,-2.5308373050000013,0.0050072013124973225,1.7723000000000004,5.999786,246.78873060638097,8.75703323487434,P2_1/c,14,1.17,1.17,1.88,2.2,3.44,2.04,0.958,0.958,0.65,0.8,0.7846389600178253,0.20689655172413793,3,3,9,10,9.5,6,9,10,6,2.75,3.25,6.25,6.75,13.0,8.0,3.75,3.25,7.0,0.5,2.3579999999999997,2.05,2.2,2.125,-2.5069363724215044,5.999786,7.0
mp-1208946,Sr2FeIrO6,Sr,Sr,Fe,Ir,-2.221845612999995,0.0,0.0,6.997214,122.24376910721874,7.054063269853188,P-1,2,0.95,0.95,1.83,2.2,3.44,2.015,1.18,1.18,0.61,0.68,0.892095596802588,0.10852713178294583,2,2,8,9,8.5,4,8,9,8,3.75,4.25,4.25,4.75,9.0,4.0,4.25,4.75,9.0,0.5,2.58,2.01,2.08,2.045,-2.25230935109567,6.997214,9.0
mp-1208922,Sm2NiPtO6,Sm,Sm,Ni,Pt,-2.5164866745,0.008608662562498814,1.6717281016980508,3.9999269,244.633491618454,8.830927947306044,P2_1/c,14,1.17,1.17,1.91,2.2,3.44,2.055,0.958,0.958,0.69,0.8,0.777322979038638,0.14765100671140952,3,3,10,10,10.0,6,10,10,6,3.0,3.0,7.0,7.0,14.0,9.0,3.0,3.0,6.0,0.0,2.3579999999999997,2.09,2.2,2.145,-2.527665111445432,3.9999269,6.0
mp-1208975,Sr2CaNbO6,Sr,Sr,Ca,Nb,-3.078248609250001,0.057124298593747014,0.0,4.0006747,592.3111122696946,4.5329178112983985,P4/mnc,128,0.95,0.95,1.0,1.6,3.44,1.3,1.18,1.18,1.0,0.72,0.8072280953368551,0.32558139534883723,2,2,4,5,4.5,4,4,5,8,3.75,4.25,0.25,0.75,1.0,4.0,0.25,0.75,1.0,0.5,2.58,2.4,2.12,2.26,-3.0707043717487106,4.0006747,4.0006747
mp-1208962,Sm2NiRuO6,Sm,Sm,Ni,Ru,-2.607658627,0.004233236124999706,0.0,8.0003778,241.98597344860528,7.637272820369032,P2_1/c,14,1.17,1.17,1.91,2.2,3.44,2.055,0.958,0.958,0.69,0.68,0.799691985629678,0.014598540145985252,3,3,10,8,9.0,6,10,8,6,3.5,2.5,6.5,5.5,12.0,7.0,3.5,4.5,8.0,1.0,2.3579999999999997,2.09,2.08,2.085,-2.5763481464153135,8.0003778,8.0003778
mp-1209102,Sr2GdTaO6,Sr,Sr,Gd,Ta,-3.5632193992333328,0.0,3.5570000000000004,14.0000545,294.4612268215852,6.873498713583075,P2_1/c,14,0.95,0.95,1.2,1.5,3.44,1.35,1.18,1.18,0.938,0.72,0.8184546861647791,0.2629674306393245,2,2,4,5,4.5,4,4,5,8,3.75,4.25,0.25,0.75,1.0,4.0,0.25,0.75,1.0,0.5,2.58,2.338,2.12,2.229,-3.5645344044547924,14.0000545,14.0000545
mp-1209351,Pr2ZnPtO6,Pr,Pr,Zn,Pt,-2.5587680008333322,0.0,0.0,0.0004694,257.79711643503816,8.222977098289999,P2_1/c,14,1.13,1.13,1.65,2.2,3.44,1.925,0.99,0.99,0.74,0.8,0.7787950262838012,0.07792207792207799,3,3,12,10,11.0,6,12,10,6,3.5,2.5,8.5,7.5,16.0,11.0,1.5,2.5,4.0,1.0,2.3899999999999997,2.1399999999999997,2.2,2.17,-2.5698719913671964,0.0004694,4.0
mp-1209751,Pr2MnNiO6,Pr,Pr,Mn,Ni,-2.7609332866264373,0.0,1.6564,10.0002332,238.09559662197654,6.854898234183411,P2_1/c,14,1.13,1.13,1.55,1.91,3.44,1.73,0.99,0.99,0.67,0.69,0.8124928879980039,0.029411764705882217,3,3,7,10,8.5,6,7,10,6,2.25,3.75,4.75,6.25,11.0,6.0,4.75,3.75,8.5,1.0,2.3899999999999997,2.07,2.09,2.08,-2.7233101452376256,10.0002332,10.0002332
mp-1209764,Pr2NiPtO6,Pr,Pr,Ni,Pt,-2.466633758333333,0.0,1.8264000000000005,3.9998054,252.55613503800527,8.30530904265064,P2_1/c,14,1.13,1.13,1.91,2.2,3.44,2.055,0.99,0.99,0.69,0.8,0.7878718913920038,0.14765100671140952,3,3,10,10,10.0,6,10,10,6,3.0,3.0,7.0,7.0,14.0,9.0,3.0,3.0,6.0,0.0,2.3899999999999997,2.09,2.2,2.145,-2.4955940363416578,3.9998054,6.0
mp-1209742,Pr2MgPtO6,Pr,Pr,Mg,Pt,-2.8401390708333323,0.0,2.0522,0.0007428,253.9141122356426,7.811106563593103,P2_1/c,14,1.13,1.13,1.31,2.2,3.44,1.7550000000000001,0.99,0.99,0.72,0.8,0.7824005588128927,0.10526315789473693,3,3,4,10,7.0,6,4,10,6,1.5,4.5,2.5,5.5,8.0,3.0,2.5,4.5,7.0,2.0,2.3899999999999997,2.12,2.2,2.16,-2.884115189965734,0.0007428,7.0
mp-1209786,Nd2MgPtO6,Nd,Nd,Mg,Pt,-2.8591508755,0.0,2.0683000000000007,0.0006511,250.78080932393644,7.997013279672584,P2_1/c,14,1.14,1.14,1.31,2.2,3.44,1.7550000000000001,0.983,0.983,0.72,0.8,0.7801090090590475,0.10526315789473693,3,3,4,10,7.0,6,4,10,6,1.5,4.5,2.5,5.5,8.0,3.0,2.5,4.5,7.0,2.0,2.383,2.12,2.2,2.16,-2.8503505864989336,0.0006511,7.0
mp-1209770,Pr2CoRuO6,Pr,Pr,Co,Ru,-2.4567723348333343,0.1354940793000008,0.0,2.029416,252.00147850369964,7.0877571853729915,P2_1/c,14,1.13,1.13,1.88,2.2,3.44,2.04,0.99,0.99,0.65,0.68,0.8183947733829774,0.04511278195488726,3,3,9,8,8.5,6,9,8,6,3.25,2.75,5.75,5.25,11.0,6.0,4.25,4.75,9.0,0.5,2.3899999999999997,2.05,2.08,2.065,-2.4668134193203866,2.029416,9.0
mp-1209839,Nd2CuSnO6,Nd,Nd,Cu,Sn,-2.7214222504999994,0.050137316375000296,0.0,1.7544082,521.0770648366722,7.22417467576739,P2_1/m,11,1.14,1.14,1.9,1.96,3.44,1.93,0.983,0.983,0.77,0.69,0.7910964598908651,0.10958904109589052,3,3,11,4,7.5,6,11,14,6,2.25,3.75,8.75,10.0,18.75,13.75,1.25,0.0,1.25,1.25,2.383,2.17,2.09,2.13,-2.7418469068426137,1.7544082,1.7544082
mp-1209914,Nd2ZnPtO6,Nd,Nd,Zn,Pt,-2.578072024,0.017236804374997305,1.7003,0.0002813,254.13058408960137,8.428765336930496,P2_1/c,14,1.14,1.14,1.65,2.2,3.44,1.925,0.983,0.983,0.74,0.8,0.7765140366670704,0.07792207792207799,3,3,12,10,11.0,6,12,10,6,3.5,2.5,8.5,7.5,16.0,11.0,1.5,2.5,4.0,1.0,2.383,2.1399999999999997,2.2,2.17,-2.5639048950540126,0.0002813,4.0
mp-1209936,Nd2NiPtO6,Nd,Nd,Ni,Pt,-2.4873549995,0.0,1.8452000000000002,4.000195,249.83173741826954,8.484526616956737,P2_1/c,14,1.14,1.14,1.91,2.2,3.44,2.055,0.983,0.983,0.69,0.8,0.7855643168147052,0.14765100671140952,3,3,10,10,10.0,6,10,10,6,3.0,3.0,7.0,7.0,14.0,9.0,3.0,3.0,6.0,0.0,2.383,2.09,2.2,2.145,-2.482478985224576,4.000195,6.0
mp-1209990,Nd2NiRuO6,Nd,Nd,Ni,Ru,-2.5795728344999986,0.0,0.0,7.993881,246.5276246953527,7.33173894028533,P2_1/c,14,1.14,1.14,1.91,2.2,3.44,2.055,0.983,0.983,0.69,0.68,0.8081704842050564,0.014598540145985252,3,3,10,8,9.0,6,10,8,6,3.5,2.5,6.5,5.5,12.0,7.0,3.5,4.5,8.0,1.0,2.383,2.09,2.08,2.085,-2.5908544071147332,7.993881,8.0
mp-1210035,Nd2CoRuO6,Nd,Nd,Co,Ru,-2.4887151305,0.09375072083332725,0.0,2.7453036,247.77055244940928,7.2981738382177115,P2_1/c,14,1.14,1.14,1.88,2.2,3.44,2.04,0.983,0.983,0.65,0.68,0.8159978012433621,0.04511278195488726,3,3,9,8,8.5,6,9,8,6,3.25,2.75,5.75,5.25,11.0,6.0,4.25,4.75,9.0,0.5,2.383,2.05,2.08,2.065,-2.514321218473418,2.7453036,9.0
mp-1210901,LiLa2TiO6,La,La,Li,Ti,-3.3508225361666675,0.0627550397499963,0.0,1.9995036,250.67688814402368,5.678485343248005,P2_1/c,14,1.1,1.1,0.98,1.54,3.44,1.26,1.032,1.032,0.76,0.86,0.7781374171247436,0.12345679012345676,3,3,4,4,4.0,6,4,4,6,3.0,3.0,1.0,1.0,2.0,3.0,1.0,1.0,2.0,0.0,2.432,2.16,2.26,2.21,-3.3333733896010647,1.9995036,2.0
mp-1210924,LiTb2RuO6,Tb,Tb,Li,Ru,-2.8649635106666667,0.0,0.08140000000000036,6.0041222,233.9421961294066,7.408375041525331,P2_1/c,14,1.5,1.5,0.98,2.2,3.44,1.59,0.9230000000000002,0.9230000000000002,0.76,0.68,0.7748155908945046,0.11111111111111106,3,3,4,8,6.0,6,4,8,6,2.0,4.0,2.0,4.0,6.0,1.0,2.0,4.0,6.0,2.0,2.323,2.16,2.08,2.12,-2.8519594871074934,6.0041222,6.0041222
mp-1210954,LiSm2RuO6,Sm,Sm,Li,Ru,-2.829137265333334,0.0,0.39990000000000014,6.0012909,241.10628850125866,6.952282929360732,P2_1/c,14,1.17,1.17,0.98,2.2,3.44,1.59,0.958,0.958,0.76,0.68,0.7864895236027729,0.11111111111111106,3,3,4,8,6.0,6,4,8,6,2.0,4.0,2.0,4.0,6.0,1.0,2.0,4.0,6.0,2.0,2.3579999999999997,2.16,2.08,2.12,-2.831120782608922,6.0012909,6.0012909
mp-1211045,LiGd2RuO6,Gd,Gd,Li,Ru,-2.792406803833333,0.020619058166666093,0.16438655028021598,26.1691922,239.16491179879316,7.200067842296876,P2_1/c,14,1.2,1.2,0.98,2.2,3.44,1.59,0.938,0.938,0.76,0.68,0.779818704912334,0.11111111111111106,3,3,4,8,6.0,6,4,8,6,2.0,4.0,2.0,4.0,6.0,1.0,2.0,4.0,6.0,2.0,2.338,2.16,2.08,2.12,-2.75547406391238,26.1691922,26.1691922
mp-1211080,LiNd2RuO6,Nd,Nd,Li,Ru,-2.8044745583333333,0.0,0.4246000000000003,6.0020991,246.39055717835117,6.638251239597116,P2_1/c,14,1.14,1.14,0.98,2.2,3.44,1.59,0.983,0.983,0.76,0.68,0.7948280469658219,0.11111111111111106,3,3,4,8,6.0,6,4,8,6,2.0,4.0,2.0,4.0,6.0,1.0,2.0,4.0,6.0,2.0,2.383,2.16,2.08,2.12,-2.8258762536598563,6.0020991,6.0020991
mp-1211106,LiPr2RuO6,Pr,Pr,Li,Ru,-2.786508984166666,0.0,0.30169185586782543,6.0018243,250.43458820623317,6.442621042855783,P2_1/c,14,1.13,1.13,0.98,2.2,3.44,1.59,0.99,0.99,0.76,0.68,0.7971628335074755,0.11111111111111106,3,3,4,8,6.0,6,4,8,6,2.0,4.0,2.0,4.0,6.0,1.0,2.0,4.0,6.0,2.0,2.3899999999999997,2.16,2.08,2.12,-2.817019487585161,6.0018243,6.0018243
mp-1211115,LiCa2TeO6,Ca,Ca,Li,Te,-2.393955148,0.06108682478333005,0.0,1.9999953,249.34257644217132,4.138230514155637,P2_1/c,14,1.0,1.0,0.98,2.1,3.44,1.54,1.0,1.0,0.76,2.21,0.5882344106924486,0.9764309764309765,2,2,4,4,4.0,4,4,4,8,4.0,4.0,0.0,0.0,0.0,5.0,0.0,0.0,0.0,0.0,2.4,2.16,3.61,2.885,-2.4077933093976247,1.9999953,1.9999953
mp-1211235,La2MgNbO6,La,La,Mg,Nb,-3.3089463255,0.1835691874166745,0.0,0.9911603,129.8810438914926,6.277711848483974,Fm-3m,225,1.1,1.1,1.31,1.6,3.44,1.455,1.032,1.032,0.72,0.72,0.8111715527573977,0.0,3,3,4,5,4.5,6,4,5,6,2.75,3.25,1.25,1.75,3.0,2.0,1.25,1.75,3.0,0.5,2.432,2.12,2.12,2.12,-3.30985804582711,0.9911603,3.0
mp-1211314,La2TiCoO6,La,La,Ti,Co,-3.324110930583335,0.013798827249997814,0.5499154334748164,0.000412,504.10583542498415,6.332539975555164,P2_1/c,14,1.1,1.1,1.54,1.88,3.44,1.71,1.032,1.032,0.86,0.65,0.7979970727822198,0.2781456953642384,3,3,4,9,6.5,6,4,9,6,1.75,4.25,2.25,4.75,7.0,2.0,2.25,4.75,7.0,2.5,2.432,2.26,2.05,2.155,-3.319244141596881,0.000412,7.0
mp-1211325,La2TiNiO6,La,La,Ti,Ni,-3.316128182333334,0.011032406249999127,2.803675833222946,8e-07,498.0557307459923,6.406266210602963,P2_1/c,14,1.1,1.1,1.54,1.91,3.44,1.725,1.032,1.032,0.86,0.69,0.790659168664682,0.2193548387096775,3,3,4,10,7.0,6,4,10,6,1.5,4.5,2.5,5.5,8.0,3.0,2.5,4.5,7.0,2.0,2.432,2.26,2.09,2.175,-3.320952903490461,8e-07,7.0
mp-1211319,La2CoRuO6,La,La,Co,Ru,-2.647642955000002,0.0,0.0,2.0001214,239.29991571314906,7.408387471654093,P2_1/c,14,1.1,1.1,1.88,2.2,3.44,2.04,1.032,1.032,0.65,0.68,0.8327766062206701,0.04511278195488726,3,3,9,8,8.5,6,9,8,6,3.25,2.75,5.75,5.25,11.0,6.0,4.25,4.75,9.0,0.5,2.432,2.05,2.08,2.065,-2.640601847069716,2.0001214,9.0
mp-1211365,La2MgNbO6,La,La,Mg,Nb,-3.4389927145000003,0.05352279841667418,0.2118000000000002,2.0024456,263.03375852640636,6.199628311582182,P2_1/c,14,1.1,1.1,1.31,1.6,3.44,1.455,1.032,1.032,0.72,0.72,0.8111715527573977,0.0,3,3,4,5,4.5,6,4,5,6,2.75,3.25,1.25,1.75,3.0,2.0,1.25,1.75,3.0,0.5,2.432,2.12,2.12,2.12,-3.4640235029838093,2.0024456,3.0
mp-1211456,La2ZrCuO6,La,La,Zr,Cu,-3.25967698575,0.0495153259999892,0.0,0.7788291,543.8730739615534,6.455354133437808,P2_1/m,11,1.1,1.1,1.33,1.9,3.44,1.615,1.032,1.032,0.72,0.77,0.8017173388557964,0.0671140939597316,3,3,4,11,7.5,6,4,11,6,1.25,4.75,2.75,6.25,9.0,4.0,2.75,3.75,6.5,1.0,2.432,2.12,2.17,2.145,-3.230801693668535,0.7788291,6.5
mp-1211522,La2NbNiO6,La,La,Nb,Ni,-3.065186532,0.17208032812500207,0.20760000000000112,5.9999881,260.6686379271714,6.6940085833608896,P2_1/c,14,1.1,1.1,1.6,1.91,3.44,1.755,1.032,1.032,0.72,0.69,0.816951872610776,0.04255319148936174,3,3,5,10,7.5,6,5,10,6,1.75,4.25,3.25,5.75,9.0,4.0,3.25,4.25,7.5,1.0,2.432,2.12,2.09,2.105,-3.066829555567851,5.9999881,7.5
mp-1211562,LiEu2RuO6,Eu,Eu,Li,Ru,-2.470430752833334,0.08667331789582455,0.0,30.0041309,236.25708953529173,7.1400742119234035,P2_1/c,14,1.5,1.5,0.98,2.2,3.44,1.59,1.17,1.17,0.76,0.68,0.8572002017214277,0.11111111111111106,3,3,4,8,6.0,6,4,8,6,2.0,4.0,2.0,4.0,6.0,1.0,2.0,4.0,6.0,2.0,2.57,2.16,2.08,2.12,-2.4480848362015712,30.0041309,30.0041309
mp-1211597,La2CuIrO6,La,La,Cu,Ir,-2.4882567380000005,0.03202243208333311,0.0,3.9998945,256.3578604400175,8.155990570438203,P2_1/c,14,1.1,1.1,1.9,2.2,3.44,2.05,1.032,1.032,0.77,0.68,0.8092629138097334,0.1241379310344827,3,3,11,9,10.0,6,11,9,6,3.5,2.5,7.5,6.5,14.0,9.0,2.5,3.5,6.0,1.0,2.432,2.17,2.08,2.125,-2.481402231072446,3.9998945,6.0
mp-1211868,La2MgSnO6,La,La,Mg,Sn,-3.2223622449999993,0.013782407625000381,3.852900000000001,0.0008831,267.60809541593466,6.413884347756946,P2_1/c,14,1.1,1.1,1.31,1.96,3.44,1.635,1.032,1.032,0.72,0.69,0.816951872610776,0.04255319148936174,3,3,4,4,4.0,6,4,14,6,0.5,5.5,3.5,8.5,12.0,7.0,3.5,1.5,5.0,2.0,2.432,2.12,2.09,2.105,-3.2132271806169235,0.0008831,5.0
mp-1211920,Ho2NiRuO6,Ho,Ho,Ni,Ru,-2.6560934209999987,0.038601930874996526,0.0,8.0014382,230.7871959704441,8.427205990254825,P2_1/c,14,1.23,1.23,1.91,2.2,3.44,2.055,0.9010000000000001,0.9010000000000001,0.69,0.68,0.7803610088778158,0.014598540145985252,3,3,10,8,9.0,6,10,8,6,3.5,2.5,6.5,5.5,12.0,7.0,3.5,4.5,8.0,1.0,2.301,2.09,2.08,2.085,-2.6446980753953544,8.0014382,8.0014382
mp-1212340,Ho2MnNiO6,Ho,Ho,Mn,Ni,-2.860817128793103,0.0,1.8696000000000002,9.999602,223.2150561184645,8.026713987424941,P2_1/c,14,1.23,1.23,1.55,1.91,3.44,1.73,0.9010000000000001,0.9010000000000001,0.67,0.69,0.7822368766876182,0.029411764705882217,3,3,7,10,8.5,6,7,10,6,2.25,3.75,4.75,6.25,11.0,6.0,4.75,3.75,8.5,1.0,2.301,2.07,2.09,2.08,-2.8518629575927563,9.999602,9.999602
mp-1212333,Ho2MgTiO6,Ho,Ho,Mg,Ti,-3.703829085833332,0.01624022700000083,3.2022000000000004,0.0,230.97460719562065,7.1609315709437125,P2_1/c,14,1.23,1.23,1.31,1.54,3.44,1.425,0.9010000000000001,0.9010000000000001,0.72,0.86,0.7429464399590164,0.17721518987341772,3,3,4,4,4.0,6,4,4,6,3.0,3.0,1.0,1.0,2.0,3.0,1.0,1.0,2.0,0.0,2.301,2.12,2.26,2.19,-3.690974630635981,0.0,2.0
mp-1212356,Ho2CoPtO6,Ho,Ho,Co,Pt,-2.5796776335,0.038259854437498575,1.7584,6.0003719,236.20877248242917,9.558982228346974,P2_1/c,14,1.23,1.23,1.88,2.2,3.44,2.04,0.9010000000000001,0.9010000000000001,0.65,0.8,0.7656718604754098,0.20689655172413793,3,3,9,10,9.5,6,9,10,6,2.75,3.25,6.25,6.75,13.0,8.0,3.75,3.25,7.0,0.5,2.301,2.05,2.2,2.125,-2.553094582897351,6.0003719,7.0
mp-1212655,Gd2MnNiO6,Gd,Gd,Mn,Ni,-2.801422737293103,0.0,1.8680000000000003,38.0000002,230.46603607153597,7.552824516504431,P2_1/c,14,1.2,1.2,1.55,1.91,3.44,1.73,0.938,0.938,0.67,0.69,0.7948152184683404,0.029411764705882217,3,3,7,10,8.5,6,7,10,6,2.25,3.75,4.75,6.25,11.0,6.0,4.75,3.75,8.5,1.0,2.338,2.07,2.09,2.08,-2.7974923138990735,38.0000002,38.0000002
mp-1212708,Gd2NiPtO6,Gd,Gd,Ni,Pt,-2.5141243349999995,0.0,0.0,32.000267,241.81430561840543,9.123137645136843,P2_1/c,14,1.2,1.2,1.91,2.2,3.44,2.055,0.938,0.938,0.69,0.8,0.7707299088177846,0.14765100671140952,3,3,10,10,10.0,6,10,10,6,3.0,3.0,7.0,7.0,14.0,9.0,3.0,3.0,6.0,0.0,2.338,2.09,2.2,2.145,-2.4999442598482293,32.000267,32.000267
mp-1212711,Gd2MgPtO6,Gd,Gd,Mg,Pt,-2.8836198934999984,0.0,2.5436,27.9999997,235.7637186024474,8.872860691563965,P2_1/c,14,1.2,1.2,1.31,2.2,3.44,1.7550000000000001,0.938,0.938,0.72,0.8,0.7653776177843278,0.10526315789473693,3,3,4,10,7.0,6,4,10,6,1.5,4.5,2.5,5.5,8.0,3.0,2.5,4.5,7.0,2.0,2.338,2.12,2.2,2.16,-2.885414607385743,27.9999997,27.9999997
mp-1212755,Gd2ZnPtO6,Gd,Gd,Zn,Pt,-2.6020982924999982,0.0,0.0,28.0000004,238.1272810464699,9.3580551429028,P2_1/c,14,1.2,1.2,1.65,2.2,3.44,1.925,0.938,0.938,0.74,0.8,0.7618505319880867,0.07792207792207799,3,3,12,10,11.0,6,12,10,6,3.5,2.5,8.5,7.5,16.0,11.0,1.5,2.5,4.0,1.0,2.338,2.1399999999999997,2.2,2.17,-2.5732959481910087,28.0000004,28.0000004
mp-1212787,Er2MgTiO6,Er,Er,Mg,Ti,-3.712251910833333,0.015870763750001515,3.2352999999999996,0.0006705,228.93092012538278,7.29242171531547,P2_1/c,14,1.24,1.24,1.31,1.54,3.44,1.425,0.89,0.89,0.72,0.86,0.7393947620626455,0.17721518987341772,3,3,4,4,4.0,6,4,4,6,3.0,3.0,1.0,1.0,2.0,3.0,1.0,1.0,2.0,0.0,2.29,2.12,2.26,2.19,-3.7257797568745183,0.0006705,2.0
mp-1212785,Gd2NiRuO6,Gd,Gd,Ni,Ru,-2.6015564444999995,0.02706508099999816,0.0,36.0000013,237.66969903734454,7.968526750948717,P2_1/c,14,1.2,1.2,1.91,2.2,3.44,2.055,0.938,0.938,0.69,0.68,0.7929091867693756,0.014598540145985252,3,3,10,8,9.0,6,10,8,6,3.5,2.5,6.5,5.5,12.0,7.0,3.5,4.5,8.0,1.0,2.338,2.09,2.08,2.085,-2.565537635841783,36.0000013,36.0000013
mp-1212954,Er2NiRuO6,Er,Er,Ni,Ru,-2.672538971499999,0.03692370649999788,0.0,0.0,229.8942041179189,8.527221050891614,P2_1/c,14,1.24,1.24,1.91,2.2,3.44,2.055,0.89,0.89,0.69,0.68,0.7766304695046493,0.014598540145985252,3,3,10,8,9.0,6,10,8,6,3.5,2.5,6.5,5.5,12.0,7.0,3.5,4.5,8.0,1.0,2.29,2.09,2.08,2.085,-2.6733421305128857,0.0,8.0
mp-1212992,Eu2ZnPtO6,Eu,Eu,Zn,Pt,-2.2453850450000012,0.12031365225000457,0.0,23.9887775,251.2985160838811,8.727858099476526,P2_1/c,14,1.5,1.5,1.65,2.2,3.44,1.925,1.17,1.17,0.74,0.8,0.8374490449997359,0.07792207792207799,3,3,12,10,11.0,6,12,10,6,3.5,2.5,8.5,7.5,16.0,11.0,1.5,2.5,4.0,1.0,2.57,2.1399999999999997,2.2,2.17,-2.274000547042362,23.9887775,23.9887775
mp-1212982,Eu2NiPtO6,Eu,Eu,Ni,Pt,-2.1518391055,0.09929682925000627,0.0,27.9943117,248.44204988272352,8.73843521123525,P2_1/c,14,1.5,1.5,1.91,2.2,3.44,2.055,1.17,1.17,0.69,0.8,0.8472095233796861,0.14765100671140952,3,3,10,10,10.0,6,10,10,6,3.0,3.0,7.0,7.0,14.0,9.0,3.0,3.0,6.0,0.0,2.57,2.09,2.2,2.145,-2.1492770172017845,27.9943117,27.9943117
mp-1213003,Eu2CoPtO6,Eu,Eu,Co,Pt,-2.1721819705000023,0.1027224325624907,0.0,30.004994,246.05693535976764,8.826376429517317,P2_1/c,14,1.5,1.5,1.88,2.2,3.44,2.04,1.17,1.17,0.65,0.8,0.8551832600703185,0.20689655172413793,3,3,9,10,9.5,6,9,10,6,2.75,3.25,6.25,6.75,13.0,8.0,3.75,3.25,7.0,0.5,2.57,2.05,2.2,2.125,-2.1858030036494998,30.004994,30.004994
mp-1213021,Eu2MgPtO6,Eu,Eu,Mg,Pt,-2.529529814000001,0.09871846587499888,0.0,24.0000001,249.79548152323187,8.233888702346563,P2_1/c,14,1.5,1.5,1.31,2.2,3.44,1.7550000000000001,1.17,1.17,0.72,0.8,0.8413261239117716,0.10526315789473693,3,3,4,10,7.0,6,4,10,6,1.5,4.5,2.5,5.5,8.0,3.0,2.5,4.5,7.0,2.0,2.57,2.12,2.2,2.16,-2.5127169430202265,24.0000001,24.0000001
mp-1213085,Dy2MgTiO6,Dy,Dy,Mg,Ti,-3.6994628311666653,0.0161383775000008,3.205606687529925,0.0010984,231.67476379364098,7.069612437254539,P2_1/c,14,1.22,1.22,1.31,1.54,3.44,1.425,1.07,1.07,0.72,0.86,0.797513127639622,0.17721518987341772,3,3,4,4,4.0,6,4,4,6,3.0,3.0,1.0,1.0,2.0,3.0,1.0,1.0,2.0,0.0,2.4699999999999998,2.12,2.26,2.19,-3.712515310752713,0.0010984,2.0
mp-1213101,Dy2CoPtO6,Dy,Dy,Co,Pt,-2.5754287548333332,0.032340547499999595,1.7675999999999998,5.9991828,237.0487331153316,9.457012756986938,P2_1/c,14,1.22,1.22,1.88,2.2,3.44,2.04,1.07,1.07,0.65,0.8,0.8219076468380103,0.20689655172413793,3,3,9,10,9.5,6,9,10,6,2.75,3.25,6.25,6.75,13.0,8.0,3.75,3.25,7.0,0.5,2.4699999999999998,2.05,2.2,2.125,-2.584352423497629,5.9991828,7.0
mp-1213197,Dy2NiRuO6,Dy,Dy,Ni,Ru,-2.650716669833332,0.03272184949999968,0.0,7.9971609,230.98472973435923,8.350113348767518,P2_1/c,14,1.22,1.22,1.91,2.2,3.44,2.055,1.07,1.07,0.69,0.68,0.8376756592473728,0.014598540145985252,3,3,10,8,9.0,6,10,8,6,3.5,2.5,6.5,5.5,12.0,7.0,3.5,4.5,8.0,1.0,2.4699999999999998,2.09,2.08,2.085,-2.6885074844522427,7.9971609,8.0
mp-1213340,Eu2CoRuO6,Eu,Eu,Co,Ru,-2.339215697000003,0.07503538024999834,0.0,26.0033202,245.86519329520343,7.5633450575295695,P2_1/c,14,1.5,1.5,1.88,2.2,3.44,2.04,1.17,1.17,0.65,0.68,0.880031199830231,0.04511278195488726,3,3,9,8,8.5,6,9,8,6,3.25,2.75,5.75,5.25,11.0,6.0,4.25,4.75,9.0,0.5,2.57,2.05,2.08,2.065,-2.3482618233849846,26.0033202,26.0033202
mp-1214081,Ca2ScTaO6,Ca,Ca,Sc,Ta,-3.628419579233333,0.0,3.7328,1.18e-05,250.7671564743573,5.324700603569434,P2_1/c,14,1.0,1.0,1.36,1.5,3.44,1.4300000000000002,1.0,1.0,0.745,0.72,0.7958059905499245,0.03412969283276454,2,2,3,5,4.0,4,3,5,8,3.5,4.5,0.0,0.5,0.5,4.5,0.0,0.5,0.5,0.5,2.4,2.145,2.12,2.1325000000000003,-3.676897165765912,1.18e-05,0.5
mp-1214103,Ca2TaCrO6,Ca,Ca,Ta,Cr,-3.2333191042333325,0.0,2.7925608556222694,3.9e-06,477.1088044147844,5.695309041944747,P2_1/c,14,1.0,1.0,1.5,1.66,3.44,1.58,1.0,1.0,0.72,0.73,0.7986147175753947,0.013793103448275874,2,2,5,6,5.5,4,5,6,8,3.75,4.25,1.25,1.75,3.0,2.0,1.25,1.75,3.0,0.5,2.4,2.12,2.13,2.125,-3.264997160703047,3.9e-06,3.0
mp-1214116,Ca2YNbO6,Ca,Ca,Y,Nb,-3.4739181465,0.015928064312500823,3.3203,0.0008217,270.78926986055296,4.390234913758546,P2_1/c,14,1.0,1.0,1.22,1.6,3.44,1.4100000000000001,1.0,1.0,0.9,0.72,0.767898766899418,0.22222222222222227,2,2,3,5,4.0,4,3,5,8,3.5,4.5,0.0,0.5,0.5,4.5,0.0,0.5,0.5,0.5,2.4,2.3,2.12,2.21,-3.458709853377114,0.0008217,0.5
mp-1214125,Ca2ScNbO6,Ca,Ca,Sc,Nb,-3.5081259614999993,0.0,3.1431,2.57e-05,251.87798378385588,4.140367144818329,P2_1/c,14,1.0,1.0,1.36,1.6,3.44,1.48,1.0,1.0,0.745,0.72,0.7958059905499245,0.03412969283276454,2,2,3,5,4.0,4,3,5,8,3.5,4.5,0.0,0.5,0.5,4.5,0.0,0.5,0.5,0.5,2.4,2.145,2.12,2.1325000000000003,-3.4924099583269825,2.57e-05,0.5
mp-1214115,Ca2NbCrO6,Ca,Ca,Nb,Cr,-3.115843763499999,0.0,2.7019,2.8e-06,477.66504802010854,4.464418518517847,P2_1/c,14,1.0,1.0,1.6,1.66,3.44,1.63,1.0,1.0,0.72,0.73,0.7986147175753947,0.013793103448275874,2,2,5,6,5.5,4,5,6,8,3.75,4.25,1.25,1.75,3.0,2.0,1.25,1.75,3.0,0.5,2.4,2.12,2.13,2.125,-3.1073346122643,2.8e-06,3.0
mp-1214121,Ca2NbFeO6,Ca,Ca,Nb,Fe,-2.9416954919999996,0.0,2.0873168717334454,0.0,483.83287627080546,4.460345270359982,P2_1/c,14,1.0,1.0,1.6,1.83,3.44,1.715,1.0,1.0,0.72,0.61,0.8218190192967139,0.16541353383458643,2,2,5,8,6.5,4,5,8,8,3.25,4.75,1.75,3.25,5.0,0.0,1.75,3.25,5.0,1.5,2.4,2.12,2.01,2.065,-2.961035014862584,0.0,5.0
mp-1214135,Ca2TaInO6,Ca,Ca,Ta,In,-3.1119724303999994,0.00045634825000373525,0.0,6.19e-05,257.9302186387024,6.0763624007562695,P2_1/c,14,1.0,1.0,1.5,1.78,3.44,1.6400000000000001,1.0,1.0,0.72,0.8,0.7856742013183861,0.10526315789473693,2,2,5,3,4.0,4,5,13,8,2.0,6.0,3.0,7.0,10.0,5.0,3.0,3.0,6.0,0.0,2.4,2.12,2.2,2.16,-3.112926657522839,6.19e-05,6.0
mp-1214154,Ca2ScReO6,Ca,Ca,Sc,Re,-2.9730973502499993,0.12104093114584558,0.0,3.4369263,257.5414414028819,5.252459450883314,Pnnm,58,1.0,1.0,1.36,1.9,3.44,1.63,1.0,1.0,0.745,0.63,0.8129610897474079,0.16727272727272727,2,2,3,7,5.0,4,3,7,8,3.0,5.0,0.0,2.0,2.0,3.0,0.0,2.0,2.0,2.0,2.4,2.145,2.03,2.0875,-2.973169401031811,3.4369263,3.4369263
mp-1214561,Ba2TbWO6,Ba,Ba,Tb,W,-3.1407082416666663,0.0,1.6795,0.9999865,156.3362788056158,7.577606006158238,C2/m,12,0.89,0.89,1.5,1.7,3.44,1.6,1.35,1.35,0.9230000000000002,0.66,0.8873117263349329,0.332280480101074,2,2,4,6,5.0,4,4,6,8,3.5,4.5,0.5,1.5,2.0,3.0,0.5,1.5,2.0,1.0,2.75,2.323,2.06,2.1915,-3.1638755354505173,0.9999865,2.0
mp-1214573,Ba2PrBiO6,Ba,Ba,Pr,Bi,-2.7460314451666674,0.0,1.7599999999999998,4.2e-06,175.08848625034892,6.833586105560812,C2/m,12,0.89,0.89,1.13,1.9,3.44,1.515,1.35,1.35,0.99,1.03,0.806864584341496,0.03960396039603964,2,2,4,5,4.5,4,4,15,8,1.25,6.75,2.75,8.25,11.0,6.0,2.75,1.75,4.5,1.0,2.75,2.3899999999999997,2.4299999999999997,2.4099999999999997,-2.7159634791313243,4.2e-06,4.5
mp-1214633,Ba2LiTeO6,Ba,Ba,Li,Te,-2.382827871,0.0,0.0,1.0000357,144.84175313141884,5.791769561234483,Fm-3m,225,0.89,0.89,0.98,2.1,3.44,1.54,1.35,1.35,0.76,2.21,0.6740185955850974,0.9764309764309765,2,2,4,4,4.0,4,4,4,8,4.0,4.0,0.0,0.0,0.0,5.0,0.0,0.0,0.0,0.0,2.75,2.16,3.61,2.885,-2.3652806251884866,1.0000357,1.0000357
mp-1214622,Ba2SmTaO6,Ba,Ba,Sm,Ta,-3.518325293233334,0.0,3.3635149345965862,0.0,161.64624337344023,7.210988170006595,Fm-3m,225,0.89,0.89,1.17,1.5,3.44,1.335,1.35,1.35,0.958,0.72,0.8684875606355542,0.2836710369487485,2,2,4,5,4.5,4,4,5,8,3.75,4.25,0.25,0.75,1.0,4.0,0.25,0.75,1.0,0.5,2.75,2.3579999999999997,2.12,2.239,-3.5227445767099272,0.0,1.0
mp-1214646,Ba2NaUO6,Ba,Ba,Na,U,-3.076706050637931,0.0,0.0,2.0000204,331.0264359484149,6.337325789512596,Pnnm,58,0.89,0.89,0.93,1.7,3.44,1.315,1.35,1.35,1.02,1.025,0.8027011963933977,0.004889975550122145,2,2,4,4,4.0,4,4,4,8,4.0,4.0,0.0,0.0,0.0,5.0,0.0,0.0,0.0,0.0,2.75,2.42,2.425,2.4225,-3.0761683338580403,2.0000204,2.0000204
mp-1214644,Ba2NdReO6,Ba,Ba,Nd,Re,-2.9490347189999992,0.013108924749996476,0.0,3.9999893,317.4216868666223,7.335371167538138,P2_1/c,14,0.89,0.89,1.14,1.9,3.44,1.52,1.35,1.35,0.983,0.63,0.8812796955644712,0.4376937383756974,2,2,4,7,5.5,4,4,7,8,3.25,4.75,0.75,2.25,3.0,2.0,0.75,2.25,3.0,1.5,2.75,2.383,2.03,2.2065,-2.9448670628410483,3.9999893,3.9999893
mp-1214679,Ba2CaNbO6,Ba,Ba,Ca,Nb,-3.0878185780000003,0.045699657000000116,0.0,0.9999739,160.09499906372125,5.223806074817249,Fm-3m,225,0.89,0.89,1.0,1.6,3.44,1.3,1.35,1.35,1.0,0.72,0.8604175434792061,0.32558139534883723,2,2,4,5,4.5,4,4,5,8,3.75,4.25,0.25,0.75,1.0,4.0,0.25,0.75,1.0,0.5,2.75,2.4,2.12,2.26,-3.128653275368486,0.9999739,1.0
mp-1214698,Ba2CaBiO6,Ba,Ba,Ca,Bi,-2.4425179470000002,0.02754772049999943,0.0,1.0017748,168.83778230740148,6.094907547884908,Fm-3m,225,0.89,0.89,1.0,1.9,3.44,1.45,1.35,1.35,1.0,1.03,0.8051940572517621,0.02955665024630544,2,2,4,5,4.5,4,4,15,8,1.25,6.75,2.75,8.25,11.0,6.0,2.75,1.75,4.5,1.0,2.75,2.4,2.4299999999999997,2.415,-2.4474614946504123,1.0017748,4.5
mp-1214701,Ba2LiUO6,Ba,Ba,Li,U,-3.137867112833333,0.01997299805357855,0.0,1.9980926,306.5392779209317,6.669693902256285,Pnnm,58,0.89,0.89,0.98,1.7,3.44,1.3399999999999999,1.35,1.35,0.76,1.025,0.8482196938988029,0.2969187675070027,2,2,4,4,4.0,4,4,4,8,4.0,4.0,0.0,0.0,0.0,5.0,0.0,0.0,0.0,0.0,2.75,2.16,2.425,2.2925,-3.1515067977932887,1.9980926,1.9980926
mp-1214797,Ba2ErReO6,Ba,Ba,Er,Re,-3.05799634025,0.0023906770000010624,0.0,4.0012384,299.99914012234456,8.016180127418592,P2_1/c,14,0.89,0.89,1.24,1.9,3.44,1.5699999999999998,1.35,1.35,0.89,0.63,0.9002516890106507,0.34210526315789475,2,2,4,7,5.5,4,4,7,8,3.25,4.75,0.75,2.25,3.0,2.0,0.75,2.25,3.0,1.5,2.75,2.29,2.03,2.16,-3.0780287404478983,4.0012384,4.0012384
mp-1214813,Ba2LuReO6,Ba,Ba,Lu,Re,-3.0829070859166676,0.0,0.0,1.9537671,147.02703222615088,8.265303253348213,C2/m,12,0.89,0.89,1.0,1.9,3.44,1.45,1.35,1.35,0.861,0.63,0.9063358882605478,0.30985915492957744,2,2,4,7,5.5,4,4,7,8,3.25,4.75,0.75,2.25,3.0,2.0,0.75,2.25,3.0,1.5,2.75,2.261,2.03,2.1455,-3.0885290917743866,1.9537671,3.0
mp-1214941,Ba2GdReO6,Ba,Ba,Gd,Re,-3.0053079762499997,0.003306189000015891,0.0,10.0018273,312.71383994598557,7.583951112043541,P2_1/c,14,0.89,0.89,1.2,1.9,3.44,1.5499999999999998,1.35,1.35,0.938,0.63,0.8903588133072369,0.3928571428571428,2,2,4,7,5.5,4,4,7,8,3.25,4.75,0.75,2.25,3.0,2.0,0.75,2.25,3.0,1.5,2.75,2.338,2.03,2.184,-2.969354245713009,10.0018273,10.0018273
mp-1215294,ZrTi(PbO3)2,Pb,Pb,Zr,Ti,-2.774889303333333,0.028485383406248843,2.753,2.15e-05,142.88188352664167,7.54818718686736,P1,1,1.8,1.8,1.33,1.54,3.44,1.435,1.19,1.19,0.72,0.86,0.8362587046909398,0.17721518987341772,2,2,4,4,4.0,4,4,4,8,4.0,4.0,0.0,0.0,0.0,5.0,0.0,0.0,0.0,0.0,2.59,2.12,2.26,2.19,-2.762072446107993,2.15e-05,2.15e-05
mp-1215309,ZrTi(PbO3)2,Pb,Pb,Zr,Ti,-2.7733113513333323,0.030063335406250502,2.6348000000000003,0.0006521,141.71713995729482,7.61022416057978,P1,1,1.8,1.8,1.33,1.54,3.44,1.435,1.19,1.19,0.72,0.86,0.8362587046909398,0.17721518987341772,2,2,4,4,4.0,4,4,4,8,4.0,4.0,0.0,0.0,0.0,5.0,0.0,0.0,0.0,0.0,2.59,2.12,2.26,2.19,-2.7847349311289884,0.0006521,0.0006521
mp-1215297,ZrTi(PbO3)2,Pb,Pb,Zr,Ti,-2.7701464323333327,0.0332282544062501,2.6223,2.72e-05,140.2121403660533,7.691910270078056,R3m,160,1.8,1.8,1.33,1.54,3.44,1.435,1.19,1.19,0.72,0.86,0.8362587046909398,0.17721518987341772,2,2,4,4,4.0,4,4,4,8,4.0,4.0,0.0,0.0,0.0,5.0,0.0,0.0,0.0,0.0,2.59,2.12,2.26,2.19,-2.7586947767062093,2.72e-05,2.72e-05
mp-1215674,ZnCu(SeO3)2,Se,Se,Zn,Cu,-1.2378383809687499,0.061130474875001894,0.02929999999999966,2.0029894,240.76902743274738,5.281185249208879,P2_1/c,14,2.55,2.55,1.65,1.9,3.44,1.775,1.98,1.98,0.74,0.77,1.1090584317450258,0.03973509933774838,2,2,12,11,11.5,4,12,11,8,4.25,3.75,7.75,7.25,15.0,10.0,2.25,2.75,5.0,0.5,3.38,2.1399999999999997,2.17,2.155,-1.2098512722370298,2.0029894,5.0
mp-1215661,YbNb(PbO3)2,Pb,Pb,Yb,Nb,-2.46058168175,0.09422501099999891,0.0,0.0,143.75728915753172,8.967528009319192,Fm-3m,225,1.8,1.8,1.5,1.6,3.44,1.55,1.19,1.19,1.02,0.72,0.8067870322789242,0.34482758620689663,2,2,4,5,4.5,4,4,5,8,3.75,4.25,0.25,0.75,1.0,4.0,0.25,0.75,1.0,0.5,2.59,2.42,2.12,2.27,-2.4420890080917443,0.0,1.0
mp-1215690,YbTa(PbO3)2,Pb,Pb,Yb,Ta,-2.601193870483337,0.06418467199999611,0.0,0.0,142.34800910030876,10.083343466285056,Fm-3m,225,1.8,1.8,1.5,1.5,3.44,1.5,1.19,1.19,1.02,0.72,0.8067870322789242,0.34482758620689663,2,2,4,5,4.5,4,4,5,8,3.75,4.25,0.25,0.75,1.0,4.0,0.25,0.75,1.0,0.5,2.59,2.42,2.12,2.27,-2.600001263084933,0.0,1.0
mp-1215851,Yb2TiCuO6,Yb,Yb,Ti,Cu,-3.0547468429166686,0.1216141622500011,0.0,1.2455769,120.75461878976908,7.611226652399973,P-6m2,187,1.5,1.5,1.54,1.9,3.44,1.72,1.02,1.02,0.86,0.77,0.772550072447605,0.11042944785276071,3,3,4,11,7.5,6,4,11,6,1.25,4.75,2.75,6.25,9.0,4.0,2.75,3.75,6.5,1.0,2.42,2.26,2.17,2.215,-3.06768557847078,1.2455769,6.5
mp-1215956,Yb2MnCoO6,Yb,Yb,Mn,Co,-2.910723611198276,0.0,0.0,7.9999996,205.1630923244935,8.999403996443444,P2_1/c,14,1.5,1.5,1.55,1.88,3.44,1.7149999999999999,1.02,1.02,0.67,0.65,0.830678840034682,0.030303030303030328,3,3,7,9,8.0,6,7,9,6,2.5,3.5,4.5,5.5,10.0,5.0,4.5,4.5,9.0,0.0,2.42,2.07,2.05,2.0599999999999996,-2.896759144926004,7.9999996,9.0
mp-1216130,Y2VFeO6,Y,Y,V,Fe,-3.0497095005000006,0.0067180776875055415,0.0,9.9995025,233.98657615801875,5.401952651276669,P2_1/c,14,1.22,1.22,1.63,1.83,3.44,1.73,0.9,0.9,0.79,0.61,0.7744502841566949,0.25714285714285723,3,3,5,8,6.5,6,5,8,6,2.25,3.75,2.75,4.25,7.0,2.0,2.75,4.25,7.0,1.5,2.3,2.19,2.01,2.0999999999999996,-3.0418397927915657,9.9995025,9.9995025
mp-1216142,Y2TiCuO6,Y,Y,Ti,Cu,-3.0879709473333334,0.1797309472499986,0.0,1.0253534,129.67879545442835,4.9327624032961666,P-6m2,187,1.22,1.22,1.54,1.9,3.44,1.72,0.9,0.9,0.86,0.77,0.7342418043923518,0.11042944785276071,3,3,4,11,7.5,6,4,11,6,1.25,4.75,2.75,6.25,9.0,4.0,2.75,3.75,6.5,1.0,2.3,2.26,2.17,2.215,-3.0700670829327787,1.0253534,6.5
mp-1216153,Y2CrFeO6,Y,Y,Cr,Fe,-3.015071830999999,0.0,0.42696402148517887,16.0000002,222.6686186073264,5.692256153433655,P2_1/c,14,1.22,1.22,1.66,1.83,3.44,1.745,0.9,0.9,0.73,0.61,0.7856742013183861,0.17910447761194032,3,3,6,8,7.0,6,6,8,6,2.5,3.5,3.5,4.5,8.0,3.0,3.5,4.5,8.0,1.0,2.3,2.13,2.01,2.07,-3.0023683949663593,16.0000002,16.0000002
mp-1216171,Y2MnFeO6,Y,Y,Mn,Fe,-2.900460739293103,0.028521705604168446,0.8599000000000006,17.9990875,235.41216701480653,5.425621198185642,P2_1/c,14,1.22,1.22,1.55,1.83,3.44,1.69,0.9,0.9,0.67,0.61,0.7972282336907152,0.09375000000000008,3,3,7,8,7.5,6,7,8,6,2.75,3.25,4.25,4.75,9.0,4.0,4.25,4.75,9.0,0.5,2.3,2.07,2.01,2.04,-2.8794696849867165,17.9990875,17.9990875
mp-1216796,Tm2TiCuO6,Tm,Tm,Ti,Cu,-3.156286001333335,0.1639611382500057,0.0,0.9841649,124.56120863204208,7.269158138953769,P-6m2,187,1.25,1.25,1.54,1.9,3.44,1.72,1.03,1.03,0.86,0.77,0.775742428118876,0.11042944785276071,3,3,4,11,7.5,6,4,11,6,1.25,4.75,2.75,6.25,9.0,4.0,2.75,3.75,6.5,1.0,2.4299999999999997,2.26,2.17,2.215,-3.166990705564546,0.9841649,6.5
mp-1217119,Ti2MnNiO6,Ti,Ti,Mn,Ni,-2.771451773959771,0.004209087499997821,2.2705,1.2e-06,215.93390090199202,4.6964860233793475,R3,146,1.54,1.54,1.55,1.91,3.44,1.73,0.86,0.86,0.67,0.69,0.7682987141738448,0.029411764705882217,2,2,7,10,8.5,4,7,10,8,3.25,4.75,3.75,5.25,9.0,4.0,3.75,4.75,8.5,1.0,2.26,2.07,2.09,2.08,-2.745103892647084,1.2e-06,8.5
mp-1217104,Ti2MnZnO6,Ti,Ti,Mn,Zn,-2.8715069389597714,0.016391547249998695,2.2983,2.2e-06,438.10075958841253,4.731484971065446,R3,146,1.54,1.54,1.55,1.65,3.44,1.6,0.86,0.86,0.67,0.74,0.7591740263570533,0.09929078014184389,2,2,7,12,9.5,4,7,12,8,2.75,5.25,4.25,6.75,11.0,6.0,4.25,3.25,7.5,1.0,2.26,2.07,2.1399999999999997,2.1049999999999995,-2.8675549468659236,2.2e-06,7.5
mp-1217127,Ti2MnFeO6,Ti,Ti,Mn,Fe,-2.8402838944597706,0.0018745299999967102,0.0,0.9999613,110.84130823535018,4.532023324999638,R3,146,1.54,1.54,1.55,1.83,3.44,1.69,0.86,0.86,0.67,0.61,0.7833633948439201,0.09375000000000008,2,2,7,8,7.5,4,7,8,8,3.75,4.25,3.25,3.75,7.0,2.0,3.25,3.75,7.0,0.5,2.26,2.07,2.01,2.04,-2.7987786770072653,0.9999613,7.0
mp-1217718,Tb2AlFeO6,Tb,Tb,Al,Fe,-3.2787612418333323,0.017909213562502302,2.5214890140441453,9.9998981,214.54661171458784,7.6882685287532295,P2_1/c,14,1.5,1.5,1.61,1.83,3.44,1.7200000000000002,0.9230000000000002,0.9230000000000002,0.535,0.61,0.8327549063099365,0.131004366812227,3,3,3,8,5.5,6,13,8,6,4.25,1.75,8.75,6.25,15.0,10.0,1.25,3.75,5.0,2.5,2.323,1.935,2.01,1.9725,-3.292544998195124,9.9998981,9.9998981
mp-1217726,Tb2VFeO6,Tb,Tb,V,Fe,-3.0792957328333346,0.0,1.4906999999999995,6.0000001,235.07728555079746,7.355303864146859,P2_1/c,14,1.5,1.5,1.63,1.83,3.44,1.73,0.9230000000000002,0.9230000000000002,0.79,0.61,0.7821947869982618,0.25714285714285723,3,3,5,8,6.5,6,5,8,6,2.25,3.75,2.75,4.25,7.0,2.0,2.75,4.25,7.0,1.5,2.323,2.19,2.01,2.0999999999999996,-3.0445764567700295,6.0000001,7.0
mp-1217727,Tb2MnCrO6,Tb,Tb,Mn,Cr,-3.1028376431264375,0.019794951000001504,0.9641999999999995,14.0033869,232.1115645131925,7.45139610339533,P2_1/c,14,1.5,1.5,1.55,1.66,3.44,1.605,0.9230000000000002,0.9230000000000002,0.67,0.73,0.7821947869982618,0.08571428571428563,3,3,7,6,6.5,6,7,6,6,3.25,2.75,3.75,3.25,7.0,2.0,3.75,3.25,7.0,0.5,2.323,2.07,2.13,2.0999999999999996,-3.0988794274571845,14.0033869,14.0033869
mp-1217747,Tb2TiCuO6,Tb,Tb,Ti,Cu,-3.107842453666666,0.18320375250000254,0.0,1.030846,131.3708621120422,6.639333131961488,P-6m2,187,1.5,1.5,1.54,1.9,3.44,1.72,0.9230000000000002,0.9230000000000002,0.86,0.77,0.7415842224362753,0.11042944785276071,3,3,4,11,7.5,6,4,11,6,1.25,4.75,2.75,6.25,9.0,4.0,2.75,3.75,6.5,1.0,2.323,2.26,2.17,2.215,-3.120870813738955,1.030846,6.5
mp-1217907,TaNb(AgO3)2,Ag,Ag,Ta,Nb,-2.269324537066666,0.06916041071154311,1.3613,0.0016605,128.90805800728566,7.543284775332216,P4/mmm,123,1.93,1.93,1.5,1.6,3.44,1.55,1.15,1.15,0.72,0.72,0.8505293830309886,0.0,1,1,5,5,5.0,2,5,5,10,5.0,5.0,0.0,0.0,0.0,5.0,0.0,0.0,0.0,0.0,2.55,2.12,2.12,2.12,-2.2790022537477523,0.0016605,0.0016605
mp-1217947,TaNb(AgO3)2,Ag,Ag,Ta,Nb,-2.2880789280666662,0.05040601971154146,1.7114000000000003,0.0025907,506.10043886198224,7.685353473081487,P2_12_12,18,1.93,1.93,1.5,1.6,3.44,1.55,1.15,1.15,0.72,0.72,0.8505293830309886,0.0,1,1,5,5,5.0,2,5,5,10,5.0,5.0,0.0,0.0,0.0,5.0,0.0,0.0,0.0,0.0,2.55,2.12,2.12,2.12,-2.2944858742305527,0.0025907,0.0025907
mp-1217936,TaMn2FeO6,Mn,Mn,Ta,Fe,-2.39781616531954,0.04963443524999889,1.6344000000000003,14.9998273,115.45677482318166,6.366565690654816,R3,146,1.55,1.55,1.5,1.83,3.44,1.665,0.67,0.67,0.72,0.61,0.7088189041434156,0.16541353383458643,2,2,5,8,6.5,4,5,8,8,3.25,4.75,1.75,3.25,5.0,0.0,1.75,3.25,5.0,1.5,2.07,2.12,2.01,2.065,-2.389332846391502,14.9998273,14.9998273
mp-1218012,TaFe(PbO3)2,Pb,Pb,Ta,Fe,-2.1636145887333327,0.05572339165625628,2.0945,5.0001211,126.05242607227872,9.843023494103663,Fm-3m,225,1.8,1.8,1.5,1.83,3.44,1.665,1.19,1.19,0.72,0.61,0.8868796916577036,0.16541353383458643,2,2,5,8,6.5,4,5,8,8,3.25,4.75,1.75,3.25,5.0,0.0,1.75,3.25,5.0,1.5,2.59,2.12,2.01,2.065,-2.153157878972623,5.0001211,5.0001211
mp-1218217,Sr2ZrMoO6,Sr,Sr,Zr,Mo,-3.066131268000001,0.06316750424999995,0.0,1.9999957,142.54021306930753,5.3401896701139355,P4/mmm,123,0.95,0.95,1.33,2.16,3.44,1.745,1.18,1.18,0.72,0.69,0.8666676938058397,0.04255319148936174,2,2,4,6,5.0,4,4,6,8,3.5,4.5,0.5,1.5,2.0,3.0,0.5,1.5,2.0,1.0,2.58,2.12,2.09,2.105,-3.077605268078772,1.9999957,2.0
mp-1218387,Sr2TiRuO6,Sr,Sr,Ti,Ru,-2.8661455333333334,0.0049914309999996576,0.0,0.0113731,123.96456882035727,5.628336814788106,P4/mmm,123,0.95,0.95,1.54,2.2,3.44,1.87,1.18,1.18,0.86,0.68,0.8407076015950657,0.23376623376623368,2,2,4,8,6.0,4,4,8,8,3.0,5.0,1.0,3.0,4.0,1.0,1.0,3.0,4.0,2.0,2.58,2.26,2.08,2.17,-2.866632625178553,0.0113731,4.0
mp-1218376,Sr2TiMoO6,Sr,Sr,Ti,Mo,-3.038514891333334,0.03578561249999801,0.0,1.9999929,128.71595474025472,5.354392797599716,Fm-3m,225,0.95,0.95,1.54,2.16,3.44,1.85,1.18,1.18,0.86,0.69,0.8387749404419736,0.2193548387096775,2,2,4,6,5.0,4,4,6,8,3.5,4.5,0.5,1.5,2.0,3.0,0.5,1.5,2.0,1.0,2.58,2.26,2.09,2.175,-2.995669484161097,1.9999929,2.0
mp-1218381,Sr2TiMnO6,Sr,Sr,Ti,Mn,-3.0183842798764373,0.009538095250000822,0.0,0.0,473.7259453410568,5.244470470120657,P4/mmm,123,0.95,0.95,1.54,1.55,3.44,1.545,1.18,1.18,0.86,0.67,0.8426491895895116,0.24836601307189535,2,2,4,7,5.5,4,4,7,8,3.25,4.75,0.75,2.25,3.0,2.0,0.75,2.25,3.0,1.5,2.58,2.26,2.07,2.165,-2.983833416474423,0.0,3.0
mp-1218388,Sr2VMoO6,Sr,Sr,V,Mo,-2.7389547184999996,0.026776607828127297,0.0,0.0026716,256.5220778920359,5.4131879335314,P4/mmm,123,0.95,0.95,1.63,2.16,3.44,1.895,1.18,1.18,0.79,0.69,0.8524932221781742,0.13513513513513525,2,2,5,6,5.5,4,5,6,8,3.75,4.25,1.25,1.75,3.0,2.0,1.25,1.75,3.0,0.5,2.58,2.19,2.09,2.1399999999999997,-2.730228245106519,0.0026716,3.0
mp-1218447,Sr2VMoO6,Sr,Sr,V,Mo,-2.72860445,0.03712687632812539,0.0,2.9982965,128.0551353978155,5.421891954648072,P4/mmm,123,0.95,0.95,1.63,2.16,3.44,1.895,1.18,1.18,0.79,0.69,0.8524932221781742,0.13513513513513525,2,2,5,6,5.5,4,5,6,8,3.75,4.25,1.25,1.75,3.0,2.0,1.25,1.75,3.0,0.5,2.58,2.19,2.09,2.1399999999999997,-2.727844380436636,2.9982965,3.0
mp-1218688,Sr2TiMnO6,Sr,Sr,Ti,Mn,-3.0094217871264375,0.018500588000000207,0.0,4.74e-05,238.82727703093545,5.201335798317027,P4/mmm,123,0.95,0.95,1.54,1.55,3.44,1.545,1.18,1.18,0.86,0.67,0.8426491895895116,0.24836601307189535,2,2,4,7,5.5,4,4,7,8,3.25,4.75,0.75,2.25,3.0,2.0,0.75,2.25,3.0,1.5,2.58,2.26,2.07,2.165,-3.0070211605920725,4.74e-05,3.0
mp-1218686,Sr2TiMnO6,Sr,Sr,Ti,Mn,-3.027896759626438,2.5615500000242264e-05,0.9951999999999996,1e-07,236.04939510739095,5.26254627795353,Fm-3m,225,0.95,0.95,1.54,1.55,3.44,1.545,1.18,1.18,0.86,0.67,0.8426491895895116,0.24836601307189535,2,2,4,7,5.5,4,4,7,8,3.25,4.75,0.75,2.25,3.0,2.0,0.75,2.25,3.0,1.5,2.58,2.26,2.07,2.165,-3.0156264001718296,1e-07,3.0
mp-1218683,Sr2TaMnO6,Sr,Sr,Ta,Mn,-3.079475903526437,0.02445548799997077,0.0,4.0000611,129.68765124447938,6.493266130609272,Fm-3m,225,0.95,0.95,1.5,1.55,3.44,1.525,1.18,1.18,0.72,0.67,0.870804532439758,0.07194244604316537,2,2,5,7,6.0,4,5,7,8,3.5,4.5,1.5,2.5,4.0,1.0,1.5,2.5,4.0,1.0,2.58,2.12,2.07,2.0949999999999998,-3.0999317548304055,4.0000611,4.0000611
mp-1218692,Sr2TiFeO6,Sr,Sr,Ti,Fe,-2.8805394425833333,0.006783151749999661,0.0,0.0387731,486.0299175578124,5.124099933251409,P4/mmm,123,0.95,0.95,1.54,1.83,3.44,1.685,1.18,1.18,0.86,0.61,0.8544896934244931,0.3401360544217687,2,2,4,8,6.0,4,4,8,8,3.0,5.0,1.0,3.0,4.0,1.0,1.0,3.0,4.0,2.0,2.58,2.26,2.01,2.135,-2.8856869733318002,0.0387731,4.0
mp-1218702,Sr2TaVO6,Sr,Sr,Ta,V,-3.2635055262333337,0.008539543499999525,0.0,5.78e-05,259.8773885678864,6.429647603239678,Fm-3m,225,0.95,0.95,1.5,1.63,3.44,1.565,1.18,1.18,0.72,0.79,0.8465593946456115,0.09271523178807956,2,2,5,5,5.0,4,5,5,8,4.0,4.0,1.0,1.0,2.0,3.0,1.0,1.0,2.0,0.0,2.58,2.12,2.19,2.1550000000000002,-3.2968772077108857,5.78e-05,2.0
mp-1218705,Sr2TaFeO6,Sr,Sr,Ta,Fe,-3.043208792233334,0.008194262499985783,2.0462000000000002,0.0,258.8575427809367,6.517889790132274,Fm-3m,225,0.95,0.95,1.5,1.83,3.44,1.665,1.18,1.18,0.72,0.61,0.8834554457439674,0.16541353383458643,2,2,5,8,6.5,4,5,8,8,3.25,4.75,1.75,3.25,5.0,0.0,1.75,3.25,5.0,1.5,2.58,2.12,2.01,2.065,-3.0352243297812285,0.0,5.0
mp-1218746,Sr2MnNbO6,Sr,Sr,Mn,Nb,-2.9887050000431046,0.006156893750002723,1.5019000000000005,0.0,519.9883540974803,5.353197451166512,I4/m,87,0.95,0.95,1.55,1.6,3.44,1.5750000000000002,1.18,1.18,0.67,0.72,0.870804532439758,0.07194244604316537,2,2,7,5,6.0,4,7,5,8,4.5,3.5,2.5,1.5,4.0,1.0,2.5,1.5,4.0,1.0,2.58,2.07,2.12,2.0949999999999998,-2.9757610812490496,0.0,4.0
mp-1218744,Sr2NbFeO6,Sr,Sr,Nb,Fe,-2.895267624000001,0.028689800999998738,1.1662,4.9999212,131.3154549789393,5.310921835292194,P4/mmm,123,0.95,0.95,1.6,1.83,3.44,1.715,1.18,1.18,0.72,0.61,0.8834554457439674,0.16541353383458643,2,2,5,8,6.5,4,5,8,8,3.25,4.75,1.75,3.25,5.0,0.0,1.75,3.25,5.0,1.5,2.58,2.12,2.01,2.065,-2.9049313532459884,4.9999212,5.0
mp-1218741,Sr2NbFeO6,Sr,Sr,Nb,Fe,-2.9239574249999998,0.0,1.7829000000000002,0.0,260.5424451833529,5.353493298707535,Fm-3m,225,0.95,0.95,1.6,1.83,3.44,1.715,1.18,1.18,0.72,0.61,0.8834554457439674,0.16541353383458643,2,2,5,8,6.5,4,5,8,8,3.25,4.75,1.75,3.25,5.0,0.0,1.75,3.25,5.0,1.5,2.58,2.12,2.01,2.065,-2.892477689734199,0.0,5.0
mp-1218739,Sr2NbGaO6,Sr,Sr,Nb,Ga,-3.0536893497500004,0.014333445375006804,3.1367,8.67e-05,128.019584998801,5.627662973319254,Fm-3m,225,0.95,0.95,1.6,1.81,3.44,1.705,1.18,1.18,0.72,0.62,0.8813214953919287,0.14925373134328357,2,2,5,3,4.0,4,5,13,8,2.0,6.0,3.0,7.0,10.0,5.0,3.0,3.0,6.0,0.0,2.58,2.12,2.02,2.0700000000000003,-3.0782046630100472,8.67e-05,6.0
mp-1218740,Sr2NbCoO6,Sr,Sr,Nb,Co,-2.7776194020000013,0.008075351642827577,1.5007000000000001,0.0003928,257.1689949923689,5.463599417416301,Fm-3m,225,0.95,0.95,1.6,1.88,3.44,1.74,1.18,1.18,0.72,0.65,0.8749810529790373,0.10218978102189773,2,2,5,9,7.0,4,5,9,8,3.0,5.0,2.0,4.0,6.0,1.0,2.0,4.0,6.0,2.0,2.58,2.12,2.05,2.085,-2.806906899604198,0.0003928,6.0
mp-1218763,Sr2MnSbO6,Sr,Sr,Mn,Sb,-2.587189905793104,0.0,0.8793000000000002,3.9960282,129.89841091341515,5.726110435125269,I4/m,87,0.95,0.95,1.55,2.05,3.44,1.7999999999999998,1.18,1.18,0.67,0.76,0.862569974213377,0.1258741258741258,2,2,7,5,6.0,4,7,15,8,2.0,6.0,5.0,9.0,14.0,9.0,5.0,1.0,6.0,4.0,2.58,2.07,2.16,2.115,-2.5827008694219047,3.9960282,6.0
mp-1218765,Sr2MnCrO6,Sr,Sr,Mn,Cr,-2.5172899022931032,0.06144295611111161,0.0,3.9963066,231.9704878005839,5.414197044126647,P4/mmm,123,0.95,0.95,1.55,1.66,3.44,1.605,1.18,1.18,0.67,0.73,0.8687311883149013,0.08571428571428563,2,2,7,6,6.5,4,7,6,8,4.25,3.75,2.75,2.25,5.0,0.0,2.75,2.25,5.0,0.5,2.58,2.07,2.13,2.0999999999999996,-2.49634793624086,3.9963066,5.0
mp-1218769,Sr2MnRuO6,Sr,Sr,Mn,Ru,-2.3590672217931044,0.0,0.0,6.9597033,126.37900178153689,5.6137181248506165,I4/m,87,0.95,0.95,1.55,2.2,3.44,1.875,1.18,1.18,0.67,0.68,0.8791978291379723,0.014814814814814828,2,2,7,8,7.5,4,7,8,8,3.75,4.25,3.25,3.75,7.0,2.0,3.25,3.75,7.0,0.5,2.58,2.07,2.08,2.075,-2.325388667963947,6.9597033,7.0
mp-1218750,Sr2NbInO6,Sr,Sr,Nb,In,-2.934638608666666,0.047612209500001335,3.4558,5.56e-05,141.84586711359162,5.60702334057774,Fm-3m,225,0.95,0.95,1.6,1.78,3.44,1.69,1.18,1.18,0.72,0.8,0.8445997664172651,0.10526315789473693,2,2,5,3,4.0,4,5,13,8,2.0,6.0,3.0,7.0,10.0,5.0,3.0,3.0,6.0,0.0,2.58,2.12,2.2,2.16,-2.9438162939240446,5.56e-05,6.0
mp-1218807,Sr2HfTiO6,Sr,Sr,Hf,Ti,-3.6633444343333337,0.018669173499997527,2.4813977892091446,3.2e-05,131.48673807842167,6.284080761391532,C2/m,12,0.95,0.95,1.3,1.54,3.44,1.42,1.18,1.18,0.71,0.86,0.8349361535291958,0.19108280254777074,2,2,4,4,4.0,4,4,4,8,4.0,4.0,0.0,0.0,0.0,5.0,0.0,0.0,0.0,0.0,2.58,2.11,2.26,2.1849999999999996,-3.6417708176647077,3.2e-05,3.2e-05
mp-1218817,Sr2FeSnO6,Sr,Sr,Fe,Sn,-2.376061257499999,0.05410950975000084,0.0,4.1386319,130.47647366659444,5.673467526261544,Fm-3m,225,0.95,0.95,1.83,1.96,3.44,1.895,1.18,1.18,0.61,0.69,0.8899197538835574,0.12307692307692303,2,2,8,4,6.0,4,8,14,8,2.5,5.5,5.5,8.5,14.0,9.0,4.5,1.5,6.0,3.0,2.58,2.01,2.09,2.05,-2.3768314268900133,4.1386319,6.0
mp-1218818,Sr2FeSnO6,Sr,Sr,Fe,Sn,-2.3841321295000006,0.046038637749998834,0.0,4.0064176,130.0660214195327,5.691371414374448,P4/mmm,123,0.95,0.95,1.83,1.96,3.44,1.895,1.18,1.18,0.61,0.69,0.8899197538835574,0.12307692307692303,2,2,8,4,6.0,4,8,14,8,2.5,5.5,5.5,8.5,14.0,9.0,4.5,1.5,6.0,3.0,2.58,2.01,2.09,2.05,-2.3875846754988173,4.0064176,6.0
mp-1218821,Sr2FeSnO6,Sr,Sr,Fe,Sn,-2.3751499795000006,0.05502078774999841,0.0,4.5491405,130.69934266020445,5.663793108838158,P4/mmm,123,0.95,0.95,1.83,1.96,3.44,1.895,1.18,1.18,0.61,0.69,0.8899197538835574,0.12307692307692303,2,2,8,4,6.0,4,8,14,8,2.5,5.5,5.5,8.5,14.0,9.0,4.5,1.5,6.0,3.0,2.58,2.01,2.09,2.05,-2.3574767807502672,4.5491405,6.0
mp-1218834,Sr2FeCoO6,Sr,Sr,Fe,Co,-2.073896414,0.037504907677417876,0.0,6.6481653,117.57049228405087,5.451982922910539,P4/mmm,123,0.95,0.95,1.83,1.88,3.44,1.855,1.18,1.18,0.61,0.65,0.8986874361878289,0.06349206349206354,2,2,8,9,8.5,4,8,9,8,3.75,4.25,4.25,4.75,9.0,4.0,4.25,4.75,9.0,0.5,2.58,2.01,2.05,2.03,-2.0608499564317317,6.6481653,9.0
mp-1218824,Sr2FeSbO6,Sr,Sr,Fe,Sb,-2.5237697414999998,0.0,1.6733000000000002,5e-07,258.0865830584989,5.775725894901033,C2/m,12,0.95,0.95,1.83,2.05,3.44,1.94,1.18,1.18,0.61,0.76,0.8749810529790373,0.21897810218978103,2,2,8,5,6.5,4,8,15,8,2.25,5.75,5.75,9.25,15.0,10.0,4.25,0.75,5.0,3.5,2.58,2.01,2.16,2.085,-2.5552975846396846,5e-07,5.0
mp-1218831,Sr2FeRuO6,Sr,Sr,Fe,Ru,-2.291433211,0.0,0.0,7.8719839,125.2648997899438,5.6756691483807815,Fm-3m,225,0.95,0.95,1.83,2.2,3.44,2.015,1.18,1.18,0.61,0.68,0.892095596802588,0.10852713178294583,2,2,8,8,8.0,4,8,8,8,4.0,4.0,4.0,4.0,8.0,3.0,4.0,4.0,8.0,0.0,2.58,2.01,2.08,2.045,-2.2619024040054825,7.8719839,8.0
mp-1218837,Sr2CoSbO6,Sr,Sr,Co,Sb,-2.3680093485,0.007824560000019076,0.6470000000000002,2.3e-06,256.5900220347928,5.849383720750718,C2/m,12,0.95,0.95,1.88,2.05,3.44,1.9649999999999999,1.18,1.18,0.65,0.76,0.8666676938058397,0.15602836879432622,2,2,9,5,7.0,4,9,15,8,2.5,5.5,6.5,9.5,16.0,11.0,3.5,0.5,4.0,3.0,2.58,2.05,2.16,2.105,-2.340407521417051,2.3e-06,4.0
mp-1218833,Sr2FeCoO6,Sr,Sr,Fe,Co,-2.073011847,0.03838947467741782,0.0,6.265516,115.37620604705093,5.5556716426386155,P4/mmm,123,0.95,0.95,1.83,1.88,3.44,1.855,1.18,1.18,0.61,0.65,0.8986874361878289,0.06349206349206354,2,2,8,9,8.5,4,8,9,8,3.75,4.25,4.25,4.75,9.0,4.0,4.25,4.75,9.0,0.5,2.58,2.01,2.05,2.03,-2.0855231010301907,6.265516,9.0
mp-1218846,Sr2CoRuO6,Sr,Sr,Co,Ru,-2.1225136070000006,0.03416103499997991,0.0,5.3949598,125.39422369877433,5.710711183020284,R-3,148,0.95,0.95,1.88,2.2,3.44,2.04,1.18,1.18,0.65,0.68,0.8834554457439674,0.04511278195488726,2,2,9,8,8.5,4,9,8,8,4.25,3.75,4.75,4.25,9.0,4.0,4.75,4.25,9.0,0.5,2.58,2.05,2.08,2.065,-2.1145975363312526,5.3949598,9.0
mp-1218895,Sr2CoSbO6,Sr,Sr,Co,Sb,-1.90939908,0.46643482850001927,0.0,0.000337,160.46460279517194,4.676712096166245,Immm,71,0.95,0.95,1.88,2.05,3.44,1.9649999999999999,1.18,1.18,0.65,0.76,0.8666676938058397,0.15602836879432622,2,2,9,5,7.0,4,9,15,8,2.5,5.5,6.5,9.5,16.0,11.0,3.5,0.5,4.0,3.0,2.58,2.05,2.16,2.105,-1.8995184762743453,0.000337,4.0
mp-1219164,Sm2MnRhO6,Sm,Sm,Mn,Rh,-2.7425110407931044,0.017539728999999227,1.0375028003663989,8.0008142,243.8819458356349,7.551755842978624,P2_1/c,14,1.17,1.17,1.55,2.28,3.44,1.915,0.958,0.958,0.67,0.665,0.8064608416144518,0.007490636704119857,3,3,7,9,8.0,6,7,9,6,2.5,3.5,4.5,5.5,10.0,5.0,4.5,4.5,9.0,0.0,2.3579999999999997,2.07,2.065,2.0675,-2.7372975654766263,8.0008142,9.0
mp-1219215,Sm2VFeO6,Sm,Sm,V,Fe,-3.033228952500001,0.0,1.2647588467900093,14.0001795,241.77166485768328,6.916329399118581,P2_1/c,14,1.17,1.17,1.63,1.83,3.44,1.73,0.958,0.958,0.79,0.61,0.7939799000180375,0.25714285714285723,3,3,5,8,6.5,6,5,8,6,2.25,3.75,2.75,4.25,7.0,2.0,2.75,4.25,7.0,1.5,2.3579999999999997,2.19,2.01,2.0999999999999996,-3.0442350555769093,14.0001795,14.0001795
mp-1219251,Sm2TiCuO6,Sm,Sm,Ti,Cu,-3.1729989043333333,0.0741499702500068,0.0,1.9999,240.69379107287259,7.011138235064968,P2_1/c,14,1.17,1.17,1.54,1.9,3.44,1.72,0.958,0.958,0.86,0.77,0.7527574672857241,0.11042944785276071,3,3,4,11,7.5,6,4,11,6,1.25,4.75,2.75,6.25,9.0,4.0,2.75,3.75,6.5,1.0,2.3579999999999997,2.26,2.17,2.215,-3.1864313716920942,1.9999,6.5
mp-1219286,ScSb(PbO3)2,Pb,Pb,Sc,Sb,-2.2689200305,0.04054250189583364,2.7561,9.5e-06,137.402690098499,8.183038100030844,Imm2,44,1.8,1.8,1.36,2.05,3.44,1.705,1.19,1.19,0.745,0.76,0.8508276716716181,0.019933554817275767,2,2,3,5,4.0,4,3,15,8,1.0,7.0,2.0,8.0,10.0,5.0,2.0,2.0,4.0,0.0,2.59,2.145,2.16,2.1525,-2.269431111919829,9.5e-06,4.0
mp-1219284,ScNb(PbO3)2,Pb,Pb,Sc,Nb,-2.6439875104999992,0.04417080178124788,2.5748999999999995,4.7e-06,139.28212332698166,7.728622016379368,Fm-3m,225,1.8,1.8,1.36,1.6,3.44,1.48,1.19,1.19,0.745,0.72,0.8588072981351268,0.03412969283276454,2,2,3,5,4.0,4,3,5,8,3.5,4.5,0.0,0.5,0.5,4.5,0.0,0.5,0.5,0.5,2.59,2.145,2.12,2.1325000000000003,-2.620532930114812,4.7e-06,0.5
mp-1219299,ScMn(BiO3)2,Bi,Bi,Sc,Mn,-2.2825977797931047,0.03708168598750472,1.7530000000000001,1.2e-06,538.2372681858214,7.575274987077503,C2/c,15,1.9,1.9,1.36,1.55,3.44,1.455,1.03,1.03,0.745,0.67,0.8153117334677629,0.10600706713780912,3,3,3,7,5.0,6,3,7,6,2.0,4.0,1.0,3.0,4.0,1.0,1.0,3.0,4.0,2.0,2.4299999999999997,2.145,2.07,2.1075,-2.2717257767012162,1.2e-06,4.0
mp-1219319,Sm2CoNiO6,Sm,Sm,Co,Ni,-2.542865451,0.0,0.512,5.9965098,230.58920155931418,7.40786326720619,P2_1/c,14,1.17,1.17,1.88,1.91,3.44,1.895,0.958,0.958,0.65,0.69,0.8054868550907627,0.05970149253731333,3,3,9,10,9.5,6,9,10,6,2.75,3.25,6.25,6.75,13.0,8.0,3.75,3.25,7.0,0.5,2.3579999999999997,2.05,2.09,2.07,-2.5502777376417223,5.9965098,7.0
mp-1219893,Pr2MnRhO6,Pr,Pr,Mn,Rh,-2.691347834126438,0.016095366500000097,0.3691999999999993,8.0015967,253.36901913217727,7.021193552716032,P2_1/c,14,1.13,1.13,1.55,2.28,3.44,1.915,0.99,0.99,0.67,0.665,0.8174051787355978,0.007490636704119857,3,3,7,9,8.0,6,7,9,6,2.5,3.5,4.5,5.5,10.0,5.0,4.5,4.5,9.0,0.0,2.3899999999999997,2.07,2.065,2.0675,-2.675913859913471,8.0015967,9.0
mp-1219885,Pr2VFeO6,Pr,Pr,V,Fe,-2.987337114833333,0.0,1.1135104276008216,13.9999971,249.16676067575338,6.459081794425023,P2_1/c,14,1.13,1.13,1.63,1.83,3.44,1.73,0.99,0.99,0.79,0.61,0.8047548604932612,0.25714285714285723,3,3,5,8,6.5,6,5,8,6,2.25,3.75,2.75,4.25,7.0,2.0,2.75,4.25,7.0,1.5,2.3899999999999997,2.19,2.01,2.0999999999999996,-3.0443079672459348,13.9999971,13.9999971
mp-1220306,NbFe(PbO3)2,Pb,Pb,Nb,Fe,-2.0753227079999994,0.04742528234375243,1.8713000000000006,5.0001615,132.87058384290984,8.237644550248516,Fm-3m,225,1.8,1.8,1.6,1.83,3.44,1.715,1.19,1.19,0.72,0.61,0.8868796916577036,0.16541353383458643,2,2,5,8,6.5,4,5,8,8,3.25,4.75,1.75,3.25,5.0,0.0,1.75,3.25,5.0,1.5,2.59,2.12,2.01,2.065,-2.0523473939925574,5.0001615,5.0001615
mp-1220331,NdMg2TaO6,Mg,Mg,Nd,Ta,-3.1691000139833334,0.2521436444999985,2.6203,0.000686,269.08752342146795,5.798225554674984,Imma,74,1.31,1.31,1.14,1.5,3.44,1.3199999999999998,0.72,0.72,0.983,0.72,0.6658078508174464,0.30886670581327075,2,2,4,5,4.5,4,4,5,8,3.75,4.25,0.25,0.75,1.0,4.0,0.25,0.75,1.0,0.5,2.12,2.383,2.12,2.2515,-3.2038942895588955,0.000686,1.0
mp-1220373,NbIn(PbO3)2,Pb,Pb,Nb,In,-2.1084284946666663,0.0860635043437501,2.4059999999999997,1.99e-05,143.40459866135845,8.315407054757332,Fm-3m,225,1.8,1.8,1.6,1.78,3.44,1.69,1.19,1.19,0.72,0.8,0.8478734089227582,0.10526315789473693,2,2,5,3,4.0,4,5,13,8,2.0,6.0,3.0,7.0,10.0,5.0,3.0,3.0,6.0,0.0,2.59,2.12,2.2,2.16,-2.115677313494729,1.99e-05,6.0
mp-1220432,Nd2TiCuO6,Nd,Nd,Ti,Cu,-3.145141845833333,0.07075889350001141,0.0,1.9963113,244.3654933644864,6.73949790031398,P2_1/c,14,1.14,1.14,1.54,1.9,3.44,1.72,0.983,0.983,0.86,0.77,0.760738356463902,0.11042944785276071,3,3,4,11,7.5,6,4,11,6,1.25,4.75,2.75,6.25,9.0,4.0,2.75,3.75,6.5,1.0,2.383,2.26,2.17,2.215,-3.167535243725856,1.9963113,6.5
mp-1220528,Nd2VFeO6,Nd,Nd,V,Fe,-3.0063176375000005,0.0,0.7982103562847684,13.9999947,246.63054360160058,6.615302945080321,P2_1/c,14,1.14,1.14,1.63,1.83,3.44,1.73,0.983,0.983,0.79,0.61,0.8023978378893061,0.25714285714285723,3,3,5,8,6.5,6,5,8,6,2.25,3.75,2.75,4.25,7.0,2.0,2.75,4.25,7.0,1.5,2.383,2.19,2.01,2.0999999999999996,-3.032211267014419,13.9999947,13.9999947
mp-1220505,NbZn(PbO3)2,Pb,Pb,Nb,Zn,-1.948934633999999,0.15997867881249217,0.0,1.0000711,139.27894417932347,7.972648292819857,R3m,160,1.8,1.8,1.6,1.65,3.44,1.625,1.19,1.19,0.72,0.74,0.8598152879216704,0.02739726027397263,2,2,5,12,8.5,4,5,12,8,2.25,5.75,2.75,6.25,9.0,4.0,2.75,3.75,6.5,1.0,2.59,2.12,2.1399999999999997,2.13,-1.9257180982524287,1.0000711,6.5
mp-1220508,Nd2MnRhO6,Nd,Nd,Mn,Rh,-2.712388709293104,0.016931908749997504,0.41940000000000044,8.000931,248.81091994329853,7.238830987711852,P2_1/c,14,1.14,1.14,1.55,2.28,3.44,1.915,0.983,0.983,0.67,0.665,0.8150111049903472,0.007490636704119857,3,3,7,9,8.0,6,7,9,6,2.5,3.5,4.5,5.5,10.0,5.0,4.5,4.5,9.0,0.0,2.383,2.07,2.065,2.0675,-2.721742733319342,8.000931,9.0
mp-1220516,Nd2MnCrO6,Nd,Nd,Mn,Cr,-3.0321819742931027,0.020478805750002493,0.7909613493218353,14.0024192,244.49038633624696,6.6752158498844585,P2_1/c,14,1.14,1.14,1.55,1.66,3.44,1.605,0.983,0.983,0.67,0.73,0.8023978378893061,0.08571428571428563,3,3,7,6,6.5,6,7,6,6,3.25,2.75,3.75,3.25,7.0,2.0,3.75,3.25,7.0,0.5,2.383,2.07,2.13,2.0999999999999996,-3.0252518966584883,14.0024192,14.0024192
mp-1220545,Nd2MnFeO6,Nd,Nd,Mn,Fe,-2.8588922647931043,0.011050126500030899,0.6509764108065372,18.0000001,247.02199822009257,6.658551106834319,P2_1/c,14,1.14,1.14,1.55,1.83,3.44,1.69,0.983,0.983,0.67,0.61,0.825997774297815,0.09375000000000008,3,3,7,8,7.5,6,7,8,6,2.75,3.25,4.25,4.75,9.0,4.0,4.25,4.75,9.0,0.5,2.383,2.07,2.01,2.04,-2.859830676370688,18.0000001,18.0000001
mp-1220540,Nd2FeNiO6,Nd,Nd,Fe,Ni,-2.6136087135000006,0.0,0.0,12.0000017,238.95191246993647,6.935623196820658,P2_1/c,14,1.14,1.14,1.83,1.91,3.44,1.87,0.983,0.983,0.61,0.69,0.821968516862216,0.12307692307692303,3,3,8,10,9.0,6,8,10,6,2.5,3.5,5.5,6.5,12.0,7.0,4.5,3.5,8.0,1.0,2.383,2.01,2.09,2.05,-2.604067896955538,12.0000017,12.0000017
mp-1220568,Nd2CoNiO6,Nd,Nd,Co,Ni,-2.520333433,0.0,0.0,5.9937012,234.43533920171953,7.1129914526930955,P2_1/c,14,1.14,1.14,1.88,1.91,3.44,1.895,0.983,0.983,0.65,0.69,0.8140267920616148,0.05970149253731333,3,3,9,10,9.5,6,9,10,6,2.75,3.25,6.25,6.75,13.0,8.0,3.75,3.25,7.0,0.5,2.383,2.05,2.09,2.07,-2.5187969951787945,5.9937012,7.0
mp-1220573,Nd2MnGaO6,Nd,Nd,Mn,Ga,-2.9966127985431035,0.028785043916663255,1.2114000000000003,8.0032459,245.9571971469263,6.874767405353388,P2_1/c,14,1.14,1.14,1.55,1.81,3.44,1.6800000000000002,0.983,0.983,0.67,0.62,0.8239782198374291,0.07751937984496131,3,3,7,3,5.0,6,7,13,6,1.5,4.5,5.5,8.5,14.0,9.0,4.5,1.5,6.0,3.0,2.383,2.07,2.02,2.045,-3.022272643026875,8.0032459,8.0032459
mp-1221267,Na2TiTeO6,Na,Na,Ti,Te,-2.3572814662758623,0.0,2.4638000000000004,0.0002259,129.66479318766145,4.065300909158517,R3,146,0.93,0.93,1.54,2.1,3.44,1.82,1.02,1.02,0.86,2.21,0.5830318263957224,0.8794788273615636,1,1,4,4,4.0,2,4,4,10,5.0,5.0,0.0,0.0,0.0,5.0,0.0,0.0,0.0,0.0,2.42,2.26,3.61,2.9349999999999996,-2.3373561298869197,0.0002259,0.0002259
mp-1221355,Na2GeTeO6,Na,Na,Ge,Te,-1.9455194344425286,0.001056859500000229,2.8075000000000006,0.0002076,125.53292867417649,4.5268037795959115,R3,146,0.93,0.93,2.01,2.1,3.44,2.0549999999999997,1.02,1.02,0.73,2.21,0.5962363799552073,1.0068027210884354,1,1,4,4,4.0,2,4,4,10,5.0,5.0,0.0,0.0,0.0,5.0,0.0,0.0,0.0,0.0,2.42,2.13,3.61,2.87,-1.9553945661057548,0.0002076,0.0002076
mp-1221444,Na2BrClO6,Na,Na,Br,Cl,-1.036288809775862,0.021650089500003133,4.6949,0.0004135,307.1245704139167,2.782658499923829,P2_1,4,0.93,0.93,2.96,3.16,3.44,3.06,1.02,1.02,1.96,1.81,0.520912758134382,0.07957559681697608,1,1,4,4,4.0,2,4,4,10,5.0,5.0,0.0,0.0,0.0,5.0,0.0,0.0,0.0,0.0,2.42,3.36,3.21,3.285,-1.067420447749057,0.0004135,0.0004135
mp-1221598,MnTe(PbO3)2,Pb,Pb,Mn,Te,-1.64501356345977,0.03207465494444506,1.0191,0.0,274.98247140852254,8.368858656546605,Fm-3m,225,1.8,1.8,1.55,2.1,3.44,1.8250000000000002,1.19,1.19,0.67,2.21,0.6448614659412527,1.0694444444444444,2,2,7,4,5.5,4,7,4,8,4.75,3.25,2.25,0.75,3.0,2.0,2.25,0.75,3.0,1.5,2.59,2.07,3.61,2.84,-1.6535758666790883,0.0,3.0
mp-1221686,MnCu(SeO3)2,Se,Se,Mn,Cu,-1.327960414261853,0.057923325749993815,0.14550336759964155,8.0010753,250.1562386703747,4.943994133366598,P2_1/c,14,2.55,2.55,1.55,1.9,3.44,1.725,1.98,1.98,0.67,0.77,1.1273683586842123,0.13888888888888887,2,2,7,11,9.0,4,7,11,8,3.0,5.0,4.0,6.0,10.0,5.0,4.0,4.0,8.0,0.0,3.38,2.07,2.17,2.12,-1.2979452184491669,8.0010753,8.0010753
mp-1221785,MnCo2TeO6,Co,Co,Mn,Te,-1.56887055695977,0.016318218500001258,1.4605000000000006,21.9998294,239.37658542197647,5.499611186362753,P1,1,1.88,1.88,1.55,2.1,3.44,1.8250000000000002,0.65,0.65,0.67,2.21,0.5104115850114163,1.0694444444444444,2,2,7,4,5.5,4,7,4,8,4.75,3.25,2.25,0.75,3.0,2.0,2.25,0.75,3.0,1.5,2.05,2.07,3.61,2.84,-1.5518661221175003,21.9998294,21.9998294
mp-1221792,MnCd2TeO6,Cd,Cd,Mn,Te,-1.6566824492097694,0.0,0.5739000000000001,0.0,547.4709248237375,6.10694014688935,P1,1,1.69,1.69,1.55,2.1,3.44,1.8250000000000002,0.95,0.95,0.67,2.21,0.5851059633057698,1.0694444444444444,2,2,7,4,5.5,4,7,4,8,4.75,3.25,2.25,0.75,3.0,2.0,2.25,0.75,3.0,1.5,2.3499999999999996,2.07,3.61,2.84,-1.6636554918979265,0.0,3.0
mp-1221845,MnRe(PbO3)2,Pb,Pb,Mn,Re,-1.758100552543104,0.1039115093169638,0.0,0.0351381,287.1286926935006,8.692714891209057,Imma,74,1.8,1.8,1.55,1.9,3.44,1.725,1.19,1.19,0.67,0.63,0.893369055255199,0.06153846153846159,2,2,7,7,7.0,4,7,7,8,4.0,4.0,3.0,3.0,6.0,1.0,3.0,3.0,6.0,0.0,2.59,2.07,2.03,2.05,-1.7650857066294725,0.0351381,6.0
mp-1221840,Mn2NbFeO6,Mn,Mn,Nb,Fe,-2.2847173525862075,0.059448613166667386,1.5201000000000002,14.9997291,116.12519818552984,5.070964787210022,R3,146,1.55,1.55,1.6,1.83,3.44,1.715,0.67,0.67,0.72,0.61,0.7088189041434156,0.16541353383458643,2,2,5,8,6.5,4,5,8,8,3.25,4.75,1.75,3.25,5.0,0.0,1.75,3.25,5.0,1.5,2.07,2.12,2.01,2.065,-2.291150053610555,14.9997291,14.9997291
mp-1221899,Mn2FeSbO6,Mn,Mn,Fe,Sb,-1.9123304565862072,0.027415807750003296,1.3392999999999997,14.9999047,115.53929386162743,5.5113661587632725,R3,146,1.55,1.55,1.83,2.05,3.44,1.94,0.67,0.67,0.61,0.76,0.7020196820413205,0.21897810218978103,2,2,8,5,6.5,4,8,15,8,2.25,5.75,5.75,9.25,15.0,10.0,4.25,0.75,5.0,3.5,2.07,2.01,2.16,2.085,-1.8707954969149903,14.9999047,14.9999047
mp-1221914,Mn2CdTeO6,Mn,Mn,Cd,Te,-1.7823635472528736,0.006103966874999145,1.0581,20.000551,264.1037783191419,5.606939514789488,P1,1,1.55,1.55,1.69,2.1,3.44,1.895,0.67,0.67,0.95,2.21,0.4911782003544138,0.7974683544303797,2,2,12,4,8.0,4,12,4,8,6.0,2.0,6.0,2.0,8.0,3.0,4.0,2.0,6.0,2.0,2.07,2.3499999999999996,3.61,2.9799999999999995,-1.7747248382082426,20.000551,20.000551
mp-1222010,MgTi(BiO3)2,Bi,Bi,Mg,Ti,-2.4943756048333334,0.010611021500000817,2.7861000000000002,5.9e-05,129.46184372696607,7.517971380721917,R3,146,1.9,1.9,1.31,1.54,3.44,1.425,1.03,1.03,0.72,0.86,0.7845979352891828,0.17721518987341772,3,3,4,4,4.0,6,4,4,6,3.0,3.0,1.0,1.0,2.0,3.0,1.0,1.0,2.0,0.0,2.4299999999999997,2.12,2.26,2.19,-2.485774771889512,5.9e-05,2.0
mp-1222032,Mn2InSbO6,Mn,Mn,In,Sb,-2.023156045752873,0.0,0.48989943424636007,20.0006207,259.1892627319183,5.669265130536759,P1,1,1.55,1.55,1.78,2.05,3.44,1.915,0.67,0.67,0.8,0.76,0.671427081218419,0.05128205128205133,2,2,3,5,4.0,4,13,15,8,3.5,4.5,9.5,10.0,19.5,14.5,0.5,0.0,0.5,0.5,2.07,2.2,2.16,2.18,-2.002550376672236,20.0006207,20.0006207
mp-1222171,MgTe(PbO3)2,Pb,Pb,Mg,Te,-1.8602818261666663,0.023335379111109056,2.282800000000001,0.0,132.06734851643827,8.327397819783776,P1,1,1.8,1.8,1.31,2.1,3.44,1.705,1.19,1.19,0.72,2.21,0.6392344025386241,1.0170648464163823,2,2,4,4,4.0,4,4,4,8,4.0,4.0,0.0,0.0,0.0,5.0,0.0,0.0,0.0,0.0,2.59,2.12,3.61,2.865,-1.855506042986136,0.0,0.0
mp-1222460,Lu2TiCuO6,Lu,Lu,Ti,Cu,-3.1662630856666665,0.1569897632499977,0.0,1.0642043,122.31722888023094,7.566313421071017,P-6m2,187,1.0,1.0,1.54,1.9,3.44,1.72,0.861,0.861,0.86,0.77,0.7217916172743946,0.11042944785276071,3,3,4,11,7.5,6,4,11,6,1.25,4.75,2.75,6.25,9.0,4.0,2.75,3.75,6.5,1.0,2.261,2.26,2.17,2.215,-3.1714439285830807,1.0642043,6.5
mp-1222711,Li2GeTeO6,Li,Li,Ge,Te,-2.0130207098333335,0.0,3.0469999999999997,0.0002232,109.02474220222855,4.723365621317045,R3,146,0.98,0.98,2.01,2.1,3.44,2.0549999999999997,0.76,0.76,0.73,2.21,0.532177925910433,1.0068027210884354,1,1,4,4,4.0,2,4,4,10,5.0,5.0,0.0,0.0,0.0,5.0,0.0,0.0,0.0,0.0,2.16,2.13,3.61,2.87,-2.016947706815033,0.0002232,0.0002232
mp-1223138,La2TiMnO6,La,La,Ti,Mn,-3.4657580808764386,0.024299401000000387,2.1708999999999996,0.0,521.5773380164424,6.0695389031545,P2_1/c,14,1.1,1.1,1.54,1.55,3.44,1.545,1.032,1.032,0.86,0.67,0.7943111740626714,0.24836601307189535,3,3,4,7,5.5,6,4,7,6,2.25,3.75,1.75,3.25,5.0,0.0,1.75,3.25,5.0,1.5,2.432,2.26,2.07,2.165,-3.4671901060647197,0.0,5.0
mp-1223155,La2NbCrO6,La,La,Nb,Cr,-3.1323385759999995,0.1890427633333438,0.0,2.9978981,134.50823313583243,6.403607433253867,I4/m,87,1.1,1.1,1.6,1.66,3.44,1.63,1.032,1.032,0.72,0.73,0.8092629138097334,0.013793103448275874,3,3,5,6,5.5,6,5,6,6,2.75,3.25,2.25,2.75,5.0,0.0,2.25,2.75,5.0,0.5,2.432,2.12,2.13,2.125,-3.1330830207301963,2.9978981,5.0
mp-1223189,La2TiCuO6,La,La,Ti,Cu,-3.1930076553333335,0.07909486175000069,0.0,2.0007747,251.98943998554654,6.394929340299817,P2_1/c,14,1.1,1.1,1.54,1.9,3.44,1.72,1.032,1.032,0.86,0.77,0.7763808992531303,0.11042944785276071,3,3,4,11,7.5,6,4,11,6,1.25,4.75,2.75,6.25,9.0,4.0,2.75,3.75,6.5,1.0,2.432,2.26,2.17,2.215,-3.178455064460594,2.0007747,6.5
mp-1223208,La2MgZrO6,La,La,Mg,Zr,-3.5129807365,0.21379715112500008,2.9555,0.000496,133.792146864369,6.073316928205439,Fm-3m,225,1.1,1.1,1.31,1.33,3.44,1.32,1.032,1.032,0.72,0.72,0.8111715527573977,0.0,3,3,4,4,4.0,6,4,4,6,3.0,3.0,1.0,1.0,2.0,3.0,1.0,1.0,2.0,0.0,2.432,2.12,2.12,2.12,-3.511941818783854,0.000496,2.0
mp-1223214,La2NiRhO6,La,La,Ni,Rh,-2.5721824465,0.0,0.0,4.0075536,504.685308931623,7.046474018795043,P2_1/c,14,1.1,1.1,1.91,2.28,3.44,2.0949999999999998,1.032,1.032,0.69,0.665,0.8277659166525553,0.036900369003689905,3,3,10,9,9.5,6,10,9,6,3.25,2.75,6.75,6.25,13.0,8.0,3.25,3.75,7.0,0.5,2.432,2.09,2.065,2.0774999999999997,-2.557529644955688,4.0075536,7.0
mp-1223253,La2MnNiO6,La,La,Mn,Ni,-2.823589000793104,0.047653019666652696,1.5804999999999998,5.0000052,119.90011867273616,6.75071180211806,R-3,148,1.1,1.1,1.55,1.91,3.44,1.73,1.032,1.032,0.67,0.69,0.8267710056950401,0.029411764705882217,3,3,7,10,8.5,6,7,10,6,2.25,3.75,4.75,6.25,11.0,6.0,4.75,3.75,8.5,1.0,2.432,2.07,2.09,2.08,-2.8252033323952754,5.0000052,8.5
mp-1223246,La2GaNiO6,La,La,Ga,Ni,-2.75679734275,0.04675565452500052,0.0,0.993605,120.20615480092155,6.937765732464196,R-3,148,1.1,1.1,1.81,1.91,3.44,1.8599999999999999,1.032,1.032,0.62,0.69,0.8368290471268534,0.1068702290076335,3,3,3,10,6.5,6,13,10,6,3.75,2.25,9.25,7.75,17.0,12.0,0.75,2.25,3.0,1.5,2.432,2.02,2.09,2.0549999999999997,-2.755224638943678,0.993605,3.0
mp-1223257,La2CrMoO6,La,La,Cr,Mo,-3.0065328050000018,0.03168553824999876,0.0,0.0002191,129.72997323977208,6.678297577934809,I4/m,87,1.1,1.1,1.66,2.16,3.44,1.9100000000000001,1.032,1.032,0.73,0.69,0.8150159676993761,0.056338028169014134,3,3,6,6,6.0,6,6,6,6,3.0,3.0,3.0,3.0,6.0,1.0,3.0,3.0,6.0,0.0,2.432,2.13,2.09,2.11,-3.046496818690644,0.0002191,6.0
mp-1223233,La2VFeO6,La,La,V,Fe,-3.0638049080000016,0.0023092195000007365,1.2551999999999994,5.9998146,251.05336223850594,6.357571477924506,P2_1/c,14,1.1,1.1,1.63,1.83,3.44,1.73,1.032,1.032,0.79,0.61,0.8188969961169922,0.25714285714285723,3,3,5,8,6.5,6,5,8,6,2.25,3.75,2.75,4.25,7.0,2.0,2.75,4.25,7.0,1.5,2.432,2.19,2.01,2.0999999999999996,-3.045478354505952,5.9998146,7.0
mp-1223254,LaMg2TaO6,Mg,Mg,La,Ta,-3.1915795407333336,0.25144425424999994,2.6145000000000005,0.0002862,273.48198552947605,5.640251289843656,Imma,74,1.31,1.31,1.1,1.5,3.44,1.3,0.72,0.72,1.032,0.72,0.6586407627923906,0.35616438356164387,2,2,4,5,4.5,4,3,5,8,3.5,4.5,0.0,0.5,0.5,4.5,0.0,0.5,0.5,0.5,2.12,2.432,2.12,2.276,-3.1846497712153736,0.0002862,0.5
mp-1223259,La2CoNiO6,La,La,Co,Ni,-2.5727587150000004,0.0,1.0061999999999998,2.9983552,117.11177298546602,6.968088929555065,R-3,148,1.1,1.1,1.88,1.91,3.44,1.895,1.032,1.032,0.65,0.69,0.8307650685244847,0.05970149253731333,3,3,9,10,9.5,6,9,10,6,2.75,3.25,6.25,6.75,13.0,8.0,3.75,3.25,7.0,0.5,2.432,2.05,2.09,2.07,-2.5527985128028075,2.9983552,7.0
mp-1223269,La2GaCoO6,La,La,Ga,Co,-2.8300390367500006,0.03516374857143578,1.7714999999999996,0.0012808,119.32715366567061,6.992208436588142,R-3,148,1.1,1.1,1.81,1.88,3.44,1.845,1.032,1.032,0.62,0.65,0.8450534112263801,0.04724409448818902,3,3,3,9,6.0,6,13,9,6,4.0,2.0,9.0,7.0,16.0,11.0,1.0,3.0,4.0,2.0,2.432,2.02,2.05,2.035,-2.8879641443138744,0.0012808,4.0
mp-1223282,KSr(BiO3)2,Bi,Bi,K,Sr,-1.8965669487250003,0.02003490675000119,0.0,0.0002262,156.4881559988625,6.798384781641804,I-42m,121,1.9,1.9,0.82,0.95,3.44,0.885,1.03,1.03,1.38,1.18,0.6411453277176531,0.15625,3,3,4,4,4.0,6,4,4,6,3.0,3.0,1.0,1.0,2.0,3.0,1.0,1.0,2.0,0.0,2.4299999999999997,2.78,2.58,2.6799999999999997,-1.8547994546293858,0.0002262,2.0
mp-1223338,La2MnRhO6,La,La,Mn,Rh,-2.762642829793104,0.11387932261666656,0.3487,0.0027654,511.0970741423421,6.909271136406653,P2_1/c,14,1.1,1.1,1.55,2.28,3.44,1.915,1.032,1.032,0.67,0.665,0.8317696212071021,0.007490636704119857,3,3,7,9,8.0,6,7,9,6,2.5,3.5,4.5,5.5,10.0,5.0,4.5,4.5,9.0,0.0,2.432,2.07,2.065,2.0675,-2.7654346223562074,0.0027654,9.0
mp-1223335,La2FeNiO6,La,La,Fe,Ni,-2.6623312690000005,0.00032399524999959795,0.0,12.0033732,243.40389719281163,6.663140481832817,P2_1/c,14,1.1,1.1,1.83,1.91,3.44,1.87,1.032,1.032,0.61,0.69,0.8388700935832603,0.12307692307692303,3,3,8,10,9.0,6,8,10,6,2.5,3.5,5.5,6.5,12.0,7.0,4.5,3.5,8.0,1.0,2.432,2.01,2.09,2.05,-2.64016761266525,12.0033732,12.0033732
mp-1223342,La2MnCrO6,La,La,Mn,Cr,-3.080841242293104,0.08510283026189747,0.8720999999999997,0.0004551,248.86187029658777,6.4155269502855905,P2_1/c,14,1.1,1.1,1.55,1.66,3.44,1.605,1.032,1.032,0.67,0.73,0.8188969961169922,0.08571428571428563,3,3,7,6,6.5,6,7,6,6,3.25,2.75,3.75,3.25,7.0,2.0,3.75,3.25,7.0,0.5,2.432,2.07,2.13,2.0999999999999996,-3.1016393608356148,0.0004551,7.0
mp-1223350,La2GaFeO6,La,La,Ga,Fe,-2.972531340000001,0.01917127832144594,2.3084827026457573,1.3e-06,494.4240699650462,6.708672271427495,P2_1/c,14,1.1,1.1,1.81,1.83,3.44,1.82,1.032,1.032,0.62,0.61,0.8534410381368157,0.016260162601626032,3,3,3,8,5.5,6,13,8,6,4.25,1.75,8.75,6.25,15.0,10.0,1.25,3.75,5.0,2.5,2.432,2.02,2.01,2.0149999999999997,-2.9602758618987495,1.3e-06,5.0
mp-1223352,La2MnGaO6,La,La,Mn,Ga,-3.0415454900431045,0.09733418913435976,1.1498,8.0009882,249.69839729984707,6.629808095403925,P2_1/c,14,1.1,1.1,1.55,1.81,3.44,1.6800000000000002,1.032,1.032,0.67,0.62,0.8409211207069357,0.07751937984496131,3,3,7,3,5.0,6,7,13,6,1.5,4.5,5.5,8.5,14.0,9.0,4.5,1.5,6.0,3.0,2.432,2.07,2.02,2.045,-3.062613801306578,8.0009882,8.0009882
mp-1223365,La2CuRhO6,La,La,Cu,Rh,-2.49391497,0.00973150887500207,0.0,3.9996302,256.2917784314245,7.0007779152341385,P2_1/c,14,1.1,1.1,1.9,2.28,3.44,2.09,1.032,1.032,0.77,0.665,0.8121292523474303,0.1463414634146341,3,3,11,9,10.0,6,11,9,6,3.5,2.5,7.5,6.5,14.0,9.0,2.5,3.5,6.0,1.0,2.432,2.17,2.065,2.1174999999999997,-2.506390349213916,3.9996302,6.0
mp-1223380,La2MnRuO6,La,La,Mn,Ru,-2.777096221293104,0.12596189491665832,0.0,9.9909971,263.29795535273655,6.682764740263656,P2_1/c,14,1.1,1.1,1.55,2.2,3.44,1.875,1.032,1.032,0.67,0.68,0.8287632249858715,0.014814814814814828,3,3,7,8,7.5,6,7,8,6,2.75,3.25,4.25,4.75,9.0,4.0,4.25,4.75,9.0,0.5,2.432,2.07,2.08,2.075,-2.7388155942157684,9.9909971,9.9909971
mp-1223369,La2CrFeO6,La,La,Cr,Fe,-3.0198594224999993,0.004915151750001456,2.254600000000001,15.9996153,248.41624954364548,6.43916051042265,P2_1/c,14,1.1,1.1,1.66,1.83,3.44,1.745,1.032,1.032,0.73,0.61,0.8307650685244847,0.17910447761194032,3,3,6,8,7.0,6,6,8,6,2.5,3.5,3.5,4.5,8.0,3.0,3.5,4.5,8.0,1.0,2.432,2.13,2.01,2.07,-3.023673070515266,15.9996153,15.9996153
mp-1223373,La2FeCoO6,La,La,Fe,Co,-2.699818660000001,0.026607310999999356,0.0,13.9983729,244.31530193603427,6.64154363601094,P2_1/c,14,1.1,1.1,1.83,1.88,3.44,1.855,1.032,1.032,0.61,0.65,0.8471348235693023,0.06349206349206354,3,3,8,9,8.5,6,8,9,6,2.75,3.25,5.25,5.75,11.0,6.0,4.75,4.25,9.0,0.5,2.432,2.01,2.05,2.03,-2.6954700025364065,13.9983729,13.9983729
mp-1224098,Ho2TiCuO6,Ho,Ho,Ti,Cu,-3.1282058333333316,0.17276063400000652,0.0,1.0538283,127.21898031170431,7.012773485483842,P-6m2,187,1.23,1.23,1.54,1.9,3.44,1.72,0.9010000000000001,0.9010000000000001,0.86,0.77,0.734561039959479,0.11042944785276071,3,3,4,11,7.5,6,4,11,6,1.25,4.75,2.75,6.25,9.0,4.0,2.75,3.75,6.5,1.0,2.301,2.26,2.17,2.215,-3.1108044787195563,1.0538283,6.5
mp-1224186,Ho2VFeO6,Ho,Ho,V,Fe,-3.0676644084999998,0.0235893203125066,0.0,14.0001996,224.35547827660008,7.884589355891847,P2_1/c,14,1.23,1.23,1.63,1.83,3.44,1.73,0.9010000000000001,0.9010000000000001,0.79,0.61,0.7747870016715457,0.25714285714285723,3,3,5,8,6.5,6,5,8,6,2.25,3.75,2.75,4.25,7.0,2.0,2.75,4.25,7.0,1.5,2.301,2.19,2.01,2.0999999999999996,-3.057750770740548,14.0001996,14.0001996
mp-1224442,HfTi(PbO3)2,Pb,Pb,Hf,Ti,-2.8391513043333334,0.02608136815624995,2.2028,5.45e-05,137.27730379594217,8.911945172511517,I4mm,107,1.8,1.8,1.3,1.54,3.44,1.42,1.19,1.19,0.71,0.86,0.8381723401707818,0.19108280254777074,2,2,4,4,4.0,4,4,4,8,4.0,4.0,0.0,0.0,0.0,5.0,0.0,0.0,0.0,0.0,2.59,2.11,2.26,2.1849999999999996,-2.836142926230462,5.45e-05,5.45e-05
mp-1224741,Gd2TiCuO6,Gd,Gd,Ti,Cu,-3.168347529333333,0.08291255149999799,0.0,25.9940336,234.9445198947198,7.377494478483241,P2_1/c,14,1.2,1.2,1.54,1.9,3.44,1.72,0.938,0.938,0.86,0.77,0.746372755943182,0.11042944785276071,3,3,4,11,7.5,6,4,11,6,1.25,4.75,2.75,6.25,9.0,4.0,2.75,3.75,6.5,1.0,2.338,2.26,2.17,2.215,-3.1610483092840083,25.9940336,25.9940336
mp-1224833,Gd2MnCoO6,Gd,Gd,Mn,Co,-2.8105339522931048,0.0,1.3117,40.0000002,227.28072273246812,7.662180428054306,P2_1/c,14,1.2,1.2,1.55,1.88,3.44,1.7149999999999999,0.938,0.938,0.67,0.65,0.8025318710748292,0.030303030303030328,3,3,7,9,8.0,6,7,9,6,2.5,3.5,4.5,5.5,10.0,5.0,4.5,4.5,9.0,0.0,2.338,2.07,2.05,2.0599999999999996,-2.7624656405883394,40.0000002,40.0000002
mp-1224899,FeRe(PbO3)2,Pb,Pb,Fe,Re,-1.6717048762499993,0.08009710981696472,0.0,3.0152008,130.10030472860998,9.603897301799138,I4mm,107,1.8,1.8,1.83,1.9,3.44,1.865,1.19,1.19,0.61,0.63,0.9066369125114643,0.03225806451612906,2,2,8,7,7.5,4,8,7,8,4.25,3.75,3.75,3.25,7.0,2.0,3.75,3.25,7.0,0.5,2.59,2.01,2.03,2.0199999999999996,-1.672857252190671,3.0152008,7.0
mp-1225028,FeCo(BiO3)2,Bi,Bi,Fe,Co,-1.518898982000001,0.047762016500001,0.5354999999999999,8.9991275,138.24141355107727,7.552293199205443,P4mm,99,1.9,1.9,1.83,1.88,3.44,1.855,1.03,1.03,0.61,0.65,0.8464381666420248,0.06349206349206354,3,3,8,9,8.5,6,8,9,6,2.75,3.25,5.25,5.75,11.0,6.0,4.75,4.25,9.0,0.5,2.4299999999999997,2.01,2.05,2.03,-1.5148770010657016,8.9991275,9.0
mp-1225056,GaFe(BiO3)2,Bi,Bi,Ga,Fe,-1.7726048377500008,0.04735103725000123,1.6717000000000004,5.0013741,132.33017920899317,8.025052081896568,P1,1,1.9,1.9,1.81,1.83,3.44,1.82,1.03,1.03,0.62,0.61,0.8527391951778216,0.016260162601626032,3,3,3,8,5.5,6,13,8,6,4.25,1.75,8.75,6.25,15.0,10.0,1.25,3.75,5.0,2.5,2.4299999999999997,2.02,2.01,2.0149999999999997,-1.7515917498298486,5.0013741,5.0013741
mp-1225111,FeCu2SbO6,Cu,Cu,Fe,Sb,-1.4126161662499996,0.06514269475000134,0.4014999999999995,20.0000001,455.77449168217026,5.839440841918604,Ibca,73,1.9,1.9,1.83,2.05,3.44,1.94,0.77,0.77,0.61,0.76,0.7359336763428336,0.21897810218978103,2,2,8,5,6.5,4,8,15,8,2.25,5.75,5.75,9.25,15.0,10.0,4.25,0.75,5.0,3.5,2.17,2.01,2.16,2.085,-1.39050564759084,20.0000001,20.0000001
mp-1225231,Gd2VFeO6,Gd,Gd,V,Fe,-3.0350072365000003,0.0012989157500076232,1.6075,37.9999995,237.94570665393204,7.219869416543162,P2_1/c,14,1.2,1.2,1.63,1.83,3.44,1.73,0.938,0.938,0.79,0.61,0.787245549721023,0.25714285714285723,3,3,5,8,6.5,6,5,8,6,2.25,3.75,2.75,4.25,7.0,2.0,2.75,4.25,7.0,1.5,2.338,2.19,2.01,2.0999999999999996,-3.0112666303887927,37.9999995,37.9999995
mp-1225428,Dy2VFeO6,Dy,Dy,V,Fe,-3.0614566428333325,0.023038897500006428,1.3296000000000001,13.999983,225.52551510677046,7.772106184464154,P2_1/c,14,1.22,1.22,1.63,1.83,3.44,1.73,1.07,1.07,0.79,0.61,0.8316922616813202,0.25714285714285723,3,3,5,8,6.5,6,5,8,6,2.25,3.75,2.75,4.25,7.0,2.0,2.75,4.25,7.0,1.5,2.4699999999999998,2.19,2.01,2.0999999999999996,-3.048682038392749,13.999983,13.999983
mp-1225458,Dy2TiCuO6,Dy,Dy,Ti,Cu,-3.1183329576666656,0.17816540550000504,0.0,1.0505369,130.2932555886354,6.785359728453731,P-6m2,187,1.22,1.22,1.54,1.9,3.44,1.72,1.07,1.07,0.86,0.77,0.7885118508039604,0.11042944785276071,3,3,4,11,7.5,6,4,11,6,1.25,4.75,2.75,6.25,9.0,4.0,2.75,3.75,6.5,1.0,2.4699999999999998,2.26,2.17,2.215,-3.1411930559212755,1.0505369,6.5
mp-1225669,Eu2TiCuO6,Eu,Eu,Ti,Cu,-2.809159832833334,0.1544020697500077,0.0,28.4424941,237.32923809471347,7.155424564765305,P2_1/c,14,1.5,1.5,1.54,1.9,3.44,1.72,1.17,1.17,0.86,0.77,0.8204354075166713,0.11042944785276071,3,3,4,11,7.5,6,4,11,6,1.25,4.75,2.75,6.25,9.0,4.0,2.75,3.75,6.5,1.0,2.57,2.26,2.17,2.215,-2.7764912021873123,28.4424941,28.4424941
mp-1225732,Er2VFeO6,Er,Er,V,Fe,-3.0751472900000003,0.026857303875006622,1.4206000000000003,13.9999864,221.42688538827176,8.058724527975816,P2_1/c,14,1.24,1.24,1.63,1.83,3.44,1.73,0.89,0.89,0.79,0.61,0.7710831090081876,0.25714285714285723,3,3,5,8,6.5,6,5,8,6,2.25,3.75,2.75,4.25,7.0,2.0,2.75,4.25,7.0,1.5,2.29,2.19,2.01,2.0999999999999996,-3.098074197860374,13.9999864,13.9999864
mp-1225752,Er2TiCuO6,Er,Er,Ti,Cu,-3.1416562813333337,0.16736354775000528,0.0,1.0410385,126.39610684594511,7.119615015635314,P-6m2,187,1.24,1.24,1.54,1.9,3.44,1.72,0.89,0.89,0.86,0.77,0.7310494487210808,0.11042944785276071,3,3,4,11,7.5,6,4,11,6,1.25,4.75,2.75,6.25,9.0,4.0,2.75,3.75,6.5,1.0,2.29,2.26,2.17,2.215,-3.135603572028553,1.0410385,6.5
mp-1225753,Eu2MnRhO6,Eu,Eu,Mn,Rh,-2.4150232312931066,0.0907305520833308,0.0,31.9999204,245.69034319707671,7.539534944772236,P2_1/c,14,1.5,1.5,1.55,2.28,3.44,1.915,1.17,1.17,0.67,0.665,0.8789670750420445,0.007490636704119857,3,3,7,9,8.0,6,7,9,6,2.5,3.5,4.5,5.5,10.0,5.0,4.5,4.5,9.0,0.0,2.57,2.07,2.065,2.0675,-2.4301087482934935,31.9999204,31.9999204
mp-1225793,La2TiCrO6,La,La,Ti,Cr,-3.3934139033333324,0.087445193166662,0.0,2.0004393,123.73043377155629,6.356950731012,R-3,148,1.1,1.1,1.54,1.66,3.44,1.6,1.032,1.032,0.86,0.73,0.7834549848955279,0.16352201257861637,3,3,4,6,5.0,6,4,6,6,2.5,3.5,1.5,2.5,4.0,1.0,1.5,2.5,4.0,1.0,2.432,2.26,2.13,2.195,-3.3946966702651924,2.0004393,4.0
mp-1225905,Cu2NiTeO6,Cu,Cu,Ni,Te,-1.1860025569166672,0.03804160874999596,0.2721,8.0025325,451.2515523105936,6.025858255990178,I2_12_12_1,24,1.9,1.9,1.91,2.1,3.44,2.005,0.77,0.77,0.69,2.21,0.5383935842718625,1.0482758620689656,2,2,10,4,7.0,4,10,4,8,5.5,2.5,4.5,1.5,6.0,1.0,4.5,1.5,6.0,3.0,2.17,2.09,3.61,2.8499999999999996,-1.1794273087105975,8.0025325,8.0025325
mp-1226159,CoCu2TeO6,Cu,Cu,Co,Te,-1.1963805169166661,0.05066418649999882,0.0,12.1780605,454.5850858688037,5.985173584574072,I2_12_12_1,24,1.9,1.9,1.88,2.1,3.44,1.99,0.77,0.77,0.65,2.21,0.5421984859274939,1.090909090909091,2,2,9,4,6.5,4,9,4,8,5.25,2.75,3.75,1.25,5.0,0.0,3.75,1.25,5.0,2.5,2.17,2.05,3.61,2.83,-1.1899533726076608,12.1780605,12.1780605
mp-1226251,CrGa(BiO3)2,Bi,Bi,Cr,Ga,-1.9517191542500008,0.03311082474997029,2.0431,4.78e-05,500.66554013289397,8.433297255140241,R3,146,1.9,1.9,1.66,1.81,3.44,1.7349999999999999,1.03,1.03,0.73,0.62,0.8280816762811133,0.16296296296296292,3,3,6,3,4.5,6,6,13,6,1.25,4.75,4.75,8.25,13.0,8.0,4.75,1.75,6.5,3.0,2.4299999999999997,2.13,2.02,2.075,-1.943280739165295,4.78e-05,6.5
mp-1226407,Dy2MnCoO6,Dy,Dy,Mn,Co,-2.4278435226264365,0.4251093479444439,0.6013,12.0000677,262.8239538876104,6.758658027805478,P2_1/c,14,1.22,1.22,1.55,1.88,3.44,1.7149999999999999,1.07,1.07,0.67,0.65,0.8478416259858117,0.030303030303030328,3,3,7,9,8.0,6,7,9,6,2.5,3.5,4.5,5.5,10.0,5.0,4.5,4.5,9.0,0.0,2.4699999999999998,2.07,2.05,2.0599999999999996,-2.3955692972452636,12.0000677,12.0000677
mp-1227065,CaLa2ZrO6,La,La,Ca,Zr,-3.373393578000001,0.4069263541249981,2.2496,3.57e-05,151.2749720507644,5.544564191787979,Fm-3m,225,1.1,1.1,1.0,1.33,3.44,1.165,1.032,1.032,1.0,0.72,0.7609219875423379,0.32558139534883723,3,3,4,4,4.0,6,4,4,6,3.0,3.0,1.0,1.0,2.0,3.0,1.0,1.0,2.0,0.0,2.432,2.4,2.12,2.26,-3.3643228919697212,3.57e-05,2.0
mp-1227405,Ca2NdTaO6,Ca,Ca,Nd,Ta,-3.5639388009833333,0.0,4.256600000000001,0.0014425,275.7413207056401,6.038256730699713,Pc,7,1.0,1.0,1.14,1.5,3.44,1.3199999999999998,1.0,1.0,0.983,0.72,0.7537447367744676,0.30886670581327075,2,2,4,5,4.5,4,4,5,8,3.75,4.25,0.25,0.75,1.0,4.0,0.25,0.75,1.0,0.5,2.4,2.383,2.12,2.2515,-3.5688219336891462,0.0014425,1.0
mp-1227402,Ca2IrPtO6,Ca,Ca,Ir,Pt,-2.0469933670000002,0.005005879333331187,0.0,0.999902,118.00637662699499,7.928693439789705,C2/m,12,1.0,1.0,2.2,2.2,3.44,2.2,1.0,1.0,0.68,0.8,0.7930169508634178,0.16216216216216217,2,2,9,10,9.5,4,9,10,8,3.75,4.25,5.25,5.75,11.0,6.0,4.75,4.25,9.0,0.5,2.4,2.08,2.2,2.14,-2.027711623634233,0.999902,9.0
mp-1227404,Ca2IrRhO6,Ca,Ca,Ir,Rh,-2.1061843769999995,0.0,0.0,2.0008454,112.93544875290902,6.92936002196749,C2/m,12,1.0,1.0,2.2,2.28,3.44,2.24,1.0,1.0,0.68,0.665,0.8188450059578837,0.022304832713754663,2,2,9,9,9.0,4,9,9,8,4.0,4.0,5.0,5.0,10.0,5.0,5.0,5.0,10.0,0.0,2.4,2.08,2.065,2.0725,-2.0823949672215067,2.0008454,10.0
mp-1227428,Ce2VFeO6,Ce,Ce,V,Fe,-3.0642912280000005,0.07380335206249633,0.0,14.0014542,248.86043750087185,6.445902935597602,P2_1/c,14,1.12,1.12,1.63,1.83,3.44,1.73,1.01,1.01,0.79,0.61,0.811489210790276,0.25714285714285723,3,3,5,8,6.5,6,5,8,6,2.25,3.75,2.75,4.25,7.0,2.0,2.75,4.25,7.0,1.5,2.41,2.19,2.01,2.0999999999999996,-3.0888433843027405,14.0014542,14.0014542
mp-1227481,Ca2NdRuO6,Ca,Ca,Nd,Ru,-2.8290843822499996,0.0,0.49929999999999986,5.9986252,268.65831785907443,5.210023705471415,Pc,7,1.0,1.0,1.14,2.2,3.44,1.67,1.0,1.0,0.983,0.68,0.7605002351995133,0.36440168370414905,2,2,4,8,6.0,4,4,8,8,3.0,5.0,1.0,3.0,4.0,1.0,1.0,3.0,4.0,2.0,2.4,2.383,2.08,2.2315,-2.8171363808530026,5.9986252,5.9986252
mp-1227471,Ca2NdNbO6,Ca,Ca,Nd,Nb,-3.444371812749999,0.00239325275000013,3.5065,0.0013238,277.06812400694406,4.9540313947331525,Pc,7,1.0,1.0,1.14,1.6,3.44,1.37,1.0,1.0,0.983,0.72,0.7537447367744676,0.30886670581327075,2,2,4,5,4.5,4,4,5,8,3.75,4.25,0.25,0.75,1.0,4.0,0.25,0.75,1.0,0.5,2.4,2.383,2.12,2.2515,-3.4303483579037812,0.0013238,1.0
mp-1227487,Ca2MgReO6,Ca,Ca,Mg,Re,-2.8670945342500005,0.0,0.0,2.0034035,236.25960556021627,5.435303603745867,P2_1/c,14,1.0,1.0,1.31,1.9,3.44,1.605,1.0,1.0,0.72,0.63,0.8178584457097415,0.13333333333333328,2,2,4,7,5.5,4,4,7,8,3.25,4.75,0.75,2.25,3.0,2.0,0.75,2.25,3.0,1.5,2.4,2.12,2.03,2.075,-2.8730458043172002,2.0034035,3.0
mp-1227469,Ca2LaSbO6,Ca,Ca,La,Sb,-3.0998927565,0.0,3.7082000000000006,0.0032419,280.69308597767525,5.168300719705707,Pc,7,1.0,1.0,1.1,2.05,3.44,1.575,1.0,1.0,1.032,0.76,0.7391360082089347,0.3035714285714286,2,2,4,5,4.5,4,3,15,8,1.0,7.0,2.0,8.0,10.0,5.0,2.0,2.0,4.0,0.0,2.4,2.432,2.16,2.2960000000000003,-3.0723786202337675,0.0032419,4.0
mp-1227477,Ca2LaTaO6,Ca,Ca,La,Ta,-3.592058270233335,0.000489894999997631,4.6036,0.0,273.732235879647,6.017829238395568,Pc,7,1.0,1.0,1.1,1.5,3.44,1.3,1.0,1.0,1.032,0.72,0.7456310522178006,0.35616438356164387,2,2,4,5,4.5,4,3,5,8,3.5,4.5,0.0,0.5,0.5,4.5,0.0,0.5,0.5,0.5,2.4,2.432,2.12,2.276,-3.5950593819739853,0.0,0.5
mp-1227483,Ca2MnSbO6,Ca,Ca,Mn,Sb,-2.601545224793104,0.012768599124996172,0.8803000000000001,0.0002039,484.9547243145564,4.83279712543442,P2_1/c,14,1.0,1.0,1.55,2.05,3.44,1.7999999999999998,1.0,1.0,0.67,0.76,0.8023906736868622,0.1258741258741258,2,2,7,5,6.0,4,7,15,8,2.0,6.0,5.0,9.0,14.0,9.0,5.0,1.0,6.0,4.0,2.4,2.07,2.16,2.115,-2.5990336957236733,0.0002039,6.0
mp-1227496,Ca2GdTaO6,Ca,Ca,Gd,Ta,-3.5718469302333333,0.015917949500007467,3.595516581981768,14.0000001,272.7983765889384,6.261758194675221,P2_1/c,14,1.0,1.0,1.2,1.5,3.44,1.35,1.0,1.0,0.938,0.72,0.7613531964323526,0.2629674306393245,2,2,4,5,4.5,4,4,5,8,3.75,4.25,0.25,0.75,1.0,4.0,0.25,0.75,1.0,0.5,2.4,2.338,2.12,2.229,-3.575308366719011,14.0000001,14.0000001
mp-1227502,Ca2NbO6F,Ca,Ca,Nb,F,-2.3636317645000005,0.42720897225001053,0.0,7.9956727,284.2873611523605,3.3651176390517774,Imma,74,1.0,1.0,1.6,3.98,3.44,2.79,1.0,1.0,0.72,1.33,0.6998170205557583,0.5951219512195124,2,2,5,4,4.5,4,5,4,8,4.25,3.75,0.75,0.25,1.0,4.0,0.75,0.25,1.0,0.5,2.4,2.12,2.73,2.425,-2.363320183548371,7.9956727,7.9956727
mp-1227519,Ca2MnNbO6,Ca,Ca,Mn,Nb,-3.0011409197931043,0.01313298337499269,0.0,5.3e-06,485.16203910755695,4.435708837469563,P2_1/c,14,1.0,1.0,1.55,1.6,3.44,1.5750000000000002,1.0,1.0,0.67,0.72,0.8100507278509376,0.07194244604316537,2,2,7,5,6.0,4,7,5,8,4.5,3.5,2.5,1.5,4.0,1.0,2.5,1.5,4.0,1.0,2.4,2.07,2.12,2.0949999999999998,-3.0230664215310084,5.3e-06,4.0
mp-1227546,Ca2LaRuO6,Ca,Ca,La,Ru,-2.8600853215,0.0003828050000000971,0.4834999999999994,6.0002936,272.4086138255952,5.073235945790327,Pc,7,1.0,1.0,1.1,2.2,3.44,1.6500000000000001,1.0,1.0,1.032,0.68,0.7522412565814334,0.41121495327102797,2,2,4,8,6.0,4,3,8,8,2.75,5.25,0.25,2.75,3.0,2.0,0.25,2.75,3.0,2.5,2.4,2.432,2.08,2.2560000000000002,-2.888886339151886,6.0002936,6.0002936
mp-1227575,Ca2MnRuO6,Ca,Ca,Mn,Ru,-2.3941978387931035,0.0,0.0,2.1036916,235.78787002117076,4.678488304108512,P2_1/c,14,1.0,1.0,1.55,2.2,3.44,1.875,1.0,1.0,0.67,0.68,0.8178584457097415,0.014814814814814828,2,2,7,8,7.5,4,7,8,8,3.75,4.25,3.25,3.75,7.0,2.0,3.25,3.75,7.0,0.5,2.4,2.07,2.08,2.075,-2.362307737528604,2.1036916,7.0
mp-1227718,Ca2TiRuO6,Ca,Ca,Ti,Ru,-2.888462365833334,0.002925520000001569,0.0,3.9594791,232.44060142982613,4.644830948389489,P2_1/c,14,1.0,1.0,1.54,2.2,3.44,1.87,1.0,1.0,0.86,0.68,0.7820535828791308,0.23376623376623368,2,2,4,8,6.0,4,4,8,8,3.0,5.0,1.0,3.0,4.0,1.0,1.0,3.0,4.0,2.0,2.4,2.26,2.08,2.17,-2.9054015927997003,3.9594791,4.0
mp-1227706,Ca2TiMnO6,Ca,Ca,Ti,Mn,-3.040507400126438,0.005292682416669692,1.6396000000000002,1.8e-06,444.49663147210015,4.168488156632314,P2_1/c,14,1.0,1.0,1.54,1.55,3.44,1.545,1.0,1.0,0.86,0.67,0.7838597112460572,0.24836601307189535,2,2,4,7,5.5,4,4,7,8,3.25,4.75,0.75,2.25,3.0,2.0,0.75,2.25,3.0,1.5,2.4,2.26,2.07,2.165,-3.0603352471155643,1.8e-06,3.0
mp-1227758,Ca2TiCrO6,Ca,Ca,Ti,Cr,-3.0898869178333337,0.029853680000000438,0.9914000000000001,3.9999843,224.05946460094722,4.091186437437827,P2_1/c,14,1.0,1.0,1.54,1.66,3.44,1.6,1.0,1.0,0.86,0.73,0.7731463666732182,0.16352201257861637,2,2,4,6,5.0,4,4,6,8,3.5,4.5,0.5,1.5,2.0,3.0,0.5,1.5,2.0,1.0,2.4,2.26,2.13,2.195,-3.132954720105408,3.9999843,3.9999843
mp-1227809,BaSr2UO6,Sr,Sr,Ba,U,-3.5103409544999997,0.011261629500001646,2.2417,0.0001965,346.055558543128,6.205314527750436,Pc,7,0.95,0.95,0.89,1.7,3.44,1.295,1.18,1.18,1.35,1.025,0.705057196313543,0.2736842105263159,2,2,4,4,4.0,4,4,4,8,4.0,4.0,0.0,0.0,0.0,5.0,0.0,0.0,0.0,0.0,2.58,2.75,2.425,2.5875,-3.5231201894537896,0.0001965,0.0001965
mp-1227834,Ca2VMoO6,Ca,Ca,V,Mo,-2.7241696865000007,0.0542694937053696,0.6882000000000001,1.34e-05,237.71578403998515,4.513039920356058,P2_1/c,14,1.0,1.0,1.63,2.16,3.44,1.895,1.0,1.0,0.79,0.69,0.7930169508634178,0.13513513513513525,2,2,5,6,5.5,4,5,6,8,3.75,4.25,1.25,1.75,3.0,2.0,1.25,1.75,3.0,0.5,2.4,2.19,2.09,2.1399999999999997,-2.7506314823681506,1.34e-05,3.0
mp-1227843,BaSr(PbO3)2,Pb,Pb,Ba,Sr,-2.1251772454999993,0.007023128750000218,0.5665,5e-05,321.08426766507307,7.605893952089712,Pmc2_1,26,1.8,1.8,0.89,0.95,3.44,0.9199999999999999,1.19,1.19,1.35,1.18,0.6872069655809222,0.13438735177865624,2,2,4,4,4.0,4,4,4,8,4.0,4.0,0.0,0.0,0.0,5.0,0.0,0.0,0.0,0.0,2.59,2.75,2.58,2.665,-2.0923369422972717,5e-05,5e-05
mp-1228067,Ba2ZrSnO6,Ba,Ba,Zr,Sn,-3.1393160845,0.0,3.6894,6.74e-05,150.10594994636702,6.422683973219878,Fm-3m,225,0.89,0.89,1.33,1.96,3.44,1.645,1.35,1.35,0.72,0.69,0.9237737046380075,0.04255319148936174,2,2,4,4,4.0,4,4,14,8,1.5,6.5,2.5,7.5,10.0,5.0,2.5,2.5,5.0,0.0,2.75,2.12,2.09,2.105,-3.1191197427131474,6.74e-05,5.0
mp-1228073,Ba2ZrInO6,Ba,Ba,Zr,In,-2.9101619606666675,0.029283884374996738,0.0,1.0018903,156.95107039066554,6.101393629018493,Fm-3m,225,0.89,0.89,1.33,1.78,3.44,1.5550000000000002,1.35,1.35,0.72,0.8,0.9002516890106507,0.10526315789473693,2,2,4,3,3.5,4,4,13,8,1.75,6.25,2.25,6.75,9.0,4.0,2.25,3.25,5.5,1.0,2.75,2.12,2.2,2.16,-2.923924967570222,1.0018903,5.5
mp-1228086,Ba2ZrWO6,Ba,Ba,Zr,W,-3.054233885,0.07647461524998711,0.0,1.9999994,148.73659909539177,7.208945176140285,Fm-3m,225,0.89,0.89,1.33,1.7,3.44,1.5150000000000001,1.35,1.35,0.72,0.66,0.9304036594559836,0.08695652173913036,2,2,4,6,5.0,4,4,6,8,3.5,4.5,0.5,1.5,2.0,3.0,0.5,1.5,2.0,1.0,2.75,2.12,2.06,2.09,-3.0091851688931137,1.9999994,2.0
mp-1228305,Ba2TbSnO6,Ba,Ba,Tb,Sn,-2.904990106166666,0.017417447687508414,0.0,0.9999782,162.1493576433022,6.63896441740588,Fm-3m,225,0.89,0.89,1.5,1.96,3.44,1.73,1.35,1.35,0.9230000000000002,0.69,0.8812796955644712,0.28890266584004987,2,2,4,4,4.0,4,4,14,8,1.5,6.5,2.5,7.5,10.0,5.0,2.5,2.5,5.0,0.0,2.75,2.323,2.09,2.2065,-2.885354796426834,0.9999782,5.0
mp-1228310,Ba2TbNbO6,Ba,Ba,Tb,Nb,-3.447831680666667,0.0036752359999994155,2.8523000000000005,2.9e-06,158.00094704004164,6.542086714882678,Fm-3m,225,0.89,0.89,1.5,1.6,3.44,1.55,1.35,1.35,0.9230000000000002,0.72,0.8753291236835496,0.24710894704808295,2,2,4,5,4.5,4,4,5,8,3.75,4.25,0.25,0.75,1.0,4.0,0.25,0.75,1.0,0.5,2.75,2.323,2.12,2.2215,-3.4543283083368395,2.9e-06,1.0
mp-1228308,Ba2TaCoO6,Ba,Ba,Ta,Co,-2.8117528207333344,0.07329586525000131,1.5327999999999995,1.21e-05,130.4683061576707,7.7705566731100575,Fm-3m,225,0.89,0.89,1.5,1.88,3.44,1.69,1.35,1.35,0.72,0.65,0.9326348432916094,0.10218978102189773,2,2,5,9,7.0,4,5,9,8,3.0,5.0,2.0,4.0,6.0,1.0,2.0,4.0,6.0,2.0,2.75,2.12,2.05,2.085,-2.861740935030806,1.21e-05,6.0
mp-1228319,Ba2TaMnO6,Ba,Ba,Ta,Mn,-3.049052465526438,0.028530789916667132,0.0,4.0000375,138.8875247347746,7.251747529556784,Fm-3m,225,0.89,0.89,1.5,1.55,3.44,1.525,1.35,1.35,0.72,0.67,0.9281831256625327,0.07194244604316537,2,2,5,7,6.0,4,5,7,8,3.5,4.5,1.5,2.5,4.0,1.0,1.5,2.5,4.0,1.0,2.75,2.12,2.07,2.0949999999999998,-3.003233614074623,4.0000375,4.0000375
mp-1228332,Ba2TlSbO6,Ba,Ba,Tl,Sb,-2.281407364333334,0.0,0.0,6.76e-05,155.42962285764233,7.4442254993249515,Fm-3m,225,0.89,0.89,1.8,2.05,3.44,1.9249999999999998,1.35,1.35,1.5,0.76,0.7685943273766821,0.6548672566371682,2,2,4,5,4.5,4,4,15,8,1.25,6.75,2.75,8.25,11.0,6.0,2.75,1.75,4.5,1.0,2.75,2.9,2.16,2.5300000000000002,-2.3091988136686057,6.76e-05,4.5
mp-1228384,Ba2PrNbO6,Ba,Ba,Pr,Nb,-3.3348272291666667,0.019589118000000738,2.8578,7.2e-06,167.8383467940379,5.980378268496588,Fm-3m,225,0.89,0.89,1.13,1.6,3.44,1.365,1.35,1.35,0.99,0.72,0.8623253429104237,0.31578947368421056,2,2,4,5,4.5,4,4,5,8,3.75,4.25,0.25,0.75,1.0,4.0,0.25,0.75,1.0,0.5,2.75,2.3899999999999997,2.12,2.255,-3.3677352041058044,7.2e-06,1.0
mp-1228382,Ba2NbCoO6,Ba,Ba,Nb,Co,-2.710650131,0.06609619024999969,1.5345999999999997,0.0002618,130.70890423744208,6.6377652055781065,Fm-3m,225,0.89,0.89,1.6,1.88,3.44,1.74,1.35,1.35,0.72,0.65,0.9326348432916094,0.10218978102189773,2,2,5,9,7.0,4,5,9,8,3.0,5.0,2.0,4.0,6.0,1.0,2.0,4.0,6.0,2.0,2.75,2.12,2.05,2.085,-2.690198722359807,0.0002618,6.0
mp-1228358,Ba2TiMnO6,Ba,Ba,Ti,Mn,-2.9717277023764384,0.019383723583304757,1.2929,0.0002258,541.3396553466218,5.809227209205672,R-3m,166,0.89,0.89,1.54,1.55,3.44,1.545,1.35,1.35,0.86,0.67,0.8981725858027739,0.24836601307189535,2,2,4,7,5.5,4,4,7,8,3.25,4.75,0.75,2.25,3.0,2.0,0.75,2.25,3.0,1.5,2.75,2.26,2.07,2.165,-2.922932654249653,0.0002258,3.0
mp-1228386,Ba2CeZrO6,Ba,Ba,Ce,Zr,-3.5827244300000003,0.03181429200000174,2.3379,0.0004494,166.49955537419177,6.003791277809774,P4/mmm,123,0.89,0.89,1.12,1.33,3.44,1.225,1.35,1.35,1.01,0.72,0.8585181670035346,0.33526011560693647,2,2,4,4,4.0,4,4,4,8,4.0,4.0,0.0,0.0,0.0,5.0,0.0,0.0,0.0,0.0,2.75,2.41,2.12,2.265,-3.55503897362979,0.0004494,0.0004494
mp-1228396,Ba2CeZrO6,Ba,Ba,Ce,Zr,-3.5803576769999994,0.034181045000002186,2.5683,0.0001582,166.50207525359932,6.0037004150983915,P4/mmm,123,0.89,0.89,1.12,1.33,3.44,1.225,1.35,1.35,1.01,0.72,0.8585181670035346,0.33526011560693647,2,2,4,4,4.0,4,4,4,8,4.0,4.0,0.0,0.0,0.0,5.0,0.0,0.0,0.0,0.0,2.75,2.41,2.12,2.265,-3.5690794945989524,0.0001582,0.0001582
mp-1228394,Ba2PrSnO6,Ba,Ba,Pr,Sn,-2.7988705726666665,0.06300197920312556,0.0,0.9999062,170.31683697780102,6.144928120368012,R-3,148,0.89,0.89,1.13,1.96,3.44,1.545,1.35,1.35,0.99,0.69,0.8680998429745561,0.3571428571428572,2,2,4,4,4.0,4,4,14,8,1.5,6.5,2.5,7.5,10.0,5.0,2.5,2.5,5.0,0.0,2.75,2.3899999999999997,2.09,2.2399999999999998,-2.7869754858333606,0.9999062,5.0
mp-1228392,Ba2CePbO6,Ba,Ba,Ce,Pb,-2.8738340829999993,0.0,2.3054,0.0001419,170.76873246930134,6.98143764454166,R-3,148,0.89,0.89,1.12,1.8,3.44,1.46,1.35,1.35,1.01,1.19,0.7778174593052023,0.16363636363636358,2,2,4,4,4.0,4,4,4,8,4.0,4.0,0.0,0.0,0.0,5.0,0.0,0.0,0.0,0.0,2.75,2.41,2.59,2.5,-2.856765771824393,0.0001419,0.0001419
mp-1228393,Ba2InBiO6,Ba,Ba,In,Bi,-2.282841987666667,0.0025745214999997046,0.0,4.89e-05,159.11930529721516,7.247136741897233,Fm-3m,225,0.89,0.89,1.78,1.9,3.44,1.8399999999999999,1.35,1.35,0.8,1.03,0.8399756579969787,0.2513661202185792,2,2,3,5,4.0,4,13,15,8,3.5,4.5,9.5,10.0,19.5,14.5,0.5,0.0,0.5,0.5,2.75,2.2,2.4299999999999997,2.315,-2.2676634158709317,4.89e-05,0.5
mp-1228414,Ba2MnNbO6,Ba,Ba,Mn,Nb,-2.940710153793104,0.027375552666667247,0.0,4.0000187,139.68693189582763,6.163646822649236,Fm-3m,225,0.89,0.89,1.55,1.6,3.44,1.5750000000000002,1.35,1.35,0.67,0.72,0.9281831256625327,0.07194244604316537,2,2,7,5,6.0,4,7,5,8,4.5,3.5,2.5,1.5,4.0,1.0,2.5,1.5,4.0,1.0,2.75,2.07,2.12,2.0949999999999998,-2.9350863253137165,4.0000187,4.0000187
mp-1228427,Ba2CeBiO6,Ba,Ba,Ce,Bi,-2.894714906,0.017473926333333445,0.0,0.2405429,347.4554673326278,6.879544537349216,P2_1/c,14,0.89,0.89,1.12,1.9,3.44,1.51,1.35,1.35,1.01,1.03,0.8035304331665313,0.01960784313725492,2,2,4,5,4.5,4,4,15,8,1.25,6.75,2.75,8.25,11.0,6.0,2.75,1.75,4.5,1.0,2.75,2.41,2.4299999999999997,2.42,-2.8926308839209622,0.2405429,4.5
mp-1228422,Ba2CeNbO6,Ba,Ba,Ce,Nb,-3.3662507029999995,0.018044953999993396,0.0,0.9318253,162.7605333208576,6.158877803978591,Fm-3m,225,0.89,0.89,1.12,1.6,3.44,1.36,1.35,1.35,1.01,0.72,0.8585181670035346,0.33526011560693647,2,2,4,5,4.5,4,4,5,8,3.75,4.25,0.25,0.75,1.0,4.0,0.25,0.75,1.0,0.5,2.75,2.41,2.12,2.265,-3.3675025655579898,0.9318253,1.0
mp-1228494,Ba2PrPbO6,Ba,Ba,Pr,Pb,-2.5585489341666667,0.055674047437497265,0.0,0.9990715,178.26426231529751,6.69526133631179,C2/m,12,0.89,0.89,1.13,1.8,3.44,1.4649999999999999,1.35,1.35,0.99,1.19,0.7809412242020103,0.18348623853211007,2,2,4,4,4.0,4,4,4,8,4.0,4.0,0.0,0.0,0.0,5.0,0.0,0.0,0.0,0.0,2.75,2.3899999999999997,2.59,2.4899999999999998,-2.573628225944,0.9990715,0.9990715
mp-1228536,Ba2TiFeO6,Ba,Ba,Ti,Fe,-2.816929195000001,0.01514418858333233,0.0,12.0139767,408.2728544899817,5.788021094451567,P3m1,156,0.89,0.89,1.54,1.83,3.44,1.685,1.35,1.35,0.86,0.61,0.9107932778749441,0.3401360544217687,2,2,4,8,6.0,4,4,8,8,3.0,5.0,1.0,3.0,4.0,1.0,1.0,3.0,4.0,2.0,2.75,2.26,2.01,2.135,-2.8225426965373366,12.0139767,12.0139767
mp-1228566,Ba2PrIrO6,Ba,Ba,Pr,Ir,-2.671279086166666,0.0007673639999987714,0.0,3.9993841,320.47258783281114,7.293266323706928,P2_1/c,14,0.89,0.89,1.13,2.2,3.44,1.665,1.35,1.35,0.99,0.68,0.8700419007888168,0.37125748502994005,2,2,4,9,6.5,4,4,9,8,2.75,5.25,1.25,3.75,5.0,0.0,1.25,3.75,5.0,2.5,2.75,2.3899999999999997,2.08,2.235,-2.705138222450574,3.9993841,5.0
mp-1228653,Ba2CoRuO6,Ba,Ba,Co,Ru,-2.0998050326666666,0.019201509583334442,0.0,15.6349386,414.1780797770336,6.3825518750392245,P3m1,156,0.89,0.89,1.88,2.2,3.44,2.04,1.35,1.35,0.65,0.68,0.9416676262774846,0.04511278195488726,2,2,9,8,8.5,4,9,8,8,4.25,3.75,4.75,4.25,9.0,4.0,4.75,4.25,9.0,0.5,2.75,2.05,2.08,2.065,-2.1017718252025617,15.6349386,15.6349386
mp-1228678,Ba2MnRuO6,Ba,Ba,Mn,Ru,-2.3171343647931044,0.02291560858333419,0.0,20.9979188,426.4271245455228,6.152541948389551,C2/m,12,0.89,0.89,1.55,2.2,3.44,1.875,1.35,1.35,0.67,0.68,0.9371294690424122,0.014814814814814828,2,2,7,8,7.5,4,7,8,8,3.75,4.25,3.25,3.75,7.0,2.0,3.25,3.75,7.0,0.5,2.75,2.07,2.08,2.075,-2.336906186936123,20.9979188,20.9979188
mp-1233043,La2MgCrO6,La,La,Mg,Cr,-3.2097363234999987,0.016655110583350563,0.0,1.999999,117.02368926337367,6.386934599100556,R-3,148,1.1,1.1,1.31,1.66,3.44,1.4849999999999999,1.032,1.032,0.72,0.73,0.8092629138097334,0.013793103448275874,3,3,4,6,5.0,6,4,6,6,2.5,3.5,1.5,2.5,4.0,1.0,1.5,2.5,4.0,1.0,2.432,2.12,2.13,2.125,-3.231808109844314,1.999999,4.0
mp-1233115,La2MgMoO6,La,La,Mg,Mo,-3.1801559794999994,0.004085918249996823,1.495,1.9999993,130.4241170966361,6.290195639610786,R-3,148,1.1,1.1,1.31,2.16,3.44,1.735,1.032,1.032,0.72,0.69,0.816951872610776,0.04255319148936174,3,3,4,6,5.0,6,4,6,6,2.5,3.5,1.5,2.5,4.0,1.0,1.5,2.5,4.0,1.0,2.432,2.12,2.09,2.105,-3.17655809647693,1.9999993,4.0
mp-1233315,La2MgMoO6,La,La,Mg,Mo,-2.994744297500001,0.18949760024999662,1.9001000000000001,1.9993154,149.86513966108237,5.474209776313914,P1,1,1.1,1.1,1.31,2.16,3.44,1.735,1.032,1.032,0.72,0.69,0.816951872610776,0.04255319148936174,3,3,4,6,5.0,6,4,6,6,2.5,3.5,1.5,2.5,4.0,1.0,1.5,2.5,4.0,1.0,2.432,2.12,2.09,2.105,-2.966904251773109,1.9993154,4.0
mp-1235318,SrLiU2O6,U,U,Sr,Li,-3.2757525413333313,0.20660918442856158,0.0,3.0000847,127.56507639235869,8.677458188807291,Immm,71,1.7,1.7,0.95,0.98,3.44,0.965,1.025,1.025,1.18,0.76,0.7235164322267416,0.43298969072164945,4,4,4,4,4.0,8,4,4,4,2.0,2.0,2.0,2.0,4.0,1.0,2.0,2.0,4.0,0.0,2.425,2.58,2.16,2.37,-3.257386209213285,3.0000847,4.0
mp-1235544,SrLiU2O6,U,U,Sr,Li,-3.2708244463333314,0.21153727942856193,0.0,2.999998,127.56866023321308,8.677214409268394,Imm2,44,1.7,1.7,0.95,0.98,3.44,0.965,1.025,1.025,1.18,0.76,0.7235164322267416,0.43298969072164945,4,4,4,4,4.0,8,4,4,4,2.0,2.0,2.0,2.0,4.0,1.0,2.0,2.0,4.0,0.0,2.425,2.58,2.16,2.37,-3.302234458405795,2.999998,4.0
mp-1237349,Dy2MnCoO6,Dy,Dy,Mn,Co,-2.6560564936264357,0.19689637694444428,0.3917999999999999,11.9999905,233.19547316926491,7.617374392824172,P2_1/c,14,1.22,1.22,1.55,1.88,3.44,1.7149999999999999,1.07,1.07,0.67,0.65,0.8478416259858117,0.030303030303030328,3,3,7,9,8.0,6,7,9,6,2.5,3.5,4.5,5.5,10.0,5.0,4.5,4.5,9.0,0.0,2.4699999999999998,2.07,2.05,2.0599999999999996,-2.6758490563578423,11.9999905,11.9999905
mp-1247738,Lu2MnCoO6,Lu,Lu,Mn,Co,-2.8521264436264366,0.05535488903472974,0.0,10.0001731,216.96075155197406,8.56903829301868,P2_1/c,14,1.0,1.0,1.55,1.88,3.44,1.7149999999999999,0.861,0.861,0.67,0.65,0.7761011807100893,0.030303030303030328,3,3,7,9,8.0,6,7,9,6,2.5,3.5,4.5,5.5,10.0,5.0,4.5,4.5,9.0,0.0,2.261,2.07,2.05,2.0599999999999996,-2.8333110198666724,10.0001731,10.0001731
mp-1247745,Lu2FeCoO6,Lu,Lu,Fe,Co,-2.782687023833334,0.01346567323213499,1.7945999999999995,10.0031308,216.54468962463042,8.59941224964436,P2_1/c,14,1.0,1.0,1.83,1.88,3.44,1.855,0.861,0.861,0.61,0.65,0.7875706562870858,0.06349206349206354,3,3,8,9,8.5,6,8,9,6,2.75,3.25,5.25,5.75,11.0,6.0,4.75,4.25,9.0,0.5,2.261,2.01,2.05,2.03,-2.8023367717041,10.0031308,10.0031308
mp-1249045,VZn(SiO3)2,Si,Si,V,Zn,-2.737442956,0.045619252166670066,0.598817961442732,5.22e-05,469.9859964153335,3.7948744605600453,C2/c,15,1.9,1.9,1.63,1.65,3.44,1.64,0.4,0.4,0.79,0.74,0.5878947834345429,0.06535947712418307,2,2,5,12,8.5,4,5,12,8,2.25,5.75,2.75,6.25,9.0,4.0,2.75,3.75,6.5,1.0,1.7999999999999998,2.19,2.1399999999999997,2.165,-2.741935618999941,5.22e-05,6.5
mp-1248912,ZnCr(SiO3)2,Si,Si,Zn,Cr,-2.6834657355000004,0.07726662208333668,0.06651974051512077,8e-07,240.14909578963315,3.727981291660231,C2/c,15,1.9,1.9,1.65,1.66,3.44,1.6549999999999998,0.4,0.4,0.74,0.73,0.5961556000635998,0.01360544217687076,2,2,12,6,9.0,4,12,6,8,5.5,2.5,6.5,3.5,10.0,5.0,3.5,3.5,7.0,0.0,1.7999999999999998,2.1399999999999997,2.13,2.135,-2.6724646935195095,8e-07,7.0
mp-1255447,ZnFe(SiO3)2,Si,Si,Zn,Fe,-2.6150553155000003,0.028762343416673275,0.0,8.003109,234.45556589681001,3.873031678664706,C2/c,15,1.9,1.9,1.65,1.83,3.44,1.74,0.4,0.4,0.74,0.61,0.6133938342823061,0.1925925925925926,2,2,12,8,10.0,4,12,8,8,5.0,3.0,7.0,5.0,12.0,7.0,3.0,5.0,8.0,2.0,1.7999999999999998,2.1399999999999997,2.01,2.0749999999999997,-2.634422204597273,8.003109,8.003109
mp-1255465,ZnCu(SiO3)2,Si,Si,Zn,Cu,-2.4251888615000006,0.09263743524999857,0.24300000000000033,1.9999101,232.46067689177113,4.016289848161243,C2/c,15,1.9,1.9,1.65,1.9,3.44,1.775,0.4,0.4,0.74,0.77,0.5906228334736823,0.03973509933774838,2,2,12,11,11.5,4,12,11,8,4.25,3.75,7.75,7.25,15.0,10.0,2.25,2.75,5.0,0.5,1.7999999999999998,2.1399999999999997,2.17,2.155,-2.4230813513770815,1.9999101,5.0
mp-1258028,ZnSi2NiO6,Si,Si,Zn,Ni,-2.5483741564999995,0.029907164416670184,3.8048,1.2e-06,224.15625438149877,4.093187564438345,C2/c,15,1.9,1.9,1.65,1.91,3.44,1.7799999999999998,0.4,0.4,0.74,0.69,0.6017930052651468,0.06993006993006999,2,2,12,10,11.0,4,12,10,8,4.5,3.5,7.5,6.5,14.0,9.0,2.5,3.5,6.0,1.0,1.7999999999999998,2.1399999999999997,2.09,2.1149999999999998,-2.575054666398364,1.2e-06,6.0
mp-1263932,TiZn(SiO3)2,Si,Si,Ti,Zn,-2.7555772448333338,0.26053819708333315,0.0,3.762469,231.33469455890418,3.8107482072882455,C2/c,15,1.9,1.9,1.54,1.65,3.44,1.595,0.4,0.4,0.86,0.74,0.5785419118799023,0.15,2,2,4,12,8.0,4,4,12,8,2.0,6.0,2.0,6.0,8.0,3.0,2.0,4.0,6.0,2.0,1.7999999999999998,2.26,2.1399999999999997,2.1999999999999997,-2.7676045977123582,3.762469,6.0
mp-1264233,ZnCo(SiO3)2,Si,Si,Zn,Co,-2.553575472250001,0.03005806525000132,2.5493628123322765,2e-06,462.5430160263105,3.9707008387961764,C2/c,15,1.9,1.9,1.65,1.88,3.44,1.765,0.4,0.4,0.74,0.65,0.6075380458882031,0.12949640287769779,2,2,12,9,10.5,4,12,9,8,4.75,3.25,7.25,5.75,13.0,8.0,2.75,4.25,7.0,1.5,1.7999999999999998,2.1399999999999997,2.05,2.0949999999999998,-2.5471798335671503,2e-06,7.0
mp-1272167,CaLa2MnO6,La,La,Ca,Mn,-3.1919933622931054,0.08290888349166892,2.347200000000001,1.5e-06,540.7217076722987,5.758966478835192,R-3,148,1.1,1.1,1.0,1.55,3.44,1.275,1.032,1.032,1.0,0.67,0.7694334191703281,0.3952095808383233,3,3,4,7,5.5,6,4,7,6,2.25,3.75,1.75,3.25,5.0,0.0,1.75,3.25,5.0,1.5,2.432,2.4,2.07,2.235,-3.223853236963739,1.5e-06,5.0
mp-1272179,Ba2MnNbO6,Ba,Ba,Mn,Nb,-2.9635321102931043,0.004553596166665841,1.1627999999999998,15.9994692,562.1426590706826,6.126422893211385,Pnma,62,0.89,0.89,1.55,1.6,3.44,1.5750000000000002,1.35,1.35,0.67,0.72,0.9281831256625327,0.07194244604316537,2,2,7,5,6.0,4,7,5,8,4.5,3.5,2.5,1.5,4.0,1.0,2.5,1.5,4.0,1.0,2.75,2.07,2.12,2.0949999999999998,-2.954722615533896,15.9994692,15.9994692
mp-1272475,CaLa2FeO6,La,La,Ca,Fe,-3.0090725482500007,0.04795854587499804,0.7532000000000005,6.61e-05,551.4326749484233,5.658029470234281,P-1,2,1.1,1.1,1.0,1.83,3.44,1.415,1.032,1.032,1.0,0.61,0.779901901063802,0.4844720496894411,3,3,4,8,6.0,6,4,8,6,2.0,4.0,2.0,4.0,6.0,1.0,2.0,4.0,6.0,2.0,2.432,2.4,2.01,2.205,-3.0094653042285344,6.61e-05,6.0
mp-1272284,La2GaNiO6,La,La,Ga,Ni,-2.75964756225,0.04390543502500055,0.6707999999999998,1.1e-06,240.86903907201486,6.9246105254713335,P-1,2,1.1,1.1,1.81,1.91,3.44,1.8599999999999999,1.032,1.032,0.62,0.69,0.8368290471268534,0.1068702290076335,3,3,3,10,6.5,6,13,10,6,3.75,2.25,9.25,7.75,17.0,12.0,0.75,2.25,3.0,1.5,2.432,2.02,2.09,2.0549999999999997,-2.748597763161657,1.1e-06,3.0
mp-1272506,Ba2FeWO6,Ba,Ba,Fe,W,-2.639823302,0.000347599499999518,2.5062,9.33e-05,284.644737626344,7.121057535062029,C2/c,15,0.89,0.89,1.83,1.7,3.44,1.7650000000000001,1.35,1.35,0.61,0.66,0.9555497043061453,0.07874015748031503,2,2,8,6,7.0,4,8,6,8,4.5,3.5,3.5,2.5,6.0,1.0,3.5,2.5,6.0,1.0,2.75,2.01,2.06,2.035,-2.6353450193187067,9.33e-05,6.0
mp-1272359,Ca2CrWO6,Ca,Ca,Cr,W,-2.7694489315,0.03334985019444758,2.0392,1.45e-05,240.75424347736276,5.683164627252544,C2/m,12,1.0,1.0,1.66,1.7,3.44,1.68,1.0,1.0,0.73,0.66,0.8100507278509376,0.10071942446043157,2,2,6,6,6.0,4,6,6,8,4.0,4.0,2.0,2.0,4.0,1.0,2.0,2.0,4.0,0.0,2.4,2.13,2.06,2.0949999999999998,-2.742166122900523,1.45e-05,4.0
mp-1272441,CaLa2CoO6,La,La,Ca,Co,-2.914983420000001,0.04372023258333346,0.4546999999999999,2.0101912,529.3143283437488,5.933212897022766,P-1,2,1.1,1.1,1.0,1.88,3.44,1.44,1.032,1.032,1.0,0.65,0.7728915468969365,0.42424242424242425,3,3,4,9,6.5,6,4,9,6,1.75,4.25,2.25,4.75,7.0,2.0,2.25,4.75,7.0,2.5,2.432,2.4,2.05,2.2249999999999996,-2.9124789299470426,2.0101912,7.0
mp-1272744,Zn2CoWO6,Zn,Zn,Co,W,-1.8144612084999991,0.05288124700000019,2.6091,5e-07,224.08317422033804,6.959634970280685,R3,146,1.65,1.65,1.88,1.7,3.44,1.79,0.74,0.74,0.65,0.66,0.7363545069290567,0.015267175572519097,2,2,9,6,7.5,4,9,6,8,4.75,3.25,4.25,2.75,7.0,2.0,4.25,2.75,7.0,1.5,2.1399999999999997,2.05,2.06,2.0549999999999997,-1.8230493193225041,5e-07,7.0
mp-1272721,Sr2FeSnO6,Sr,Sr,Fe,Sn,-2.3745034615000002,0.05566730574999923,0.0,18.2004314,527.8550667576255,5.609524908688199,Cmmm,65,0.95,0.95,1.83,1.96,3.44,1.895,1.18,1.18,0.61,0.69,0.8899197538835574,0.12307692307692303,2,2,8,4,6.0,4,8,14,8,2.5,5.5,5.5,8.5,14.0,9.0,4.5,1.5,6.0,3.0,2.58,2.01,2.09,2.05,-2.3720575114393547,18.2004314,18.2004314
mp-1272719,Sr2TaMnO6,Sr,Sr,Ta,Mn,-3.102293240526438,0.0016381509999696675,1.2147000000000006,0.0,519.7841573960703,6.480354750345931,I4/mmm,139,0.95,0.95,1.5,1.55,3.44,1.525,1.18,1.18,0.72,0.67,0.870804532439758,0.07194244604316537,2,2,5,7,6.0,4,5,7,8,3.5,4.5,1.5,2.5,4.0,1.0,1.5,2.5,4.0,1.0,2.58,2.12,2.07,2.0949999999999998,-3.09142727994571,0.0,4.0
mp-1272748,Sr2VMoO6,Sr,Sr,V,Mo,-2.7440281229999997,0.021703203328126364,0.5790999999999995,5.9999996,257.8717299664893,5.384856327252395,Amm2,38,0.95,0.95,1.63,2.16,3.44,1.895,1.18,1.18,0.79,0.69,0.8524932221781742,0.13513513513513525,2,2,5,6,5.5,4,5,6,8,3.75,4.25,1.25,1.75,3.0,2.0,1.25,1.75,3.0,0.5,2.58,2.19,2.09,2.1399999999999997,-2.7430509215934857,5.9999996,5.9999996
mp-1272828,Sr2MnMoO6,Sr,Sr,Mn,Mo,-2.613435065293104,0.03537445749999968,0.8079000000000001,1.9855319,258.75495644900366,5.4177708291831355,P1,1,0.95,0.95,1.55,2.16,3.44,1.855,1.18,1.18,0.67,0.69,0.8770843728179291,0.029411764705882217,2,2,7,6,6.5,4,7,6,8,4.25,3.75,2.75,2.25,5.0,0.0,2.75,2.25,5.0,0.5,2.58,2.07,2.09,2.08,-2.6126232314690268,1.9855319,5.0
mp-1272971,Sr2ZrVO6,Sr,Sr,Zr,V,-3.28110862325,0.00870550693017158,1.1696999999999997,4.0000168,528.0462801350559,5.200074553618169,P-1,2,0.95,0.95,1.33,1.63,3.44,1.48,1.18,1.18,0.72,0.79,0.8465593946456115,0.09271523178807956,2,2,4,5,4.5,4,4,5,8,3.75,4.25,0.25,0.75,1.0,4.0,0.25,0.75,1.0,0.5,2.58,2.12,2.19,2.1550000000000002,-3.2951484570061353,4.0000168,4.0000168
mp-1272760,Sr2FeWO6,Sr,Sr,Fe,W,-2.660259241,0.0027560869999998516,2.4314,0.0003036,264.3637248394245,6.418467180870802,P-1,2,0.95,0.95,1.83,1.7,3.44,1.7650000000000001,1.18,1.18,0.61,0.66,0.8964793589490381,0.07874015748031503,2,2,8,6,7.0,4,8,6,8,4.5,3.5,3.5,2.5,6.0,1.0,3.5,2.5,6.0,1.0,2.58,2.01,2.06,2.035,-2.673517259351019,0.0003036,6.0
mp-1272866,La2MgFeO6,La,La,Mg,Fe,-3.00154486,0.001562105875001052,0.6817000000000002,0.0002106,246.73059598878228,6.110420928317072,P-1,2,1.1,1.1,1.31,1.83,3.44,1.57,1.032,1.032,0.72,0.61,0.8327766062206701,0.16541353383458643,3,3,4,8,6.0,6,4,8,6,2.0,4.0,2.0,4.0,6.0,1.0,2.0,4.0,6.0,2.0,2.432,2.12,2.01,2.065,-3.029596965435994,0.0002106,6.0
mp-1272890,La2ZnCoO6,La,La,Zn,Co,-2.6538028200000015,0.0,0.0,0.0001536,239.1543358424413,6.917681522419073,R-3,148,1.1,1.1,1.65,1.88,3.44,1.765,1.032,1.032,0.74,0.65,0.8208514042222834,0.12949640287769779,3,3,12,9,10.5,6,12,9,6,3.75,2.25,8.25,6.75,15.0,10.0,1.75,3.25,5.0,1.5,2.432,2.1399999999999997,2.05,2.0949999999999998,-2.6188112851362626,0.0001536,5.0
mp-1273234,CaLa2FeO6,La,La,Ca,Fe,-3.0028438910000004,0.05418720312499836,0.4791999999999996,0.000406,276.2688620548226,5.646713680474719,P-1,2,1.1,1.1,1.0,1.83,3.44,1.415,1.032,1.032,1.0,0.61,0.779901901063802,0.4844720496894411,3,3,4,8,6.0,6,4,8,6,2.0,4.0,2.0,4.0,6.0,1.0,2.0,4.0,6.0,2.0,2.432,2.4,2.01,2.205,-3.0277211557078263,0.000406,6.0
mp-1273081,CaLa2CoO6,La,La,Ca,Co,-2.929820142500001,0.02888351008333334,0.10550000000000015,3e-06,263.40294963639445,5.961464372064391,R-3,148,1.1,1.1,1.0,1.88,3.44,1.44,1.032,1.032,1.0,0.65,0.7728915468969365,0.42424242424242425,3,3,4,9,6.5,6,4,9,6,1.75,4.25,2.25,4.75,7.0,2.0,2.25,4.75,7.0,2.5,2.432,2.4,2.05,2.2249999999999996,-2.943678246455919,3e-06,7.0
mp-1273175,Sr2VMoO6,Sr,Sr,V,Mo,-2.7450012810000004,0.020730045328125613,1.2141000000000002,0.0032319,255.21009008989617,5.441016130045815,I4/mmm,139,0.95,0.95,1.63,2.16,3.44,1.895,1.18,1.18,0.79,0.69,0.8524932221781742,0.13513513513513525,2,2,5,6,5.5,4,5,6,8,3.75,4.25,1.25,1.75,3.0,2.0,1.25,1.75,3.0,0.5,2.58,2.19,2.09,2.1399999999999997,-2.7593694263113844,0.0032319,3.0
mp-1273600,Mg2MnWO6,Mg,Mg,Mn,W,-2.5029669032931032,0.0486076690000008,2.2941999999999996,0.0,223.54617676035005,5.695689888905563,P2_1/c,14,1.31,1.31,1.55,1.7,3.44,1.625,0.72,0.72,0.67,0.66,0.7259401337120973,0.015037593984962419,2,2,7,6,6.5,4,7,6,8,4.25,3.75,2.75,2.25,5.0,0.0,2.75,2.25,5.0,0.5,2.12,2.07,2.06,2.065,-2.485068415754214,0.0,5.0
mp-1273740,Li2FeWO6,Li,Li,Fe,W,-1.985671309666666,0.08776071724999657,0.08460000000000001,2e-06,206.66906679701196,5.61732524136894,P1,1,0.98,0.98,1.83,1.7,3.44,1.7650000000000001,0.76,0.76,0.61,0.66,0.7505408586550086,0.07874015748031503,1,1,8,6,7.0,2,8,6,10,5.5,4.5,2.5,1.5,4.0,1.0,2.5,1.5,4.0,1.0,2.16,2.01,2.06,2.035,-1.9915703032325065,2e-06,4.0
mp-1274023,La2ZnFeO6,La,La,Zn,Fe,-2.738182359000001,0.015442595374997481,0.0,3.9929887,123.69617208707156,6.645870140615354,R-3,148,1.1,1.1,1.65,1.83,3.44,1.74,1.032,1.032,0.74,0.61,0.8287632249858715,0.1925925925925926,3,3,12,8,10.0,6,12,8,6,4.0,2.0,8.0,6.0,14.0,9.0,2.0,4.0,6.0,2.0,2.432,2.1399999999999997,2.01,2.0749999999999997,-2.7132275175465264,3.9929887,6.0
mp-1274243,Sr2FeSnO6,Sr,Sr,Fe,Sn,-2.378572456499999,0.05159831075000021,0.0,0.909114,261.7758390606472,5.655632994586976,Cmmm,65,0.95,0.95,1.83,1.96,3.44,1.895,1.18,1.18,0.61,0.69,0.8899197538835574,0.12307692307692303,2,2,8,4,6.0,4,8,14,8,2.5,5.5,5.5,8.5,14.0,9.0,4.5,1.5,6.0,3.0,2.58,2.01,2.09,2.05,-2.392042268984876,0.909114,6.0
mp-1274308,Sr2CoWO6,Sr,Sr,Co,W,-2.605262132499999,0.0,2.3936,0.001156,259.9729216202648,6.56632243833439,C2/m,12,0.95,0.95,1.88,1.7,3.44,1.79,1.18,1.18,0.65,0.66,0.8877544990079284,0.015267175572519097,2,2,9,6,7.5,4,9,6,8,4.75,3.25,4.25,2.75,7.0,2.0,4.25,2.75,7.0,1.5,2.58,2.05,2.06,2.0549999999999997,-2.599682249255523,0.001156,7.0
mp-1273949,Sr2CoSbO6,Sr,Sr,Co,Sb,-2.3576230095,0.018210899000019154,1.1723999999999997,1.5e-05,256.4165482320467,5.853341011513565,I4/mmm,139,0.95,0.95,1.88,2.05,3.44,1.9649999999999999,1.18,1.18,0.65,0.76,0.8666676938058397,0.15602836879432622,2,2,9,5,7.0,4,9,15,8,2.5,5.5,6.5,9.5,16.0,11.0,3.5,0.5,4.0,3.0,2.58,2.05,2.16,2.105,-2.3743299505651954,1.5e-05,4.0
mp-1274143,Sr2FeWO6,Sr,Sr,Fe,W,-2.659525187,0.0034901410000003352,2.0556,4.0000205,132.30125887722494,6.412674777604491,I4/m,87,0.95,0.95,1.83,1.7,3.44,1.7650000000000001,1.18,1.18,0.61,0.66,0.8964793589490381,0.07874015748031503,2,2,8,6,7.0,4,8,6,8,4.5,3.5,3.5,2.5,6.0,1.0,3.5,2.5,6.0,1.0,2.58,2.01,2.06,2.035,-2.616622204444532,4.0000205,6.0
mp-1274229,Sr2CrOsO6,Sr,Sr,Cr,Os,-2.4578142049999996,0.03493761299999942,0.0,11.9678673,249.18084143271753,6.843419716965331,P-1,2,0.95,0.95,1.66,2.2,3.44,1.9300000000000002,1.18,1.18,0.73,0.63,0.8770843728179291,0.14705882352941174,2,2,6,8,7.0,4,6,8,8,3.5,4.5,2.5,3.5,6.0,1.0,2.5,3.5,6.0,1.0,2.58,2.13,2.03,2.08,-2.48156617338059,11.9678673,11.9678673
mp-1274301,Ca2VWO6,Ca,Ca,V,W,-2.7925790935,0.047877687458335316,1.3387000000000002,1.3e-06,248.23122649611386,5.497872329163607,C2/m,12,1.0,1.0,1.63,1.7,3.44,1.665,1.0,1.0,0.79,0.66,0.7986147175753947,0.1793103448275862,2,2,5,6,5.5,4,5,6,8,3.75,4.25,1.25,1.75,3.0,2.0,1.25,1.75,3.0,0.5,2.4,2.19,2.06,2.125,-2.7863826792954596,1.3e-06,3.0
mp-1274766,Sr2FeSnO6,Sr,Sr,Fe,Sn,-2.3735004914999998,0.05667027574999928,0.0,18.0025558,529.2190417943757,5.595067280864497,Fmmm,69,0.95,0.95,1.83,1.96,3.44,1.895,1.18,1.18,0.61,0.69,0.8899197538835574,0.12307692307692303,2,2,8,4,6.0,4,8,14,8,2.5,5.5,5.5,8.5,14.0,9.0,4.5,1.5,6.0,3.0,2.58,2.01,2.09,2.05,-2.360824953881358,18.0025558,18.0025558
mp-1274489,Sr2NbCoO6,Sr,Sr,Nb,Co,-2.7733119275000013,0.012382826142826708,0.7725,5.948411,506.7440456298625,5.545475603848088,P1,1,0.95,0.95,1.6,1.88,3.44,1.74,1.18,1.18,0.72,0.65,0.8749810529790373,0.10218978102189773,2,2,5,9,7.0,4,5,9,8,3.0,5.0,2.0,4.0,6.0,1.0,2.0,4.0,6.0,2.0,2.58,2.12,2.05,2.085,-2.7650359455509714,5.948411,6.0
mp-1274542,Ba2CoWO6,Ba,Ba,Co,W,-2.565399248000001,0.01075137550001326,1.8426999999999998,3.0001636,139.77699294262504,7.287421369216136,I4/mmm,139,0.89,0.89,1.88,1.7,3.44,1.79,1.35,1.35,0.65,0.66,0.9462499504929468,0.015267175572519097,2,2,9,6,7.5,4,9,6,8,4.75,3.25,4.25,2.75,7.0,2.0,4.25,2.75,7.0,1.5,2.75,2.05,2.06,2.0549999999999997,-2.5691050011775554,3.0001636,7.0
mp-1274754,Sr2CrOsO6,Sr,Sr,Cr,Os,-2.2787679525,0.21398386549999948,0.0,0.4666917,249.4599978114905,6.835761638382104,R-3m,166,0.95,0.95,1.66,2.2,3.44,1.9300000000000002,1.18,1.18,0.73,0.63,0.8770843728179291,0.14705882352941174,2,2,6,8,7.0,4,6,8,8,3.5,4.5,2.5,3.5,6.0,1.0,2.5,3.5,6.0,1.0,2.58,2.13,2.03,2.08,-2.2813643664946683,0.4666917,6.0
mp-1274653,La2MgCoO6,La,La,Mg,Co,-2.834355419500001,0.04983994350000032,0.5021999999999993,3e-06,244.03430905416693,6.219961202049546,R-3,148,1.1,1.1,1.31,1.88,3.44,1.595,1.032,1.032,0.72,0.65,0.8247883414127979,0.10218978102189773,3,3,4,9,6.5,6,4,9,6,1.75,4.25,2.25,4.75,7.0,2.0,2.25,4.75,7.0,2.5,2.432,2.12,2.05,2.085,-2.8334791900604186,3e-06,7.0
mp-1275240,Ba2MnNbO6,Ba,Ba,Mn,Nb,-2.9629106410431048,0.005175065416665348,1.1475,16.0006208,560.8591858417774,6.14044263287311,C2/c,15,0.89,0.89,1.55,1.6,3.44,1.5750000000000002,1.35,1.35,0.67,0.72,0.9281831256625327,0.07194244604316537,2,2,7,5,6.0,4,7,5,8,4.5,3.5,2.5,1.5,4.0,1.0,2.5,1.5,4.0,1.0,2.75,2.07,2.12,2.0949999999999998,-2.9658506810756746,16.0006208,16.0006208
mp-1275360,La2CoNiO6,La,La,Co,Ni,-2.5320755785,0.040683136500000217,0.05719999999999992,6.0130982,238.94220267951908,6.830482348529375,P-1,2,1.1,1.1,1.88,1.91,3.44,1.895,1.032,1.032,0.65,0.69,0.8307650685244847,0.05970149253731333,3,3,9,10,9.5,6,9,10,6,2.75,3.25,6.25,6.75,13.0,8.0,3.75,3.25,7.0,0.5,2.432,2.05,2.09,2.07,-2.512797996164102,6.0130982,7.0
mp-1275358,Sr2MnNbO6,Sr,Sr,Mn,Nb,-2.9844896140431048,0.010372279750001212,1.1473999999999998,1.6e-06,523.1382187495186,5.320965343431932,I4/mmm,139,0.95,0.95,1.55,1.6,3.44,1.5750000000000002,1.18,1.18,0.67,0.72,0.870804532439758,0.07194244604316537,2,2,7,5,6.0,4,7,5,8,4.5,3.5,2.5,1.5,4.0,1.0,2.5,1.5,4.0,1.0,2.58,2.07,2.12,2.0949999999999998,-2.940279154011278,1.6e-06,4.0
mp-1275144,VZn2WO6,Zn,Zn,V,W,-2.032559744000001,0.0812539770000047,1.6635999999999997,6.0012603,217.518375241766,7.047662296588475,P2_1/c,14,1.65,1.65,1.63,1.7,3.44,1.665,0.74,0.74,0.79,0.66,0.7120981231713935,0.1793103448275862,2,2,5,6,5.5,4,5,6,8,3.75,4.25,1.25,1.75,3.0,2.0,1.25,1.75,3.0,0.5,2.1399999999999997,2.19,2.06,2.125,-2.043709579700158,6.0012603,6.0012603
mp-1275082,Ca2CrSbO6,Ca,Ca,Cr,Sb,-2.680956463999999,0.028930255125001025,2.082,3.98e-05,239.4576480257489,4.852939462052302,P2_1/m,11,1.0,1.0,1.66,2.05,3.44,1.855,1.0,1.0,0.73,0.76,0.7911684265024307,0.040268456375838965,2,2,6,5,5.5,4,6,15,8,1.75,6.25,4.25,8.75,13.0,8.0,4.25,1.25,5.5,3.0,2.4,2.13,2.16,2.145,-2.7083525235915804,3.98e-05,5.5
mp-1275133,MnZn2SbO6,Zn,Zn,Mn,Sb,-1.8148581347931034,0.08525908549999794,1.1233429200688692,6.51e-05,437.0074256840671,6.133059900930301,P2_1/m,11,1.65,1.65,1.55,2.05,3.44,1.7999999999999998,0.74,0.74,0.67,0.76,0.7154650173707854,0.1258741258741258,2,2,7,5,6.0,4,7,15,8,2.0,6.0,5.0,9.0,14.0,9.0,5.0,1.0,6.0,4.0,2.1399999999999997,2.07,2.16,2.115,-1.8166237757601285,6.51e-05,6.0
mp-1275487,Ca2FeWO6,Ca,Ca,Fe,W,-2.6725096290000003,0.0,2.5066,8.0009437,246.50299575079433,5.602481599989954,P2_1/c,14,1.0,1.0,1.83,1.7,3.44,1.7650000000000001,1.0,1.0,0.61,0.66,0.833934287394454,0.07874015748031503,2,2,8,6,7.0,4,8,6,8,4.5,3.5,3.5,2.5,6.0,1.0,3.5,2.5,6.0,1.0,2.4,2.01,2.06,2.035,-2.620915442246914,8.0009437,8.0009437
mp-1275528,VZn2SbO6,Zn,Zn,V,Sb,-1.9607537982500005,0.09668458174999639,0.6023727627590327,0.0,436.13661335916294,6.084439969348863,P2_1/m,11,1.65,1.65,1.63,2.05,3.44,1.8399999999999999,0.74,0.74,0.79,0.76,0.6957280513743501,0.038709677419354875,2,2,5,5,5.0,4,5,15,8,1.5,6.5,3.5,8.5,12.0,7.0,3.5,1.5,5.0,2.0,2.1399999999999997,2.19,2.16,2.175,-1.976827289609395,0.0,5.0
mp-1275545,Mg2MnWO6,Mg,Mg,Mn,W,-2.5485646607931023,0.0030099115000012944,2.7199000000000004,0.0,227.33614993574398,5.600735734450076,R3,146,1.31,1.31,1.55,1.7,3.44,1.625,0.72,0.72,0.67,0.66,0.7259401337120973,0.015037593984962419,2,2,7,6,6.5,4,7,6,8,4.25,3.75,2.75,2.25,5.0,0.0,2.75,2.25,5.0,0.5,2.12,2.07,2.06,2.065,-2.515782324684221,0.0,5.0
mp-1275611,La2MnZnO6,La,La,Mn,Zn,-2.900600583793105,0.07104835574166302,1.5854,0.0003502,488.63857487368523,6.71713372267225,R-3,148,1.1,1.1,1.55,1.65,3.44,1.6,1.032,1.032,0.67,0.74,0.816951872610776,0.09929078014184389,3,3,7,12,9.5,6,7,12,6,1.75,4.25,5.25,7.75,13.0,8.0,4.75,2.25,7.0,2.5,2.432,2.07,2.1399999999999997,2.1049999999999995,-2.867046567511576,0.0003502,7.0
mp-1275594,Mg2CrSbO6,Mg,Mg,Cr,Sb,-2.4483215784999985,0.08576545533333935,2.1540999999999997,6.0173706,212.35457181002783,4.978968569623979,P2_1/m,11,1.31,1.31,1.66,2.05,3.44,1.855,0.72,0.72,0.73,0.76,0.6988654434104805,0.040268456375838965,2,2,6,5,5.5,4,6,15,8,1.75,6.25,4.25,8.75,13.0,8.0,4.25,1.25,5.5,3.0,2.12,2.13,2.16,2.145,-2.4593933433341584,6.0173706,6.0173706
mp-1275491,Zn2NiWO6,Zn,Zn,Ni,W,-1.7721101014999987,0.08430955900000114,0.00010000000000065512,0.0,214.34198572080334,7.272213665379018,P2_1/c,14,1.65,1.65,1.91,1.7,3.44,1.805,0.74,0.74,0.69,0.66,0.7292571140911861,0.044444444444444314,2,2,10,6,8.0,4,10,6,8,5.0,3.0,5.0,3.0,8.0,3.0,5.0,3.0,8.0,2.0,2.1399999999999997,2.09,2.06,2.075,-1.7607304399162933,0.0,8.0
mp-1275484,Mg2MnSbO6,Mg,Mg,Mn,Sb,-2.354586001793104,0.0773305798333288,1.0824999999999996,2.2e-05,432.7617196136324,4.9314766973058335,P2_1/m,11,1.31,1.31,1.55,2.05,3.44,1.7999999999999998,0.72,0.72,0.67,0.76,0.708778428423395,0.1258741258741258,2,2,7,5,6.0,4,7,15,8,2.0,6.0,5.0,9.0,14.0,9.0,5.0,1.0,6.0,4.0,2.12,2.07,2.16,2.115,-2.3220180693305332,2.2e-05,6.0
mp-1276293,La2TiCrO6,La,La,Ti,Cr,-3.3998351048333335,0.08102399166665997,0.0,3.9403679,505.7189334667898,6.221228586563716,P-1,2,1.1,1.1,1.54,1.66,3.44,1.6,1.032,1.032,0.86,0.73,0.7834549848955279,0.16352201257861637,3,3,4,6,5.0,6,4,6,6,2.5,3.5,1.5,2.5,4.0,1.0,1.5,2.5,4.0,1.0,2.432,2.26,2.13,2.195,-3.4074176596530834,3.9403679,4.0
mp-1276228,Sr2NbCoO6,Sr,Sr,Nb,Co,-2.775242672250001,0.010452081392827495,0.9824000000000002,0.0399633,513.7462577507602,5.469892383720291,C2,5,0.95,0.95,1.6,1.88,3.44,1.74,1.18,1.18,0.72,0.65,0.8749810529790373,0.10218978102189773,2,2,5,9,7.0,4,5,9,8,3.0,5.0,2.0,4.0,6.0,1.0,2.0,4.0,6.0,2.0,2.58,2.12,2.05,2.085,-2.779314279452048,0.0399633,6.0
mp-1276442,Sr2FeCoO6,Sr,Sr,Fe,Co,-2.0887679455000003,0.02263337617741712,0.0,14.4824004,237.51495912910002,5.397490065646119,P4/mmm,123,0.95,0.95,1.83,1.88,3.44,1.855,1.18,1.18,0.61,0.65,0.8986874361878289,0.06349206349206354,2,2,8,9,8.5,4,8,9,8,3.75,4.25,4.25,4.75,9.0,4.0,4.25,4.75,9.0,0.5,2.58,2.01,2.05,2.03,-2.100401563778973,14.4824004,14.4824004
mp-1276140,Sr2VMoO6,Sr,Sr,V,Mo,-2.6836029755,0.08212835082812653,0.0,4.4161973,255.53141559188458,5.434174164116639,P2/c,13,0.95,0.95,1.63,2.16,3.44,1.895,1.18,1.18,0.79,0.69,0.8524932221781742,0.13513513513513525,2,2,5,6,5.5,4,5,6,8,3.75,4.25,1.25,1.75,3.0,2.0,1.25,1.75,3.0,0.5,2.58,2.19,2.09,2.1399999999999997,-2.7038981101138573,4.4161973,4.4161973
mp-1276363,La2TiCrO6,La,La,Ti,Cr,-3.3999400568333327,0.08091903966666081,0.018499999999999517,4.0166242,505.33902393535004,6.225905652702197,P-1,2,1.1,1.1,1.54,1.66,3.44,1.6,1.032,1.032,0.86,0.73,0.7834549848955279,0.16352201257861637,3,3,4,6,5.0,6,4,6,6,2.5,3.5,1.5,2.5,4.0,1.0,1.5,2.5,4.0,1.0,2.432,2.26,2.13,2.195,-3.412925607734653,4.0166242,4.0166242
mp-1276311,CaLa2FeO6,La,La,Ca,Fe,-3.0066613262499997,0.05036976787499903,0.6809999999999992,0.0003042,551.4621099581432,5.657727465528165,P-1,2,1.1,1.1,1.0,1.83,3.44,1.415,1.032,1.032,1.0,0.61,0.779901901063802,0.4844720496894411,3,3,4,8,6.0,6,4,8,6,2.0,4.0,2.0,4.0,6.0,1.0,2.0,4.0,6.0,2.0,2.432,2.4,2.01,2.205,-3.0311401315852446,0.0003042,6.0
mp-1277050,Mg2CoWO6,Mg,Mg,Co,W,-2.3145440725,0.08488277575000147,0.0,0.0948606,220.24949048789503,5.841184472889941,P1,1,1.31,1.31,1.88,1.7,3.44,1.79,0.72,0.72,0.65,0.66,0.72947268910729,0.015267175572519097,2,2,9,6,7.5,4,9,6,8,4.75,3.25,4.25,2.75,7.0,2.0,4.25,2.75,7.0,1.5,2.12,2.05,2.06,2.0549999999999997,-2.3138624031348156,0.0948606,7.0
mp-1276679,Sr2ZrVO6,Sr,Sr,Zr,V,-3.272632040500001,0.017182089680170876,1.5101,0.0024147,532.1204568199388,5.160260217908138,Pnma,62,0.95,0.95,1.33,1.63,3.44,1.48,1.18,1.18,0.72,0.79,0.8465593946456115,0.09271523178807956,2,2,4,5,4.5,4,4,5,8,3.75,4.25,0.25,0.75,1.0,4.0,0.25,0.75,1.0,0.5,2.58,2.12,2.19,2.1550000000000002,-3.288031505121174,0.0024147,1.0
mp-1276755,Sr2FeOsO6,Sr,Sr,Fe,Os,-2.3253377969999995,0.006774390499999505,0.18480000000000008,10.0001281,252.66548047436405,6.799629208429673,R-3m,166,0.95,0.95,1.83,2.2,3.44,2.015,1.18,1.18,0.61,0.63,0.9031363838917289,0.03225806451612906,2,2,8,8,8.0,4,8,8,8,4.0,4.0,4.0,4.0,8.0,3.0,4.0,4.0,8.0,0.0,2.58,2.01,2.03,2.0199999999999996,-2.3206620787641845,10.0001281,10.0001281
mp-1277156,La2ZnCoO6,La,La,Zn,Co,-2.645467374750001,0.008335445250000184,0.5781999999999998,0.0733194,478.28511974519404,6.918022166129852,P-1,2,1.1,1.1,1.65,1.88,3.44,1.765,1.032,1.032,0.74,0.65,0.8208514042222834,0.12949640287769779,3,3,12,9,10.5,6,12,9,6,3.75,2.25,8.25,6.75,15.0,10.0,1.75,3.25,5.0,1.5,2.432,2.1399999999999997,2.05,2.0949999999999998,-2.676585287674073,0.0733194,5.0
mp-1277332,Ba2NbVO6,Ba,Ba,Nb,V,-3.0946411980000006,0.02477052499999921,0.0,0.1300782,277.21777229379177,6.163706516815366,C2/m,12,0.89,0.89,1.6,1.63,3.44,1.615,1.35,1.35,0.72,0.79,0.902340440029237,0.09271523178807956,2,2,5,5,5.0,4,5,5,8,4.0,4.0,1.0,1.0,2.0,3.0,1.0,1.0,2.0,0.0,2.75,2.12,2.19,2.1550000000000002,-3.0880235933557114,0.1300782,2.0
mp-1277787,Ba2FeMoO6,Ba,Ba,Fe,Mo,-2.500273185,0.0008374230000001148,0.8640999999999996,3.2e-06,275.3149436666431,6.302050888579908,P4_2/mnm,136,0.89,0.89,1.83,2.16,3.44,1.995,1.35,1.35,0.61,0.69,0.9485578772014662,0.12307692307692303,2,2,8,6,7.0,4,8,6,8,4.5,3.5,3.5,2.5,6.0,1.0,3.5,2.5,6.0,1.0,2.75,2.01,2.09,2.05,-2.4836026057678215,3.2e-06,6.0
mp-1277741,Zn2CrWO6,Zn,Zn,Cr,W,-1.9938666864999994,0.09109384350001282,1.9757599323024984,8.000255,213.9767320934092,7.18068009534795,P2_1/c,14,1.65,1.65,1.66,1.7,3.44,1.68,0.74,0.74,0.73,0.66,0.7222952323337526,0.10071942446043157,2,2,6,6,6.0,4,6,6,8,4.0,4.0,2.0,2.0,4.0,1.0,2.0,2.0,4.0,0.0,2.1399999999999997,2.13,2.06,2.0949999999999998,-2.0337413993514284,8.000255,8.000255
mp-1277771,La2TiCrO6,La,La,Ti,Cr,-3.401008692833334,0.07985040366665963,0.0,1.9991852,252.26225164762326,6.235956955709963,P-1,2,1.1,1.1,1.54,1.66,3.44,1.6,1.032,1.032,0.86,0.73,0.7834549848955279,0.16352201257861637,3,3,4,6,5.0,6,4,6,6,2.5,3.5,1.5,2.5,4.0,1.0,1.5,2.5,4.0,1.0,2.432,2.26,2.13,2.195,-3.3935275614363825,1.9991852,4.0
mp-1278033,Sr2FeReO6,Sr,Sr,Fe,Re,-2.519913442,0.022569223000000527,0.0,2.7981499,504.73067010744296,6.754774316702396,P-1,2,0.95,0.95,1.83,1.9,3.44,1.865,1.18,1.18,0.61,0.63,0.9031363838917289,0.03225806451612906,2,2,8,7,7.5,4,8,7,8,4.25,3.75,3.75,3.25,7.0,2.0,3.75,3.25,7.0,0.5,2.58,2.01,2.03,2.0199999999999996,-2.4953600621505343,2.7981499,7.0
mp-1278154,Sr2FeWO6,Sr,Sr,Fe,W,-2.659549848,0.003465480000000909,2.3907999999999996,0.0002122,264.2602920699186,6.420979400286363,P-1,2,0.95,0.95,1.83,1.7,3.44,1.7650000000000001,1.18,1.18,0.61,0.66,0.8964793589490381,0.07874015748031503,2,2,8,6,7.0,4,8,6,8,4.5,3.5,3.5,2.5,6.0,1.0,3.5,2.5,6.0,1.0,2.58,2.01,2.06,2.035,-2.6837426683738244,0.0002122,6.0
mp-1278779,Sr2NbCoO6,Sr,Sr,Nb,Co,-2.77512383675,0.010570916892828741,1.0566999999999998,0.2779914,514.8732246226228,5.457919751984342,Pmn2_1,31,0.95,0.95,1.6,1.88,3.44,1.74,1.18,1.18,0.72,0.65,0.8749810529790373,0.10218978102189773,2,2,5,9,7.0,4,5,9,8,3.0,5.0,2.0,4.0,6.0,1.0,2.0,4.0,6.0,2.0,2.58,2.12,2.05,2.085,-2.741672389013246,0.2779914,6.0
mp-1278360,Sr2FeWO6,Sr,Sr,Fe,W,-2.6202676420000004,0.04274768600000023,0.5759999999999996,10.0003453,261.5142407989784,6.488403409735971,C2/m,12,0.95,0.95,1.83,1.7,3.44,1.7650000000000001,1.18,1.18,0.61,0.66,0.8964793589490381,0.07874015748031503,2,2,8,6,7.0,4,8,6,8,4.5,3.5,3.5,2.5,6.0,1.0,3.5,2.5,6.0,1.0,2.58,2.01,2.06,2.035,-2.6118872618126794,10.0003453,10.0003453
mp-1278534,Ba2MnNbO6,Ba,Ba,Mn,Nb,-2.961725350793105,0.00636035566666493,0.8068999999999997,0.0,280.2499845775222,6.144377957724207,I4/mmm,139,0.89,0.89,1.55,1.6,3.44,1.5750000000000002,1.35,1.35,0.67,0.72,0.9281831256625327,0.07194244604316537,2,2,7,5,6.0,4,7,5,8,4.5,3.5,2.5,1.5,4.0,1.0,2.5,1.5,4.0,1.0,2.75,2.07,2.12,2.0949999999999998,-2.9758255879082736,0.0,4.0
mp-1278734,Sr2VMoO6,Sr,Sr,V,Mo,-2.7541290020000004,0.011602324328125135,1.0451999999999995,5.9999388,256.18573310415854,5.420294877096067,Pmna,53,0.95,0.95,1.63,2.16,3.44,1.895,1.18,1.18,0.79,0.69,0.8524932221781742,0.13513513513513525,2,2,5,6,5.5,4,5,6,8,3.75,4.25,1.25,1.75,3.0,2.0,1.25,1.75,3.0,0.5,2.58,2.19,2.09,2.1399999999999997,-2.7552443835531544,5.9999388,5.9999388
mp-1278519,Ba2MnNbO6,Ba,Ba,Mn,Nb,-2.9515829482931055,0.016502758166664577,0.07640000000000002,16.0006634,558.0898362126841,6.17091269597839,I4_1/amd,141,0.89,0.89,1.55,1.6,3.44,1.5750000000000002,1.35,1.35,0.67,0.72,0.9281831256625327,0.07194244604316537,2,2,7,5,6.0,4,7,5,8,4.5,3.5,2.5,1.5,4.0,1.0,2.5,1.5,4.0,1.0,2.75,2.07,2.12,2.0949999999999998,-2.9404164100426713,16.0006634,16.0006634
mp-1279644,La2TiCrO6,La,La,Ti,Cr,-3.399820758833333,0.08103833766666035,0.0,1.9953911,252.48472759249773,6.230462166266075,P-1,2,1.1,1.1,1.54,1.66,3.44,1.6,1.032,1.032,0.86,0.73,0.7834549848955279,0.16352201257861637,3,3,4,6,5.0,6,4,6,6,2.5,3.5,1.5,2.5,4.0,1.0,1.5,2.5,4.0,1.0,2.432,2.26,2.13,2.195,-3.398300651005085,1.9953911,4.0
mp-1279341,Sr2MnMoO6,Sr,Sr,Mn,Mo,-2.6239704102931034,0.024839112499999594,0.0,1.9860623,261.551320767287,5.359846973218961,P4/m,83,0.95,0.95,1.55,2.16,3.44,1.855,1.18,1.18,0.67,0.69,0.8770843728179291,0.029411764705882217,2,2,7,6,6.5,4,7,6,8,4.25,3.75,2.75,2.25,5.0,0.0,2.75,2.25,5.0,0.5,2.58,2.07,2.09,2.08,-2.613195290444176,1.9860623,5.0
mp-1279561,Sr2HfFeO6,Sr,Sr,Hf,Fe,-2.9707914525000008,0.04688245799999713,0.0,8.0005674,259.0654707339726,6.481149799315884,C2/m,12,0.95,0.95,1.3,1.83,3.44,1.565,1.18,1.18,0.71,0.61,0.8855997550782975,0.1515151515151515,2,2,4,8,6.0,4,4,8,8,3.0,5.0,1.0,3.0,4.0,1.0,1.0,3.0,4.0,2.0,2.58,2.11,2.01,2.0599999999999996,-2.989204924361588,8.0005674,8.0005674
mp-1280283,FeRe(PbO3)2,Pb,Pb,Fe,Re,-1.6732282832499998,0.07857370281696419,0.0,3.0006732,130.27037259429963,9.591359421666516,I4,79,1.8,1.8,1.83,1.9,3.44,1.865,1.19,1.19,0.61,0.63,0.9066369125114643,0.03225806451612906,2,2,8,7,7.5,4,8,7,8,4.25,3.75,3.75,3.25,7.0,2.0,3.75,3.25,7.0,0.5,2.59,2.01,2.03,2.0199999999999996,-1.6698410667692782,3.0006732,7.0
mp-1280871,CaLa2CoO6,La,La,Ca,Co,-2.9275443340000016,0.031159318583332762,1.4128999999999996,4.0003141,529.9316919643029,5.926300780138329,P-1,2,1.1,1.1,1.0,1.88,3.44,1.44,1.032,1.032,1.0,0.65,0.7728915468969365,0.42424242424242425,3,3,4,9,6.5,6,4,9,6,1.75,4.25,2.25,4.75,7.0,2.0,2.25,4.75,7.0,2.5,2.432,2.4,2.05,2.2249999999999996,-2.955818623938101,4.0003141,7.0
mp-1281679,Sr2CoSbO6,Sr,Sr,Co,Sb,-2.353917744750001,0.021916163750018036,1.0375999999999994,0.0055046,512.4779703377711,5.85739713575651,P2/m,10,0.95,0.95,1.88,2.05,3.44,1.9649999999999999,1.18,1.18,0.65,0.76,0.8666676938058397,0.15602836879432622,2,2,9,5,7.0,4,9,15,8,2.5,5.5,6.5,9.5,16.0,11.0,3.5,0.5,4.0,3.0,2.58,2.05,2.16,2.105,-2.356142265976975,0.0055046,4.0
mp-1282595,Mn2FeReO6,Mn,Mn,Fe,Re,-1.882578112836208,0.09335516603571392,0.0,2.0270049,222.26377494535188,6.6929135506129445,P-1,2,1.55,1.55,1.83,1.9,3.44,1.865,0.67,0.67,0.61,0.63,0.7246094242852243,0.03225806451612906,2,2,8,7,7.5,4,8,7,8,4.25,3.75,3.75,3.25,7.0,2.0,3.75,3.25,7.0,0.5,2.07,2.01,2.03,2.0199999999999996,-1.9006562656655037,2.0270049,7.0
mp-1281818,Sr2MnNbO6,Sr,Sr,Mn,Nb,-2.990224571043105,0.004637322750001616,1.7225000000000001,2e-07,524.6461563686585,5.305671828528409,C2/c,15,0.95,0.95,1.55,1.6,3.44,1.5750000000000002,1.18,1.18,0.67,0.72,0.870804532439758,0.07194244604316537,2,2,7,5,6.0,4,7,5,8,4.5,3.5,2.5,1.5,4.0,1.0,2.5,1.5,4.0,1.0,2.58,2.07,2.12,2.0949999999999998,-3.0049351698949,2e-07,4.0
mp-1282430,Zn2CrWO6,Zn,Zn,Cr,W,-2.0094677269999996,0.07549280300001193,1.8014999999999999,1.9963697,221.09877107060063,6.949375853926,P1,1,1.65,1.65,1.66,1.7,3.44,1.68,0.74,0.74,0.73,0.66,0.7222952323337526,0.10071942446043157,2,2,6,6,6.0,4,6,6,8,4.0,4.0,2.0,2.0,4.0,1.0,2.0,2.0,4.0,0.0,2.1399999999999997,2.13,2.06,2.0949999999999998,-1.9847458634957909,1.9963697,4.0
mp-1282190,Sr2VMoO6,Sr,Sr,V,Mo,-2.7550891125000008,0.01064221382812569,0.37040000000000006,0.0079707,257.81877201688746,5.385962417967826,Fmm2,42,0.95,0.95,1.63,2.16,3.44,1.895,1.18,1.18,0.79,0.69,0.8524932221781742,0.13513513513513525,2,2,5,6,5.5,4,5,6,8,3.75,4.25,1.25,1.75,3.0,2.0,1.25,1.75,3.0,0.5,2.58,2.19,2.09,2.1399999999999997,-2.7332629100881154,0.0079707,3.0
mp-1282646,Sr2FeWO6,Sr,Sr,Fe,W,-2.621619960000001,0.04139536799999988,1.0487000000000002,9.9999077,262.13853852458914,6.472950910785065,P1,1,0.95,0.95,1.83,1.7,3.44,1.7650000000000001,1.18,1.18,0.61,0.66,0.8964793589490381,0.07874015748031503,2,2,8,6,7.0,4,8,6,8,4.5,3.5,3.5,2.5,6.0,1.0,3.5,2.5,6.0,1.0,2.58,2.01,2.06,2.035,-2.6094371975818578,9.9999077,9.9999077
mp-1282288,Sr2CrWO6,Sr,Sr,Cr,W,-2.7627194814999996,0.0028087169999988504,1.1375000000000002,4.0017218,256.55382715121806,6.5640314656357575,P4/mmm,123,0.95,0.95,1.66,1.7,3.44,1.68,1.18,1.18,0.73,0.66,0.870804532439758,0.10071942446043157,2,2,6,6,6.0,4,6,6,8,4.0,4.0,2.0,2.0,4.0,1.0,2.0,2.0,4.0,0.0,2.58,2.13,2.06,2.0949999999999998,-2.7845657367934513,4.0017218,4.0017218
mp-1282800,Ca2CrWO6,Ca,Ca,Cr,W,-2.7876843234999997,0.015114458194448233,1.8634,3.9998085,238.8217356634188,5.729151898970449,P2_1/c,14,1.0,1.0,1.66,1.7,3.44,1.68,1.0,1.0,0.73,0.66,0.8100507278509376,0.10071942446043157,2,2,6,6,6.0,4,6,6,8,4.0,4.0,2.0,2.0,4.0,1.0,2.0,2.0,4.0,0.0,2.4,2.13,2.06,2.0949999999999998,-2.794012492493896,3.9998085,4.0
mp-1283831,Sr2TaCoO6,Sr,Sr,Ta,Co,-2.8922386277333345,0.0,0.8935,7.8576688,496.5161430306302,6.837485934413075,R-3m,166,0.95,0.95,1.5,1.88,3.44,1.69,1.18,1.18,0.72,0.65,0.8749810529790373,0.10218978102189773,2,2,5,9,7.0,4,5,9,8,3.0,5.0,2.0,4.0,6.0,1.0,2.0,4.0,6.0,2.0,2.58,2.12,2.05,2.085,-2.8679766737337506,7.8576688,7.8576688
mp-1282826,Zn2CoWO6,Zn,Zn,Co,W,-1.7824433694999997,0.08489908600000007,2.3939999999999997,6.0044983,217.97261239335657,7.154738746448568,P2_1/c,14,1.65,1.65,1.88,1.7,3.44,1.79,0.74,0.74,0.65,0.66,0.7363545069290567,0.015267175572519097,2,2,9,6,7.5,4,9,6,8,4.75,3.25,4.25,2.75,7.0,2.0,4.25,2.75,7.0,1.5,2.1399999999999997,2.05,2.06,2.0549999999999997,-1.7796090312272017,6.0044983,7.0
mp-1284552,Sr2TaMnO6,Sr,Sr,Ta,Mn,-3.103931391526438,0.0,0.0015999999999998238,8.000058,260.3794391017497,6.468225266089274,C2/m,12,0.95,0.95,1.5,1.55,3.44,1.525,1.18,1.18,0.72,0.67,0.870804532439758,0.07194244604316537,2,2,5,7,6.0,4,5,7,8,3.5,4.5,1.5,2.5,4.0,1.0,1.5,2.5,4.0,1.0,2.58,2.12,2.07,2.0949999999999998,-3.0575448007268045,8.000058,8.000058
mp-1285223,Sr2MnNbO6,Sr,Sr,Mn,Nb,-2.9948618937931046,0.0,1.2020000000000004,1.3e-06,521.3181162052191,5.33954268087458,C2/m,12,0.95,0.95,1.55,1.6,3.44,1.5750000000000002,1.18,1.18,0.67,0.72,0.870804532439758,0.07194244604316537,2,2,7,5,6.0,4,7,5,8,4.5,3.5,2.5,1.5,4.0,1.0,2.5,1.5,4.0,1.0,2.58,2.07,2.12,2.0949999999999998,-2.986995537005217,1.3e-06,4.0
mp-1286819,La2GaCoO6,La,La,Ga,Co,-2.8252331485000006,0.03996963682143573,1.0888000000000009,0.0725961,487.4959286635119,6.8460906564908655,P-1,2,1.1,1.1,1.81,1.88,3.44,1.845,1.032,1.032,0.62,0.65,0.8450534112263801,0.04724409448818902,3,3,3,9,6.0,6,13,9,6,4.0,2.0,9.0,7.0,16.0,11.0,1.0,3.0,4.0,2.0,2.432,2.02,2.05,2.035,-2.8213921661702,0.0725961,4.0
mp-1287594,Ca2CoIrO6,Ca,Ca,Co,Ir,-2.1264216352500016,0.0,0.0,5.0487675,472.07882302054605,6.012154061123967,P2_1/c,14,1.0,1.0,1.88,2.2,3.44,2.04,1.0,1.0,0.65,0.68,0.8218190192967139,0.04511278195488726,2,2,9,9,9.0,4,9,9,8,4.0,4.0,5.0,5.0,10.0,5.0,5.0,5.0,10.0,0.0,2.4,2.05,2.08,2.065,-2.1326039645340518,5.0487675,10.0
mp-1288978,Ba2FeMoO6,Ba,Ba,Fe,Mo,-2.5011106080000003,0.0,0.9037000000000002,2.00003,275.57648782293916,6.296069737591266,C2/c,15,0.89,0.89,1.83,2.16,3.44,1.995,1.35,1.35,0.61,0.69,0.9485578772014662,0.12307692307692303,2,2,8,6,7.0,4,8,6,8,4.5,3.5,3.5,2.5,6.0,1.0,3.5,2.5,6.0,1.0,2.75,2.01,2.09,2.05,-2.4984397899043547,2.00003,6.0
mp-1289222,Mg2FeIrO6,Mg,Mg,Fe,Ir,-1.9974531590000013,0.03350351924999906,0.0,5.9952525,207.4003238707056,6.287755073485727,P2_1/c,14,1.31,1.31,1.83,2.2,3.44,2.015,0.72,0.72,0.61,0.68,0.7330397927215064,0.10852713178294583,2,2,8,9,8.5,4,8,9,8,3.75,4.25,4.25,4.75,9.0,4.0,4.25,4.75,9.0,0.5,2.12,2.01,2.08,2.045,-2.0005025557276124,5.9952525,9.0
mp-1287942,Sr2VMoO6,Sr,Sr,V,Mo,-2.7258580164999997,0.03987330982812587,0.0,0.7792556,256.95353840041463,5.4040984427530665,Pmmm,47,0.95,0.95,1.63,2.16,3.44,1.895,1.18,1.18,0.79,0.69,0.8524932221781742,0.13513513513513525,2,2,5,6,5.5,4,5,6,8,3.75,4.25,1.25,1.75,3.0,2.0,1.25,1.75,3.0,0.5,2.58,2.19,2.09,2.1399999999999997,-2.7116958429662277,0.7792556,3.0
mp-1288318,Sr2MnNbO6,Sr,Sr,Mn,Nb,-2.9891111275431044,0.0057507662500029255,1.2788000000000004,15.998114,524.4632133777175,5.307522550273049,Pnma,62,0.95,0.95,1.55,1.6,3.44,1.5750000000000002,1.18,1.18,0.67,0.72,0.870804532439758,0.07194244604316537,2,2,7,5,6.0,4,7,5,8,4.5,3.5,2.5,1.5,4.0,1.0,2.5,1.5,4.0,1.0,2.58,2.07,2.12,2.0949999999999998,-2.9699770812072126,15.998114,15.998114
mp-1288525,Ba2FeMoO6,Ba,Ba,Fe,Mo,-2.5009825925,0.0001280155000005223,0.8861000000000003,2.00003,274.8251874427259,6.3132815500591,C2/c,15,0.89,0.89,1.83,2.16,3.44,1.995,1.35,1.35,0.61,0.69,0.9485578772014662,0.12307692307692303,2,2,8,6,7.0,4,8,6,8,4.5,3.5,3.5,2.5,6.0,1.0,3.5,2.5,6.0,1.0,2.75,2.01,2.09,2.05,-2.516702381710159,2.00003,6.0
mp-1290236,Mg2TaMnO6,Mg,Mg,Ta,Mn,-2.839054559776438,0.09791749591667376,1.0133,4e-07,431.1988910518854,5.861076029629026,P2_1/m,11,1.31,1.31,1.5,1.55,3.44,1.525,0.72,0.72,0.72,0.67,0.7155448096016616,0.07194244604316537,2,2,5,7,6.0,4,5,7,8,3.5,4.5,1.5,2.5,4.0,1.0,1.5,2.5,4.0,1.0,2.12,2.12,2.07,2.0949999999999998,-2.8656792188475935,4e-07,4.0
mp-1289779,Mn2FeReO6,Mn,Mn,Fe,Re,-1.8959684998362079,0.07996477903571453,0.0,9.9988664,225.9323932562641,6.584236150036387,P2_1,4,1.55,1.55,1.83,1.9,3.44,1.865,0.67,0.67,0.61,0.63,0.7246094242852243,0.03225806451612906,2,2,8,7,7.5,4,8,7,8,4.25,3.75,3.75,3.25,7.0,2.0,3.75,3.25,7.0,0.5,2.07,2.01,2.03,2.0199999999999996,-1.9326926072982737,9.9988664,9.9988664
mp-1289694,Sr2VMoO6,Sr,Sr,V,Mo,-2.7450204104999996,0.02071091582812734,1.2095000000000002,0.0039899,255.49808733873851,5.434883020821078,I4/mmm,139,0.95,0.95,1.63,2.16,3.44,1.895,1.18,1.18,0.79,0.69,0.8524932221781742,0.13513513513513525,2,2,5,6,5.5,4,5,6,8,3.75,4.25,1.25,1.75,3.0,2.0,1.25,1.75,3.0,0.5,2.58,2.19,2.09,2.1399999999999997,-2.7348605839617486,0.0039899,3.0
mp-1290864,Mg2VWO6,Mg,Mg,V,W,-2.6100998200000007,0.021755875083332654,1.8022,6.0000281,220.42555573309204,5.7161106218405235,R3,146,1.31,1.31,1.63,1.7,3.44,1.665,0.72,0.72,0.79,0.66,0.7054430005249321,0.1793103448275862,2,2,5,6,5.5,4,5,6,8,3.75,4.25,1.25,1.75,3.0,2.0,1.25,1.75,3.0,0.5,2.12,2.19,2.06,2.125,-2.632167152123478,6.0000281,6.0000281
mp-1291775,Ba2TaMnO6,Ba,Ba,Ta,Mn,-3.0708360355264377,0.0067472199166669355,1.1822999999999997,16.0003823,557.0139631058895,7.232689527319386,Pnma,62,0.89,0.89,1.5,1.55,3.44,1.525,1.35,1.35,0.72,0.67,0.9281831256625327,0.07194244604316537,2,2,5,7,6.0,4,5,7,8,3.5,4.5,1.5,2.5,4.0,1.0,1.5,2.5,4.0,1.0,2.75,2.12,2.07,2.0949999999999998,-3.113893847385487,16.0003823,16.0003823
mp-1291802,Zn2FeWO6,Zn,Zn,Fe,W,-1.8486232055000003,0.08135449350000012,2.2608127912453817,4.47e-05,223.0000974552784,6.947445208924978,P2_1/c,14,1.65,1.65,1.83,1.7,3.44,1.7650000000000001,0.74,0.74,0.61,0.66,0.7435914062600547,0.07874015748031503,2,2,8,6,7.0,4,8,6,8,4.5,3.5,3.5,2.5,6.0,1.0,3.5,2.5,6.0,1.0,2.1399999999999997,2.01,2.06,2.035,-1.840851633409381,4.47e-05,6.0
mp-1291397,MnZn2WO6,Zn,Zn,Mn,W,-1.9523525852931036,0.09394874350000482,1.9941666680560983,0.0,226.28299619791946,6.833341065011005,P2_1/c,14,1.65,1.65,1.55,1.7,3.44,1.625,0.74,0.74,0.67,0.66,0.7327886255395697,0.015037593984962419,2,2,7,6,6.5,4,7,6,8,4.25,3.75,2.75,2.25,5.0,0.0,2.75,2.25,5.0,0.5,2.1399999999999997,2.07,2.06,2.065,-1.9024925949444478,0.0,5.0
mp-1291005,Mg2FeWO6,Mg,Mg,Fe,W,-2.4033288505000003,0.03803564599999998,0.0,7.99937,220.31276000386455,5.792954375758986,P2_1/c,14,1.31,1.31,1.83,1.7,3.44,1.7650000000000001,0.72,0.72,0.61,0.66,0.7366419538651011,0.07874015748031503,2,2,8,6,7.0,4,8,6,8,4.5,3.5,3.5,2.5,6.0,1.0,3.5,2.5,6.0,1.0,2.12,2.01,2.06,2.035,-2.4034502687307984,7.99937,7.99937
mp-1292643,Mg2CoWO6,Mg,Mg,Co,W,-2.3437539244999996,0.055672923750001324,2.4333,5.57e-05,214.96796568920118,5.984695905155698,P2_1/c,14,1.31,1.31,1.88,1.7,3.44,1.79,0.72,0.72,0.65,0.66,0.72947268910729,0.015267175572519097,2,2,9,6,7.5,4,9,6,8,4.75,3.25,4.25,2.75,7.0,2.0,4.25,2.75,7.0,1.5,2.12,2.05,2.06,2.0549999999999997,-2.326984109010967,5.57e-05,7.0
mp-1292063,Sr2TiFeO6,Sr,Sr,Ti,Fe,-2.880457643333333,0.00686495100000073,0.0,16.7298614,488.34031124061954,5.0998572323247116,Cmmm,65,0.95,0.95,1.54,1.83,3.44,1.685,1.18,1.18,0.86,0.61,0.8544896934244931,0.3401360544217687,2,2,4,8,6.0,4,4,8,8,3.0,5.0,1.0,3.0,4.0,1.0,1.0,3.0,4.0,2.0,2.58,2.26,2.01,2.135,-2.8788210561623817,16.7298614,16.7298614
mp-1292799,Sr2FeSnO6,Sr,Sr,Fe,Sn,-2.3842310562499995,0.04593971099999994,0.0,16.189028,523.1732268104014,5.659724147595282,Fmmm,69,0.95,0.95,1.83,1.96,3.44,1.895,1.18,1.18,0.61,0.69,0.8899197538835574,0.12307692307692303,2,2,8,4,6.0,4,8,14,8,2.5,5.5,5.5,8.5,14.0,9.0,4.5,1.5,6.0,3.0,2.58,2.01,2.09,2.05,-2.3862088493138223,16.189028,16.189028
mp-1295905,Sr2FeSnO6,Sr,Sr,Fe,Sn,-2.3841112564999998,0.04605951075000014,0.0,8.0703205,261.3835323282206,5.664121451683516,Pmmm,47,0.95,0.95,1.83,1.96,3.44,1.895,1.18,1.18,0.61,0.69,0.8899197538835574,0.12307692307692303,2,2,8,4,6.0,4,8,14,8,2.5,5.5,5.5,8.5,14.0,9.0,4.5,1.5,6.0,3.0,2.58,2.01,2.09,2.05,-2.3657297268402444,8.0703205,8.0703205
mp-1294847,Sr2VMoO6,Sr,Sr,V,Mo,-2.6883198535000004,0.07741147282812566,0.0,0.4385677,255.85370945060475,5.427328842373712,Cmmm,65,0.95,0.95,1.63,2.16,3.44,1.895,1.18,1.18,0.79,0.69,0.8524932221781742,0.13513513513513525,2,2,5,6,5.5,4,5,6,8,3.75,4.25,1.25,1.75,3.0,2.0,1.25,1.75,3.0,0.5,2.58,2.19,2.09,2.1399999999999997,-2.6941253443837736,0.4385677,3.0
mp-1295386,La2MgFeO6,La,La,Mg,Fe,-2.9925132845000006,0.010593681375000052,0.0,3.9963423,123.30760464727544,6.1132798812312,R-3,148,1.1,1.1,1.31,1.83,3.44,1.57,1.032,1.032,0.72,0.61,0.8327766062206701,0.16541353383458643,3,3,4,8,6.0,6,4,8,6,2.0,4.0,2.0,4.0,6.0,1.0,2.0,4.0,6.0,2.0,2.432,2.12,2.01,2.065,-2.9871654382185624,3.9963423,6.0
mp-1295166,Sr2FeCoO6,Sr,Sr,Fe,Co,-2.084987923500001,0.026413398177417058,0.0,14.435234,236.92014549681676,5.411041047832237,Cm,8,0.95,0.95,1.83,1.88,3.44,1.855,1.18,1.18,0.61,0.65,0.8986874361878289,0.06349206349206354,2,2,8,9,8.5,4,8,9,8,3.75,4.25,4.25,4.75,9.0,4.0,4.25,4.75,9.0,0.5,2.58,2.01,2.05,2.03,-2.0785539673760804,14.435234,14.435234
mp-1294264,Zn2CoWO6,Zn,Zn,Co,W,-1.8108256059999988,0.056516849500000355,2.3739999999999997,2.9999967,112.06783923739799,6.958004661139808,P1,1,1.65,1.65,1.88,1.7,3.44,1.79,0.74,0.74,0.65,0.66,0.7363545069290567,0.015267175572519097,2,2,9,6,7.5,4,9,6,8,4.75,3.25,4.25,2.75,7.0,2.0,4.25,2.75,7.0,1.5,2.1399999999999997,2.05,2.06,2.0549999999999997,-1.8241874150728596,2.9999967,7.0
mp-1296431,Ca2VWO6,Ca,Ca,V,W,-2.8137880744999997,0.026668706458334412,0.0,3.21e-05,245.82921092452864,5.551592450119017,P2_1/c,14,1.0,1.0,1.63,1.7,3.44,1.665,1.0,1.0,0.79,0.66,0.7986147175753947,0.1793103448275862,2,2,5,6,5.5,4,5,6,8,3.75,4.25,1.25,1.75,3.0,2.0,1.25,1.75,3.0,0.5,2.4,2.19,2.06,2.125,-2.7939472275092694,3.21e-05,3.0
mp-1297347,Sr2FeSnO6,Sr,Sr,Fe,Sn,-2.37324708975,0.05692367749999949,0.0,17.8502015,529.4554455588569,5.592569063160218,Cmcm,63,0.95,0.95,1.83,1.96,3.44,1.895,1.18,1.18,0.61,0.69,0.8899197538835574,0.12307692307692303,2,2,8,4,6.0,4,8,14,8,2.5,5.5,5.5,8.5,14.0,9.0,4.5,1.5,6.0,3.0,2.58,2.01,2.09,2.05,-2.3767462848839083,17.8502015,17.8502015
mp-1301131,Mg2CrWO6,Mg,Mg,Cr,W,-2.5376021364999986,0.06879196625000006,1.8177000000000003,7.9990323,211.93463607058624,5.961645971989135,P2_1/c,14,1.31,1.31,1.66,1.7,3.44,1.68,0.72,0.72,0.73,0.66,0.7155448096016616,0.10071942446043157,2,2,6,6,6.0,4,6,6,8,4.0,4.0,2.0,2.0,4.0,1.0,2.0,2.0,4.0,0.0,2.12,2.13,2.06,2.0949999999999998,-2.5527170396898553,7.9990323,7.9990323
mp-1301773,Zn2FeIrO6,Zn,Zn,Fe,Ir,-1.458106601499999,0.0754956410000025,0.0,5.9997033,210.79903628972852,7.4815409879224815,P2_1/c,14,1.65,1.65,1.83,2.2,3.44,2.015,0.74,0.74,0.61,0.68,0.739955262464162,0.10852713178294583,2,2,8,9,8.5,4,8,9,8,3.75,4.25,4.25,4.75,9.0,4.0,4.25,4.75,9.0,0.5,2.1399999999999997,2.01,2.08,2.045,-1.447376404628591,5.9997033,9.0
mp-1306506,Ca2FeIrO6,Ca,Ca,Fe,Ir,-2.24188327125,0.0,0.0,7.9770048,469.8046864509513,5.997595214470044,P2_1/c,14,1.0,1.0,1.83,2.2,3.44,2.015,1.0,1.0,0.61,0.68,0.8298563691186864,0.10852713178294583,2,2,8,9,8.5,4,8,9,8,3.75,4.25,4.25,4.75,9.0,4.0,4.25,4.75,9.0,0.5,2.4,2.01,2.08,2.045,-2.2598526308858204,7.9770048,9.0
mp-1307944,Ba2TaMnO6,Ba,Ba,Ta,Mn,-3.0699070440264378,0.0076762114166673,1.1315,16.0004006,557.1194947080969,7.231319484947261,C2/c,15,0.89,0.89,1.5,1.55,3.44,1.525,1.35,1.35,0.72,0.67,0.9281831256625327,0.07194244604316537,2,2,5,7,6.0,4,5,7,8,3.5,4.5,1.5,2.5,4.0,1.0,1.5,2.5,4.0,1.0,2.75,2.12,2.07,2.0949999999999998,-3.069343420879055,16.0004006,16.0004006
mp-1309882,Ba2TaMnO6,Ba,Ba,Ta,Mn,-3.0714250210264367,0.006158234416668407,1.1694,8.5e-06,557.4106788280999,7.227541937295839,I4/mmm,139,0.89,0.89,1.5,1.55,3.44,1.525,1.35,1.35,0.72,0.67,0.9281831256625327,0.07194244604316537,2,2,5,7,6.0,4,5,7,8,3.5,4.5,1.5,2.5,4.0,1.0,1.5,2.5,4.0,1.0,2.75,2.12,2.07,2.0949999999999998,-3.0716074009593206,8.5e-06,4.0
mp-1308495,Mg2CrWO6,Mg,Mg,Cr,W,-2.5602806284999984,0.04611347424999934,2.1684,1.9996909,217.21232178288287,5.816793720929513,P1,1,1.31,1.31,1.66,1.7,3.44,1.68,0.72,0.72,0.73,0.66,0.7155448096016616,0.10071942446043157,2,2,6,6,6.0,4,6,6,8,4.0,4.0,2.0,2.0,4.0,1.0,2.0,2.0,4.0,0.0,2.12,2.13,2.06,2.0949999999999998,-2.5385627171833667,1.9996909,4.0
mp-1310691,Li2FeTeO6,Li,Li,Fe,Te,-1.7049298650833336,0.08757043207499926,0.0,16.0016395,413.4520932472299,4.712274756700237,P1,1,0.98,0.98,1.83,2.1,3.44,1.965,0.76,0.76,0.61,2.21,0.5435411556451754,1.1347517730496455,1,1,8,4,6.0,2,8,4,10,6.0,4.0,2.0,0.0,2.0,3.0,2.0,0.0,2.0,2.0,2.16,2.01,3.61,2.8099999999999996,-1.6954359004257344,16.0016395,16.0016395
mp-1310548,Ca2CoIrO6,Ca,Ca,Co,Ir,-2.096787029250001,0.02963460600001344,0.0,2.22924,459.44491837741606,6.177477428669957,Pc,7,1.0,1.0,1.88,2.2,3.44,2.04,1.0,1.0,0.65,0.68,0.8218190192967139,0.04511278195488726,2,2,9,9,9.0,4,9,9,8,4.0,4.0,5.0,5.0,10.0,5.0,5.0,5.0,10.0,0.0,2.4,2.05,2.08,2.065,-2.0972875684249037,2.22924,10.0
mp-1323661,Mg2TaCrO6,Mg,Mg,Ta,Cr,-2.9425004074833323,0.09664210041667509,2.8253999999999997,0.0,423.522688747894,5.921167135853565,P2_1/m,11,1.31,1.31,1.5,1.66,3.44,1.58,0.72,0.72,0.72,0.73,0.7054430005249321,0.013793103448275874,2,2,5,6,5.5,4,5,6,8,3.75,4.25,1.25,1.75,3.0,2.0,1.25,1.75,3.0,0.5,2.12,2.12,2.13,2.125,-2.9261450814993264,0.0,3.0
mp-1320262,ZnFe(SiO3)2,Si,Si,Zn,Fe,-2.613192771250001,0.03062488766667215,2.9053999999999998,0.0013336,470.01869704584914,3.863905158092157,P-1,2,1.9,1.9,1.65,1.83,3.44,1.74,0.4,0.4,0.74,0.61,0.6133938342823061,0.1925925925925926,2,2,12,8,10.0,4,12,8,8,5.0,3.0,7.0,5.0,12.0,7.0,3.0,5.0,8.0,2.0,1.7999999999999998,2.1399999999999997,2.01,2.0749999999999997,-2.5853886202696548,0.0013336,8.0
mp-1323702,TaZn2SbO6,Zn,Zn,Ta,Sb,-2.140138780233334,0.20044904099999528,1.1301000000000005,0.0046081,243.04228352025476,7.235715704015071,P2_1/m,11,1.65,1.65,1.5,2.05,3.44,1.775,0.74,0.74,0.72,0.76,0.7071067811865475,0.054054054054054106,2,2,5,5,5.0,4,5,15,8,1.5,6.5,3.5,8.5,12.0,7.0,3.5,1.5,5.0,2.0,2.1399999999999997,2.12,2.16,2.14,-2.1289825741062964,0.0046081,5.0
mp-1323850,Ca2SnWO6,Ca,Ca,Sn,W,-2.5780566335,0.10823543433333516,1.476,0.0006668,279.93043325571495,5.679297019196399,P2_1/c,14,1.0,1.0,1.96,1.7,3.44,1.83,1.0,1.0,0.69,0.66,0.8178584457097415,0.044444444444444314,2,2,4,6,5.0,4,14,6,8,6.0,2.0,8.0,4.0,12.0,7.0,2.0,4.0,6.0,2.0,2.4,2.09,2.06,2.075,-2.5778495811031323,0.0006668,6.0
mp-1324912,Mg2AgWO6,Mg,Mg,Ag,W,-2.1357507411666665,0.0978242309999997,0.0,1.9041784,237.84887984135617,6.09225017265964,P2_1/c,14,1.31,1.31,1.93,1.7,3.44,1.815,0.72,0.72,1.15,0.66,0.6503541761889289,0.5414364640883976,2,2,11,6,8.5,4,11,6,8,5.25,2.75,5.75,3.25,9.0,4.0,4.25,3.25,7.5,1.0,2.12,2.55,2.06,2.3049999999999997,-2.1619874658136697,1.9041784,7.5
mp-1326240,TaZn2CrO6,Zn,Zn,Ta,Cr,-2.3953224587333324,0.11263109050000697,0.0,6.0032151,213.84402803524975,7.140220461312316,P2_1/m,11,1.65,1.65,1.5,1.66,3.44,1.58,0.74,0.74,0.72,0.73,0.7120981231713935,0.013793103448275874,2,2,5,6,5.5,4,5,6,8,3.75,4.25,1.25,1.75,3.0,2.0,1.25,1.75,3.0,0.5,2.1399999999999997,2.12,2.13,2.125,-2.41662473199484,6.0032151,6.0032151
mp-1326305,Ca2MnNiO6,Ca,Ca,Mn,Ni,-1.991806332293104,0.18866654079166612,0.0,9.9965697,257.1777823882013,3.7421381559158635,C2,5,1.0,1.0,1.55,1.91,3.44,1.73,1.0,1.0,0.67,0.69,0.8158924398306316,0.029411764705882217,2,2,7,10,8.5,4,7,10,8,3.25,4.75,3.75,5.25,9.0,4.0,3.75,4.75,8.5,1.0,2.4,2.07,2.09,2.08,-1.9979108263801975,9.9965697,9.9965697
mp-1329037,Mg2AgSbO6,Mg,Mg,Ag,Sb,-1.9070274946666665,0.1072067174166671,0.00010000000000021103,0.0012409,234.07646637553967,5.30964247593056,P2_1/m,11,1.31,1.31,1.93,2.05,3.44,1.9899999999999998,0.72,0.72,1.15,0.76,0.6365462318961701,0.40837696335078527,2,2,11,5,8.0,4,11,15,8,3.0,5.0,8.0,10.0,18.0,13.0,2.0,0.0,2.0,2.0,2.12,2.55,2.16,2.355,-1.9192177387098521,0.0012409,2.0
mp-1328974,Mg2TiWO6,Mg,Mg,Ti,W,-2.810826894333334,0.09879964208333014,1.6687000000000003,3.9999309,214.24457004747418,5.833362336507779,P2_1/c,14,1.31,1.31,1.54,1.7,3.44,1.62,0.72,0.72,0.86,0.66,0.6940122111645743,0.26315789473684204,2,2,4,6,5.0,4,4,6,8,3.5,4.5,0.5,1.5,2.0,3.0,0.5,1.5,2.0,1.0,2.12,2.26,2.06,2.16,-2.814566320393043,3.9999309,3.9999309
mp-1330338,Mg2TaWO6,Mg,Mg,Ta,W,-2.749370825733333,0.13910626537500548,2.4388000000000005,6.0000852,227.10241563582633,7.449230348837682,P2_1/c,14,1.31,1.31,1.5,1.7,3.44,1.6,0.72,0.72,0.72,0.66,0.7172566392897037,0.08695652173913036,2,2,5,6,5.5,4,5,6,8,3.75,4.25,1.25,1.75,3.0,2.0,1.25,1.75,3.0,0.5,2.12,2.12,2.06,2.09,-2.748237827235391,6.0000852,6.0000852
mp-1331696,Ca2TaSnO6,Ca,Ca,Ta,Sn,-2.9899778272333335,0.11151713544641595,0.0,0.0030727,267.26767192691955,5.912436424782463,P2_1/m,11,1.0,1.0,1.5,1.96,3.44,1.73,1.0,1.0,0.72,0.69,0.8062025058658974,0.04255319148936174,2,2,5,4,4.5,4,5,14,8,1.75,6.25,3.25,7.75,11.0,6.0,3.25,2.25,5.5,1.0,2.4,2.12,2.09,2.105,-2.979383972146199,0.0030727,5.5
mp-1331701,Mg2TaSnO6,Mg,Mg,Ta,Sn,-2.7138101812333333,0.1958109998125046,0.0,0.000395,236.14632817941998,6.247975139423791,P2_1/m,11,1.31,1.31,1.5,1.96,3.44,1.73,0.72,0.72,0.72,0.69,0.7121455468482094,0.04255319148936174,2,2,5,4,4.5,4,5,14,8,1.75,6.25,3.25,7.75,11.0,6.0,3.25,2.25,5.5,1.0,2.12,2.12,2.09,2.105,-2.715220156794515,0.000395,5.5
mp-1331730,Ca2BiSbO6,Ca,Ca,Bi,Sb,-2.4398850320000007,0.06675330137499991,0.8357000000000001,0.000887,283.89173460801675,5.929833070458702,P2_1/m,11,1.0,1.0,1.9,2.05,3.44,1.9749999999999999,1.0,1.0,1.03,0.76,0.7394580718290693,0.3016759776536313,2,2,5,5,5.0,4,15,15,8,4.0,4.0,10.0,10.0,20.0,15.0,0.0,0.0,0.0,0.0,2.4,2.4299999999999997,2.16,2.295,-2.4301549991234768,0.000887,0.000887
mp-1333042,Mg2CuWO6,Mg,Mg,Cu,W,-2.2545116655,0.07910794199999938,0.2642000000000002,2.0002763,220.73635459867452,5.897702678864704,P2_1/c,14,1.31,1.31,1.9,1.7,3.44,1.7999999999999998,0.72,0.72,0.77,0.66,0.708778428423395,0.1538461538461538,2,2,11,6,8.5,4,11,6,8,5.25,2.75,5.75,3.25,9.0,4.0,4.25,3.25,7.5,1.0,2.12,2.17,2.06,2.115,-2.2532221772037975,2.0002763,7.5
mp-1337297,Zn2CuSbO6,Zn,Zn,Cu,Sb,-1.4829548339999996,0.11873001324999954,0.0,0.0014846,218.8564586435589,6.253797850338911,P2_1/m,11,1.65,1.65,1.9,2.05,3.44,1.9749999999999999,0.74,0.74,0.77,0.76,0.6989415758610676,0.013071895424836612,2,2,11,5,8.0,4,11,15,8,3.0,5.0,8.0,10.0,18.0,13.0,2.0,0.0,2.0,2.0,2.1399999999999997,2.17,2.16,2.165,-1.522464165327077,0.0014846,2.0
mp-1337089,Ca2CuRhO6,Ca,Ca,Cu,Rh,-1.8636564919999998,0.11439679837499916,0.0,0.0001389,268.19679109002055,4.242460611121976,C2,5,1.0,1.0,1.9,2.28,3.44,2.09,1.0,1.0,0.77,0.665,0.8014433411323325,0.1463414634146341,2,2,11,9,10.0,4,11,9,8,4.5,3.5,6.5,5.5,12.0,7.0,3.5,4.5,8.0,1.0,2.4,2.17,2.065,2.1174999999999997,-1.8824431998763749,0.0001389,8.0
mp-1339992,TaZn2WO6,Zn,Zn,Ta,W,-2.198581394233333,0.14967848312499932,0.8253542035266128,5.9993836,236.35655268706944,8.312684273262315,P2_1/c,14,1.65,1.65,1.5,1.7,3.44,1.6,0.74,0.74,0.72,0.66,0.7240232113584745,0.08695652173913036,2,2,5,6,5.5,4,5,6,8,3.75,4.25,1.25,1.75,3.0,2.0,1.25,1.75,3.0,0.5,2.1399999999999997,2.12,2.06,2.09,-2.2014631453477653,5.9993836,5.9993836
mp-1339909,Zn2NiSbO6,Zn,Zn,Ni,Sb,-1.5239500664999994,0.13257886000000063,0.0,2.0015849,212.13774224703295,6.37589602161004,P2_1/m,11,1.65,1.65,1.91,2.05,3.44,1.98,0.74,0.74,0.69,0.76,0.7120981231713935,0.09655172413793112,2,2,10,5,7.5,4,10,15,8,2.75,5.25,7.25,9.75,17.0,12.0,2.75,0.25,3.0,2.5,2.1399999999999997,2.09,2.16,2.125,-1.5481439613568215,2.0015849,3.0
mp-1340170,Ca2TiIrO6,Ca,Ca,Ti,Ir,-2.811912284333334,0.017106052750001766,0.0,2.0018786,232.61631793278065,5.942633863771694,P2_1/c,14,1.0,1.0,1.54,2.2,3.44,1.87,1.0,1.0,0.86,0.68,0.7820535828791308,0.23376623376623368,2,2,4,9,6.5,4,4,9,8,2.75,5.25,1.25,3.75,5.0,0.0,1.25,3.75,5.0,2.5,2.4,2.26,2.08,2.17,-2.79991370973341,2.0018786,5.0
mp-1340585,TaZn2FeO6,Zn,Zn,Ta,Fe,-2.216480632733334,0.10519843425000275,1.6750363604072924,9.9999053,216.84437765622891,7.10037317450015,P2_1/m,11,1.65,1.65,1.5,1.83,3.44,1.665,0.74,0.74,0.72,0.61,0.7327886255395697,0.16541353383458643,2,2,5,8,6.5,4,5,8,8,3.25,4.75,1.75,3.25,5.0,0.0,1.75,3.25,5.0,1.5,2.1399999999999997,2.12,2.01,2.065,-2.18586561608646,9.9999053,9.9999053
mp-1341170,Ca2SbWO6,Ca,Ca,Sb,W,-2.5012528919999992,0.14905756633333134,0.47630000000000017,1.999212,273.2181471827018,5.855897128319473,P2_1/m,11,1.0,1.0,2.05,1.7,3.44,1.875,1.0,1.0,0.76,0.66,0.8042920733875422,0.1408450704225352,2,2,5,6,5.5,4,15,6,8,6.25,1.75,8.75,4.25,13.0,8.0,1.25,4.25,5.5,3.0,2.4,2.16,2.06,2.1100000000000003,-2.476877654966053,1.999212,5.5
mp-1341944,Ca2TaFeO6,Ca,Ca,Ta,Fe,-3.035638443733334,0.005046326250001343,1.2065684344585677,10.0000289,242.11174671623556,5.664423804845699,P2_1/m,11,1.0,1.0,1.5,1.83,3.44,1.665,1.0,1.0,0.72,0.61,0.8218190192967139,0.16541353383458643,2,2,5,8,6.5,4,5,8,8,3.25,4.75,1.75,3.25,5.0,0.0,1.75,3.25,5.0,1.5,2.4,2.12,2.01,2.065,-3.0399073011519384,10.0000289,10.0000289
mp-1342645,Mg2TiSbO6,Mg,Mg,Ti,Sb,-2.6970260753333335,0.17051085060416504,0.0,5.79e-05,221.21951082390586,4.717457655666946,P2_1/m,11,1.31,1.31,1.54,2.05,3.44,1.795,0.72,0.72,0.86,0.76,0.6783105774278193,0.12345679012345676,2,2,4,5,4.5,4,4,15,8,1.25,6.75,2.75,8.25,11.0,6.0,2.75,1.75,4.5,1.0,2.12,2.26,2.16,2.21,-2.6672115525963345,5.79e-05,4.5
mp-1342933,Mg2TiIrO6,Mg,Mg,Ti,Ir,-2.5438472113333335,0.1255660347499994,0.0,2.0025917,206.46775695517076,6.187827562607366,P2_1/c,14,1.31,1.31,1.54,2.2,3.44,1.87,0.72,0.72,0.86,0.68,0.690813998209899,0.23376623376623368,2,2,4,9,6.5,4,4,9,8,2.75,5.25,1.25,3.75,5.0,0.0,1.25,3.75,5.0,2.5,2.12,2.26,2.08,2.17,-2.5408738621892915,2.0025917,5.0
mp-1343267,Zn2CuWO6,Zn,Zn,Cu,W,-1.6828120944999996,0.09845078162499554,0.10520183962038798,2.0002571,220.8285617228894,7.131580123096664,P2_1/c,14,1.65,1.65,1.9,1.7,3.44,1.7999999999999998,0.74,0.74,0.77,0.66,0.7154650173707854,0.1538461538461538,2,2,11,6,8.5,4,11,6,8,5.25,2.75,5.75,3.25,9.0,4.0,4.25,3.25,7.5,1.0,2.1399999999999997,2.17,2.06,2.115,-1.6895538139223603,2.0002571,7.5
mp-1343439,Mg2BiWO6,Mg,Mg,Bi,W,-2.310273343000001,0.11184079216666643,1.9292999999999996,2.0002822,251.03339631764666,7.109955975382875,P2_1/c,14,1.31,1.31,1.9,1.7,3.44,1.7999999999999998,0.72,0.72,1.03,0.66,0.6677355795614612,0.4378698224852071,2,2,5,6,5.5,4,15,6,8,6.25,1.75,8.75,4.25,13.0,8.0,1.25,4.25,5.5,3.0,2.12,2.4299999999999997,2.06,2.245,-2.3225413962708195,2.0002822,5.5
mp-1343260,Mg2SnIrO6,Mg,Mg,Sn,Ir,-2.1027593069999995,0.13960686699999858,0.0,1.9927734,220.4903321211478,6.861353063610453,P2_1/c,14,1.31,1.31,1.96,2.2,3.44,2.08,0.72,0.72,0.69,0.68,0.7189766791920771,0.014598540145985252,2,2,4,9,6.5,4,14,9,8,5.25,2.75,8.75,6.25,15.0,10.0,1.25,3.75,5.0,2.5,2.12,2.09,2.08,2.085,-2.108808700729762,1.9927734,5.0
mp-1343823,Ca2TaSbO6,Ca,Ca,Ta,Sb,-2.9304265817333333,0.1214197255000018,0.8163,0.0005503,272.20951002600606,5.842310236831935,P2_1/m,11,1.0,1.0,1.5,2.05,3.44,1.775,1.0,1.0,0.72,0.76,0.7930169508634178,0.054054054054054106,2,2,5,5,5.0,4,5,15,8,1.5,6.5,3.5,8.5,12.0,7.0,3.5,1.5,5.0,2.0,2.4,2.12,2.16,2.14,-2.9381901181041576,0.0005503,5.0
mp-1344130,Zn2SnWO6,Zn,Zn,Sn,W,-1.8031265154999994,0.15647768850000077,1.5411000000000001,0.0059274,254.41685683818307,6.910157438620386,P2_1/c,14,1.65,1.65,1.96,1.7,3.44,1.83,0.74,0.74,0.69,0.66,0.7292571140911861,0.044444444444444314,2,2,4,6,5.0,4,14,6,8,6.0,2.0,8.0,4.0,12.0,7.0,2.0,4.0,6.0,2.0,2.1399999999999997,2.09,2.06,2.075,-1.7997181910524895,0.0059274,6.0
mp-1344257,Mg2TaCuO6,Mg,Mg,Ta,Cu,-2.498479761233334,0.14471673631250237,0.0,2.0021004,210.58579050445022,6.13637050363146,P2_1/m,11,1.31,1.31,1.5,1.9,3.44,1.7,0.72,0.72,0.72,0.77,0.6988654434104805,0.0671140939597316,2,2,5,11,8.0,4,5,11,8,2.5,5.5,2.5,5.5,8.0,3.0,2.5,4.5,7.0,2.0,2.12,2.12,2.17,2.145,-2.4952682816123364,2.0021004,7.0
mp-1344346,TaZn2CoO6,Zn,Zn,Ta,Co,-2.0685851342333335,0.15437078202631316,1.6710777454523513,0.0002145,205.5427901249806,7.540678698138307,P2_1/m,11,1.65,1.65,1.5,1.88,3.44,1.69,0.74,0.74,0.72,0.65,0.7257594780523796,0.10218978102189773,2,2,5,9,7.0,4,5,9,8,3.0,5.0,2.0,4.0,6.0,1.0,2.0,4.0,6.0,2.0,2.1399999999999997,2.12,2.05,2.085,-2.068524213830265,0.0002145,6.0
mp-1344771,Mg2IrWO6,Mg,Mg,Ir,W,-2.1472828159999997,0.18691172924999755,1.1793000000000005,1.9998793,216.82219476279622,7.9750315082141405,P2_1/c,14,1.31,1.31,2.2,1.7,3.44,1.9500000000000002,0.72,0.72,0.68,0.66,0.7241866551282515,0.02985074626865674,2,2,9,6,7.5,4,9,6,8,4.75,3.25,4.25,2.75,7.0,2.0,4.25,2.75,7.0,1.5,2.12,2.08,2.06,2.0700000000000003,-2.1385440526050727,1.9998793,7.0
mp-1344636,Mg2CoSbO6,Mg,Mg,Co,Sb,-2.1272225379999994,0.1291439228333342,0.43069999999999986,7.9998157,211.32766815769747,5.1121813940450425,P2_1/m,11,1.31,1.31,1.88,2.05,3.44,1.9649999999999999,0.72,0.72,0.65,0.76,0.7121455468482094,0.15602836879432622,2,2,9,5,7.0,4,9,15,8,2.5,5.5,6.5,9.5,16.0,11.0,3.5,0.5,4.0,3.0,2.12,2.05,2.16,2.105,-2.1034096125042727,7.9998157,7.9998157
mp-1344776,Mg2SbWO6,Mg,Mg,Sb,W,-2.2794525490000006,0.1685012797499983,1.673,1.9995398,243.17744081294524,6.148475892982818,P2_1/c,14,1.31,1.31,2.05,1.7,3.44,1.875,0.72,0.72,0.76,0.66,0.7104579981589957,0.1408450704225352,2,2,5,6,5.5,4,15,6,8,6.25,1.75,8.75,4.25,13.0,8.0,1.25,4.25,5.5,3.0,2.12,2.16,2.06,2.1100000000000003,-2.260461466291174,1.9995398,5.5
mp-1345396,Ca2SnIrO6,Ca,Ca,Sn,Ir,-2.331815417,0.06668617999999782,0.0,1.7771096,247.72565926812808,6.529920039414928,P2_1/c,14,1.0,1.0,1.96,2.2,3.44,2.08,1.0,1.0,0.69,0.68,0.8139358632363136,0.014598540145985252,2,2,4,9,6.5,4,14,9,8,5.25,2.75,8.75,6.25,15.0,10.0,1.25,3.75,5.0,2.5,2.4,2.09,2.08,2.085,-2.361513376368998,1.7771096,5.0
mp-1344994,Ca2SnSbO6,Ca,Ca,Sn,Sb,-2.5415757125,0.08185016120000466,0.0,0.0001922,265.3573153178541,5.214235540169922,P2_1/m,11,1.0,1.0,1.96,2.05,3.44,2.005,1.0,1.0,0.69,0.76,0.7986147175753947,0.09655172413793112,2,2,4,5,4.5,4,14,15,8,3.75,4.25,10.0,10.0,20.0,15.0,0.0,0.0,0.0,0.0,2.4,2.09,2.16,2.125,-2.592654135198039,0.0001922,0.0001922
mp-1345538,Mg2NiIrO6,Mg,Mg,Ni,Ir,-1.8667365950000003,0.0,0.0,1.8015543,205.02643223023384,6.40669685044998,P2_1/c,14,1.31,1.31,1.91,2.2,3.44,2.055,0.72,0.72,0.69,0.68,0.7189766791920771,0.014598540145985252,2,2,10,9,9.5,4,10,9,8,4.25,3.75,5.75,5.25,11.0,6.0,4.25,4.75,9.0,0.5,2.12,2.09,2.08,2.085,-1.8480501967752148,1.8015543,9.0
mp-1345395,Mg2VSbO6,Mg,Mg,V,Sb,-2.495816925000001,0.07471466510416658,1.186,3.99999,214.9175223804097,4.903296473838272,P2_1/m,11,1.31,1.31,1.63,2.05,3.44,1.8399999999999999,0.72,0.72,0.79,0.76,0.6892259200530946,0.038709677419354875,2,2,5,5,5.0,4,5,15,8,1.5,6.5,3.5,8.5,12.0,7.0,3.5,1.5,5.0,2.0,2.12,2.19,2.16,2.175,-2.5231544989683097,3.99999,5.0
mp-1345547,Mg2TaFeO6,Mg,Mg,Ta,Fe,-2.762273370733334,0.09472659049999876,1.9989999999999997,10.0004926,214.32328333795428,5.910028956576766,P2_1/m,11,1.31,1.31,1.5,1.83,3.44,1.665,0.72,0.72,0.72,0.61,0.7259401337120973,0.16541353383458643,2,2,5,8,6.5,4,5,8,8,3.25,4.75,1.75,3.25,5.0,0.0,1.75,3.25,5.0,1.5,2.12,2.12,2.01,2.065,-2.7667686787711876,10.0004926,10.0004926
mp-1345721,Ca2TaCrO6,Ca,Ca,Ta,Cr,-3.2101637654833324,0.02315533874996767,2.8523,0.0,478.3920733265471,5.680031587647506,P2_1/m,11,1.0,1.0,1.5,1.66,3.44,1.58,1.0,1.0,0.72,0.73,0.7986147175753947,0.013793103448275874,2,2,5,6,5.5,4,5,6,8,3.75,4.25,1.25,1.75,3.0,2.0,1.25,1.75,3.0,0.5,2.4,2.12,2.13,2.125,-3.2335660260045196,0.0,3.0
mp-1346978,TaZn2CuO6,Zn,Zn,Ta,Cu,-1.9615532577333326,0.14474818725000205,0.0,0.0330945,220.78774863075938,7.089395288452647,P2_1/m,11,1.65,1.65,1.5,1.9,3.44,1.7,0.74,0.74,0.72,0.77,0.7054585136313339,0.0671140939597316,2,2,5,11,8.0,4,5,11,8,2.5,5.5,2.5,5.5,8.0,3.0,2.5,4.5,7.0,2.0,2.1399999999999997,2.12,2.17,2.145,-1.997592866484933,0.0330945,7.0
mp-1346708,Mg2SnWO6,Mg,Mg,Sn,W,-2.3256833799999996,0.15317762630769582,1.5436999999999994,0.0006683,251.759719923815,5.89864552075537,P2_1/c,14,1.31,1.31,1.96,1.7,3.44,1.83,0.72,0.72,0.69,0.66,0.7224416270436052,0.044444444444444314,2,2,4,6,5.0,4,14,6,8,6.0,2.0,8.0,4.0,12.0,7.0,2.0,4.0,6.0,2.0,2.12,2.09,2.06,2.075,-2.314854125435904,0.0006683,6.0
mp-1346697,Ca2TiSbO6,Ca,Ca,Ti,Sb,-2.9601670018333337,0.09167445864999912,0.0,8.81e-05,250.31345411435572,4.5876895028215445,P2_1/m,11,1.0,1.0,1.54,2.05,3.44,1.795,1.0,1.0,0.86,0.76,0.767898766899418,0.12345679012345676,2,2,4,5,4.5,4,4,15,8,1.25,6.75,2.75,8.25,11.0,6.0,2.75,1.75,4.5,1.0,2.4,2.26,2.16,2.21,-2.9449838986272807,8.81e-05,4.5
mp-1346908,Zn2SnSbO6,Zn,Zn,Sn,Sb,-1.767725429,0.13436283849999864,0.0,0.0010924,237.86341647954896,6.5242819932636,P2_1/m,11,1.65,1.65,1.96,2.05,3.44,2.005,0.74,0.74,0.69,0.76,0.7120981231713935,0.09655172413793112,2,2,4,5,4.5,4,14,15,8,3.75,4.25,10.0,10.0,20.0,15.0,0.0,0.0,0.0,0.0,2.1399999999999997,2.09,2.16,2.125,-1.7792556370145343,0.0010924,0.0010924
mp-1346860,TaMnZn2O6,Zn,Zn,Ta,Mn,-2.2908949930264377,0.11383882499991582,0.6467,8.0022206,218.5968870383524,7.02966979332765,P2_1/m,11,1.65,1.65,1.5,1.55,3.44,1.525,0.74,0.74,0.72,0.67,0.7222952323337526,0.07194244604316537,2,2,5,7,6.0,4,5,7,8,3.5,4.5,1.5,2.5,4.0,1.0,1.5,2.5,4.0,1.0,2.1399999999999997,2.12,2.07,2.0949999999999998,-2.342715838869336,8.0022206,8.0022206
mp-1347006,Zn2CrSbO6,Zn,Zn,Cr,Sb,-1.9098437144999998,0.09349323700000234,1.5217,6.015199,214.70521947456547,6.196057708654033,P2_1/m,11,1.65,1.65,1.66,2.05,3.44,1.855,0.74,0.74,0.73,0.76,0.7054585136313339,0.040268456375838965,2,2,6,5,5.5,4,6,15,8,1.75,6.25,4.25,8.75,13.0,8.0,4.25,1.25,5.5,3.0,2.1399999999999997,2.13,2.16,2.145,-1.9207686034650495,6.015199,6.015199
mp-1346599,Ca2TaCuO6,Ca,Ca,Ta,Cu,-2.768661806733334,0.09480907982143094,0.0,1.420024,239.61664086159382,5.830142511173298,P2_1/m,11,1.0,1.0,1.5,1.9,3.44,1.7,1.0,1.0,0.72,0.77,0.7911684265024307,0.0671140939597316,2,2,5,11,8.0,4,5,11,8,2.5,5.5,2.5,5.5,8.0,3.0,2.5,4.5,7.0,2.0,2.4,2.12,2.17,2.145,-2.760825726625283,1.420024,7.0
mp-1347039,Zn2SbWO6,Zn,Zn,Sb,W,-1.721712788499999,0.18268944099999995,0.7875999999999994,1.9993943,244.33318113740287,7.236797785221171,P2_1/m,11,1.65,1.65,2.05,1.7,3.44,1.875,0.74,0.74,0.76,0.66,0.7171604321038917,0.1408450704225352,2,2,5,6,5.5,4,15,6,8,6.25,1.75,8.75,4.25,13.0,8.0,1.25,4.25,5.5,3.0,2.1399999999999997,2.16,2.06,2.1100000000000003,-1.7512910198754816,1.9993943,5.5
mp-1346992,Ca2TaAgO6,Ca,Ca,Ta,Ag,-2.683182820399999,0.051917941821432834,0.4497,0.001029,266.3550506562193,5.797512192497403,P2_1/m,11,1.0,1.0,1.5,1.93,3.44,1.7149999999999999,1.0,1.0,0.72,1.15,0.7267906958662587,0.4598930481283422,2,2,5,11,8.0,4,5,11,8,2.5,5.5,2.5,5.5,8.0,3.0,2.5,4.5,7.0,2.0,2.4,2.12,2.55,2.335,-2.679515622004416,0.001029,7.0
mp-1347506,Mg2CuIrO6,Mg,Mg,Cu,Ir,-1.7942537285,0.025841228750000056,0.0,1.9523367,207.63019160833412,6.403972616411854,P2_1/c,14,1.31,1.31,1.9,2.2,3.44,2.05,0.72,0.72,0.77,0.68,0.7054430005249321,0.1241379310344827,2,2,11,9,10.0,4,11,9,8,4.5,3.5,6.5,5.5,12.0,7.0,3.5,4.5,8.0,1.0,2.12,2.17,2.08,2.125,-1.7945599254834599,1.9523367,8.0
mp-1348043,Mg2TaVO6,Mg,Mg,Ta,V,-2.980398381733335,0.08498145156667647,1.5259999999999998,4.0004876,214.82633132642405,5.820384755568462,P2_1/m,11,1.31,1.31,1.5,1.63,3.44,1.565,0.72,0.72,0.72,0.79,0.6956224483134482,0.09271523178807956,2,2,5,5,5.0,4,5,5,8,4.0,4.0,1.0,1.0,2.0,3.0,1.0,1.0,2.0,0.0,2.12,2.12,2.19,2.1550000000000002,-2.968812551741313,4.0004876,4.0004876
mp-1348334,Mg2TaSbO6,Mg,Mg,Ta,Sb,-2.659767978233334,0.21742470204166509,1.1060999999999996,0.0015486,241.91797323450598,6.140782580927089,P2_1/m,11,1.31,1.31,1.5,2.05,3.44,1.775,0.72,0.72,0.72,0.76,0.7004983065960192,0.054054054054054106,2,2,5,5,5.0,4,5,15,8,1.5,6.5,3.5,8.5,12.0,7.0,3.5,1.5,5.0,2.0,2.12,2.12,2.16,2.14,-2.657376370865051,0.0015486,5.0
mp-1347979,Ca2MoWO6,Ca,Ca,Mo,W,-2.6614614210000007,0.0005637355000036592,1.56175484722303,7.9999718,254.7288858256749,5.944308675731279,P2_1/c,14,1.0,1.0,2.16,1.7,3.44,1.9300000000000002,1.0,1.0,0.69,0.66,0.8178584457097415,0.044444444444444314,2,2,6,6,6.0,4,6,6,8,4.0,4.0,2.0,2.0,4.0,1.0,2.0,2.0,4.0,0.0,2.4,2.09,2.06,2.075,-2.680922799817632,7.9999718,7.9999718
mp-1353766,ZnCr(GeO3)2,Ge,Ge,Zn,Cr,-1.9879398779999988,0.12421479750000142,0.0,15.9984589,490.6468309129568,4.85566893759876,P2_1/c,14,2.01,2.01,1.65,1.66,3.44,1.6549999999999998,0.73,0.73,0.74,0.73,0.7054507934085931,0.01360544217687076,2,2,12,6,9.0,4,12,6,8,5.5,2.5,6.5,3.5,10.0,5.0,3.5,3.5,7.0,0.0,2.13,2.1399999999999997,2.13,2.135,-1.964008447966709,15.9984589,15.9984589
mp-1366540,Ca2TaMoO6,Ca,Ca,Ta,Mo,-3.083761082733332,0.0,1.4283000000000001,6.0035494,255.18937165456256,5.895943705310703,P2_1/m,11,1.0,1.0,1.5,2.16,3.44,1.83,1.0,1.0,0.72,0.69,0.8062025058658974,0.04255319148936174,2,2,5,6,5.5,4,5,6,8,3.75,4.25,1.25,1.75,3.0,2.0,1.25,1.75,3.0,0.5,2.4,2.12,2.09,2.105,-3.0869316741938717,6.0035494,6.0035494
mp-1367072,Zn2CuIrO6,Zn,Zn,Cu,Ir,-1.2588927749999996,0.059331845500000036,0.0,0.2431435,206.15758798209666,7.774039600690563,P2_1/c,14,1.65,1.65,1.9,2.2,3.44,2.05,0.74,0.74,0.77,0.68,0.7120981231713935,0.1241379310344827,2,2,11,9,10.0,4,11,9,8,4.5,3.5,6.5,5.5,12.0,7.0,3.5,4.5,8.0,1.0,2.1399999999999997,2.17,2.08,2.125,-1.2594388657901983,0.2431435,8.0
mp-1366504,TaVZn2O6,Zn,Zn,Ta,V,-2.4368446647333344,0.10317704850003917,0.010699999999999932,4.0003981,216.7774990402709,7.027441050141312,P2_1/m,11,1.65,1.65,1.5,1.63,3.44,1.565,0.74,0.74,0.72,0.79,0.7021849242409334,0.09271523178807956,2,2,5,5,5.0,4,5,5,8,4.0,4.0,1.0,1.0,2.0,3.0,1.0,1.0,2.0,0.0,2.1399999999999997,2.12,2.19,2.1550000000000002,-2.4555100239147984,4.0003981,4.0003981
mp-1366935,Mg2SnSbO6,Mg,Mg,Sn,Sb,-2.277932152499999,0.15767437793750094,0.0,0.0055883,235.46939260360844,5.431146695107806,P2_1/m,11,1.31,1.31,1.96,2.05,3.44,2.005,0.72,0.72,0.69,0.76,0.7054430005249321,0.09655172413793112,2,2,4,5,4.5,4,14,15,8,3.75,4.25,10.0,10.0,20.0,15.0,0.0,0.0,0.0,0.0,2.12,2.09,2.16,2.125,-2.286797797523829,0.0055883,0.0055883
mp-1367307,Ca2CrIrO6,Ca,Ca,Cr,Ir,-2.401740640499999,0.0,0.0,2.0272945,231.09232358219845,6.041164199275558,P2_1/c,14,1.0,1.0,1.66,2.2,3.44,1.9300000000000002,1.0,1.0,0.73,0.68,0.8062025058658974,0.07092198581560273,2,2,6,9,7.5,4,6,9,8,3.25,4.75,2.75,4.25,7.0,2.0,2.75,4.25,7.0,1.5,2.4,2.13,2.08,2.105,-2.4194366947805372,2.0272945,7.0
mp-1366740,TaTiZn2O6,Zn,Zn,Ta,Ti,-2.598040668066666,0.16529596550000214,0.0,2.0081014,217.82232169227842,6.94685663531526,P2_1/m,11,1.65,1.65,1.5,1.54,3.44,1.52,0.74,0.74,0.72,0.86,0.6909627907484984,0.17721518987341772,2,2,5,4,4.5,4,5,4,8,4.25,3.75,0.75,0.25,1.0,4.0,0.75,0.25,1.0,0.5,2.1399999999999997,2.12,2.26,2.19,-2.6014995892651345,2.0081014,2.0081014
mp-1367801,Ca2TiWO6,Ca,Ca,Ti,W,-3.0820489918333336,0.031877521888890925,0.39987918748597107,3.9995321,241.43640918777191,5.610309319996061,P2_1/c,14,1.0,1.0,1.54,1.7,3.44,1.62,1.0,1.0,0.86,0.66,0.7856742013183861,0.26315789473684204,2,2,4,6,5.0,4,4,6,8,3.5,4.5,0.5,1.5,2.0,3.0,0.5,1.5,2.0,1.0,2.4,2.26,2.06,2.16,-3.0478148222304866,3.9995321,3.9995321
mp-1367763,Mg2MoWO6,Mg,Mg,Mo,W,-2.4092786674999993,0.039015229749997715,2.3681,8.000014,225.84584999126992,6.240630036332756,P2_1/c,14,1.31,1.31,2.16,1.7,3.44,1.9300000000000002,0.72,0.72,0.69,0.66,0.7224416270436052,0.044444444444444314,2,2,6,6,6.0,4,6,6,8,4.0,4.0,2.0,2.0,4.0,1.0,2.0,2.0,4.0,0.0,2.12,2.09,2.06,2.075,-2.4367166903586264,8.000014,8.000014
mp-1368020,Ca2CuWO6,Ca,Ca,Cu,W,-2.481847409000001,0.06506578749999914,0.0,1.9993108,240.87876719569914,5.839469111999206,P2_1/c,14,1.0,1.0,1.9,1.7,3.44,1.7999999999999998,1.0,1.0,0.77,0.66,0.8023906736868622,0.1538461538461538,2,2,11,6,8.5,4,11,6,8,5.25,2.75,5.75,3.25,9.0,4.0,4.25,3.25,7.5,1.0,2.4,2.17,2.06,2.115,-2.514118636957536,1.9993108,7.5
mp-1367927,Ca2TaNiO6,Ca,Ca,Ta,Ni,-2.771806545733333,0.08634706883333543,0.0,5.9979182,237.4919783025571,5.814441861867182,P2_1/m,11,1.0,1.0,1.5,1.91,3.44,1.705,1.0,1.0,0.72,0.69,0.8062025058658974,0.04255319148936174,2,2,5,10,7.5,4,5,10,8,2.75,5.25,2.25,4.75,7.0,2.0,2.25,4.75,7.0,2.5,2.4,2.12,2.09,2.105,-2.742383139183461,5.9979182,7.0
mp-1367618,Mg2TaBiO6,Mg,Mg,Ta,Bi,-2.673244867233334,0.17228318450000213,2.0892,0.0038591,249.8231794331358,7.105951672272402,P2_1/m,11,1.31,1.31,1.5,1.9,3.44,1.7,0.72,0.72,0.72,1.03,0.6589302752155959,0.35428571428571437,2,2,5,5,5.0,4,5,15,8,1.5,6.5,3.5,8.5,12.0,7.0,3.5,1.5,5.0,2.0,2.12,2.12,2.4299999999999997,2.275,-2.6774313407763715,0.0038591,5.0
mp-1367958,Ca2TaWO6,Ca,Ca,Ta,W,-3.0342197097333328,0.07261490950000038,2.1053000000000006,6.0001084,256.16998925477634,7.012940676662623,P2_1/c,14,1.0,1.0,1.5,1.7,3.44,1.6,1.0,1.0,0.72,0.66,0.8119886482524947,0.08695652173913036,2,2,5,6,5.5,4,5,6,8,3.75,4.25,1.25,1.75,3.0,2.0,1.25,1.75,3.0,0.5,2.4,2.12,2.06,2.09,-3.0476011645065313,6.0001084,6.0001084
mp-1369089,TaZn2WO6,Zn,Zn,Ta,W,-2.2008572182333332,0.1474026591249995,1.3028,6.0004407,229.4852037176412,8.561586396749732,P2_1/m,11,1.65,1.65,1.5,1.7,3.44,1.6,0.74,0.74,0.72,0.66,0.7240232113584745,0.08695652173913036,2,2,5,6,5.5,4,5,6,8,3.75,4.25,1.25,1.75,3.0,2.0,1.25,1.75,3.0,0.5,2.1399999999999997,2.12,2.06,2.09,-2.1800591244854117,6.0004407,6.0004407
mp-1368521,TaZn2SnO6,Zn,Zn,Ta,Sn,-2.1936257562333323,0.1813659507499974,0.0,0.0003062,238.22229195639406,7.339596831713921,P2_1/m,11,1.65,1.65,1.5,1.96,3.44,1.73,0.74,0.74,0.72,0.69,0.7188639010637584,0.04255319148936174,2,2,5,4,4.5,4,5,14,8,1.75,6.25,3.25,7.75,11.0,6.0,3.25,2.25,5.5,1.0,2.1399999999999997,2.12,2.09,2.105,-2.2057380670280695,0.0003062,5.5
mp-1369121,TiZn2IrO6,Zn,Zn,Ti,Ir,-1.9930115898333327,0.1540325432499987,0.0,2.0048984,209.30891876623215,7.408217853173654,P2_1/c,14,1.65,1.65,1.54,2.2,3.44,1.87,0.74,0.74,0.86,0.68,0.6973311114005583,0.23376623376623368,2,2,4,9,6.5,4,4,9,8,2.75,5.25,1.25,3.75,5.0,0.0,1.25,3.75,5.0,2.5,2.1399999999999997,2.26,2.08,2.17,-1.956491395562394,2.0048984,5.0
mp-1368098,Mg2SbWO6,Mg,Mg,Sb,W,-2.2375128240000004,0.21044100474999894,0.8296999999999999,1.9992702,241.74684072959562,6.18486110529181,P2_1/m,11,1.31,1.31,2.05,1.7,3.44,1.875,0.72,0.72,0.76,0.66,0.7104579981589957,0.1408450704225352,2,2,5,6,5.5,4,15,6,8,6.25,1.75,8.75,4.25,13.0,8.0,1.25,4.25,5.5,3.0,2.12,2.16,2.06,2.1100000000000003,-2.223954306573215,1.9992702,5.5
mp-1368737,Zn2SnIrO6,Zn,Zn,Sn,Ir,-1.5757533065000005,0.15111879249999927,0.0,1.9862411,222.86963001072124,8.01312052820101,P2_1/c,14,1.65,1.65,1.96,2.2,3.44,2.08,0.74,0.74,0.69,0.68,0.7257594780523796,0.014598540145985252,2,2,4,9,6.5,4,14,9,8,5.25,2.75,8.75,6.25,15.0,10.0,1.25,3.75,5.0,2.5,2.1399999999999997,2.09,2.08,2.085,-1.5855115346629145,1.9862411,5.0
mp-1369271,TiZn2SbO6,Zn,Zn,Ti,Sb,-2.168019094333333,0.15424120724999568,0.0,8.4e-06,222.54556686213388,5.916149600456066,P2_1/m,11,1.65,1.65,1.54,2.05,3.44,1.795,0.74,0.74,0.86,0.76,0.6847097338186477,0.12345679012345676,2,2,4,5,4.5,4,4,15,8,1.25,6.75,2.75,8.25,11.0,6.0,2.75,1.75,4.5,1.0,2.1399999999999997,2.26,2.16,2.21,-2.124872930068023,8.4e-06,4.5
mp-1369592,Ca2SbWO6,Ca,Ca,Sb,W,-2.5293272509999993,0.12098320733333168,1.4767000000000001,1.9996501,273.5879669879671,5.847981477790354,P2_1/c,14,1.0,1.0,2.05,1.7,3.44,1.875,1.0,1.0,0.76,0.66,0.8042920733875422,0.1408450704225352,2,2,5,6,5.5,4,15,6,8,6.25,1.75,8.75,4.25,13.0,8.0,1.25,4.25,5.5,3.0,2.4,2.16,2.06,2.1100000000000003,-2.541441549460066,1.9996501,5.5
mp-1369579,Mg2FeSbO6,Mg,Mg,Fe,Sb,-2.2737219595,0.07413500258333272,1.5606,9.9998265,215.063296160712,4.975694390469889,P2_1/m,11,1.31,1.31,1.83,2.05,3.44,1.94,0.72,0.72,0.61,0.76,0.7189766791920771,0.21897810218978103,2,2,8,5,6.5,4,8,15,8,2.25,5.75,5.75,9.25,15.0,10.0,4.25,0.75,5.0,3.5,2.12,2.01,2.16,2.085,-2.258880052059814,9.9998265,9.9998265
mp-1370607,Zn2SbWO6,Zn,Zn,Sb,W,-1.766584842999999,0.1378173864999992,1.4339044480186907,1.9984825,244.63879455203892,7.227757262902453,P2_1/c,14,1.65,1.65,2.05,1.7,3.44,1.875,0.74,0.74,0.76,0.66,0.7171604321038917,0.1408450704225352,2,2,5,6,5.5,4,15,6,8,6.25,1.75,8.75,4.25,13.0,8.0,1.25,4.25,5.5,3.0,2.1399999999999997,2.16,2.06,2.1100000000000003,-1.7605989913918692,1.9984825,5.5
mp-1369774,Ca2AgWO6,Ca,Ca,Ag,W,-2.375763975666666,0.07110458549999965,0.0,1.9994706,263.6385303212598,5.893681808661661,P2_1/c,14,1.0,1.0,1.93,1.7,3.44,1.815,1.0,1.0,1.15,0.66,0.7362500107799194,0.5414364640883976,2,2,11,6,8.5,4,11,6,8,5.25,2.75,5.75,3.25,9.0,4.0,4.25,3.25,7.5,1.0,2.4,2.55,2.06,2.3049999999999997,-2.3497291498786903,1.9994706,7.5
mp-1370485,Mg2TeWO6,Mg,Mg,Te,W,-2.150413075666667,0.23740284246666743,0.6915000000000004,0.0032118,253.51603120516953,5.9742404520955255,P2_1/c,14,1.31,1.31,2.1,1.7,3.44,1.9,0.72,0.72,2.21,0.66,0.5287712085063424,1.0801393728222994,2,2,4,6,5.0,4,4,6,8,3.5,4.5,0.5,1.5,2.0,3.0,0.5,1.5,2.0,1.0,2.12,3.61,2.06,2.835,-2.11918285173213,0.0032118,2.0
mp-1370378,Zn2CoSbO6,Zn,Zn,Co,Sb,-1.5870271629999997,0.1313121555263157,0.0,7.9987456,214.64448779175086,6.305144747398766,P2_1/m,11,1.65,1.65,1.88,2.05,3.44,1.9649999999999999,0.74,0.74,0.65,0.76,0.7188639010637584,0.15602836879432622,2,2,9,5,7.0,4,9,15,8,2.5,5.5,6.5,9.5,16.0,11.0,3.5,0.5,4.0,3.0,2.1399999999999997,2.05,2.16,2.105,-1.5863870800186843,7.9987456,7.9987456
mp-1370320,Zn2CoIrO6,Zn,Zn,Co,Ir,-1.3215838359999998,0.11444876955262817,0.0,0.4237019,198.9564445237274,7.978418446891487,P2_1/c,14,1.65,1.65,1.88,2.2,3.44,2.04,0.74,0.74,0.65,0.68,0.7327886255395697,0.04511278195488726,2,2,9,9,9.0,4,9,9,8,4.0,4.0,5.0,5.0,10.0,5.0,5.0,5.0,10.0,0.0,2.1399999999999997,2.05,2.08,2.065,-1.3366521934069235,0.4237019,10.0
mp-1369855,TiZn2WO6,Zn,Zn,Ti,W,-2.271023565833333,0.10875267224999963,1.5422222927127276,4.0000019,217.66176038269913,6.996108983931695,P2_1/c,14,1.65,1.65,1.54,1.7,3.44,1.62,0.74,0.74,0.86,0.66,0.7005594961755608,0.26315789473684204,2,2,4,6,5.0,4,4,6,8,3.5,4.5,0.5,1.5,2.0,3.0,0.5,1.5,2.0,1.0,2.1399999999999997,2.26,2.06,2.16,-2.261824122974551,4.0000019,4.0000019
mp-1369747,Mg2TaTiO6,Mg,Mg,Ta,Ti,-3.145781374566667,0.11030565700000139,0.0,2.0005141,215.14293459567057,5.764359640919324,P2_1/m,11,1.31,1.31,1.5,1.54,3.44,1.52,0.72,0.72,0.72,0.86,0.684505194573279,0.17721518987341772,2,2,5,4,4.5,4,5,4,8,4.25,3.75,0.75,0.25,1.0,4.0,0.75,0.25,1.0,0.5,2.12,2.12,2.26,2.19,-3.159335681961709,2.0005141,2.0005141
mp-1369951,Ca2IrWO6,Ca,Ca,Ir,W,-2.3917848519999994,0.15570328225000019,1.1277,2.0000085,243.3962532155083,7.534752657946389,P2_1/c,14,1.0,1.0,2.2,1.7,3.44,1.9500000000000002,1.0,1.0,0.68,0.66,0.8198339492017942,0.02985074626865674,2,2,9,6,7.5,4,9,6,8,4.75,3.25,4.25,2.75,7.0,2.0,4.25,2.75,7.0,1.5,2.4,2.08,2.06,2.0700000000000003,-2.351517107049467,2.0000085,7.0
mp-1370909,Ca2SbMoO6,Ca,Ca,Sb,Mo,-2.5636709425,0.019815807649999684,0.0,5.9997205,256.69512588193675,5.095595760464174,P2_1/m,11,1.0,1.0,2.05,2.16,3.44,2.105,1.0,1.0,0.76,0.69,0.7986147175753947,0.09655172413793112,2,2,5,6,5.5,4,15,6,8,6.25,1.75,8.75,4.25,13.0,8.0,1.25,4.25,5.5,3.0,2.4,2.16,2.09,2.125,-2.5609402358783453,5.9997205,5.9997205
mp-1370620,Ca2TeWO6,Ca,Ca,Te,W,-2.336015432166667,0.26374809956666834,0.2245073413571852,4.26e-05,280.95365972342586,5.763699470620978,P2_1/c,14,1.0,1.0,2.1,1.7,3.44,1.9,1.0,1.0,2.21,0.66,0.5986089152901989,1.0801393728222994,2,2,4,6,5.0,4,4,6,8,3.5,4.5,0.5,1.5,2.0,3.0,0.5,1.5,2.0,1.0,2.4,3.61,2.06,2.835,-2.343321863192909,4.26e-05,2.0
mp-1370720,Zn2SbMoO6,Zn,Zn,Sb,Mo,-1.733625557500001,0.1426846649999982,0.0,3.8761958,234.7626666095219,6.288338248647189,P2_1/m,11,1.65,1.65,2.05,2.16,3.44,2.105,0.74,0.74,0.76,0.69,0.7120981231713935,0.09655172413793112,2,2,5,6,5.5,4,15,6,8,6.25,1.75,8.75,4.25,13.0,8.0,1.25,4.25,5.5,3.0,2.1399999999999997,2.16,2.09,2.125,-1.729931951382703,3.8761958,5.5
mp-1370970,Zn2FeSbO6,Zn,Zn,Fe,Sb,-1.7346123145,0.08245015475000006,1.4016923356720339,10.0098482,217.5165791198788,6.174740487795871,P2_1/m,11,1.65,1.65,1.83,2.05,3.44,1.94,0.74,0.74,0.61,0.76,0.7257594780523796,0.21897810218978103,2,2,8,5,6.5,4,8,15,8,2.25,5.75,5.75,9.25,15.0,10.0,4.25,0.75,5.0,3.5,2.1399999999999997,2.01,2.16,2.085,-1.761554840290594,10.0098482,10.0098482
mp-1372315,TaZn2NiO6,Zn,Zn,Ta,Ni,-2.0019325702333335,0.14094385912499963,0.0,1.9969701,211.56926859647174,7.3221208892770395,P2_1/m,11,1.65,1.65,1.5,1.91,3.44,1.705,0.74,0.74,0.72,0.69,0.7188639010637584,0.04255319148936174,2,2,5,10,7.5,4,5,10,8,2.75,5.25,2.25,4.75,7.0,2.0,2.25,4.75,7.0,2.5,2.1399999999999997,2.12,2.09,2.105,-2.0213648510035465,1.9969701,7.0
mp-1372490,Mg2NiWO6,Mg,Mg,Ni,W,-2.306627134499999,0.08496803400000097,2.5452000000000004,3.9998427,217.16493047858307,5.920484137260588,P2_1/c,14,1.31,1.31,1.91,1.7,3.44,1.805,0.72,0.72,0.69,0.66,0.7224416270436052,0.044444444444444314,2,2,10,6,8.0,4,10,6,8,5.0,3.0,5.0,3.0,8.0,3.0,5.0,3.0,8.0,2.0,2.12,2.09,2.06,2.075,-2.2826188563411103,3.9998427,8.0
mp-1372141,Ca2FeSbO6,Ca,Ca,Fe,Sb,-2.518763574,0.026875586750000124,1.4954680982215405,9.9991912,242.73088559030856,4.840158533521322,P2_1/m,11,1.0,1.0,1.83,2.05,3.44,1.94,1.0,1.0,0.61,0.76,0.8139358632363136,0.21897810218978103,2,2,8,5,6.5,4,8,15,8,2.25,5.75,5.75,9.25,15.0,10.0,4.25,0.75,5.0,3.5,2.4,2.01,2.16,2.085,-2.531901459579428,9.9991912,9.9991912
mp-1372341,Mg2CuSbO6,Mg,Mg,Cu,Sb,-2.0324719994999993,0.10452324158333415,0.2474999999999996,0.0004395,216.73173887994108,5.0553964301890755,P2_1/m,11,1.31,1.31,1.9,2.05,3.44,1.9749999999999999,0.72,0.72,0.77,0.76,0.6924094116006839,0.013071895424836612,2,2,11,5,8.0,4,11,15,8,3.0,5.0,8.0,10.0,18.0,13.0,2.0,0.0,2.0,2.0,2.12,2.17,2.16,2.165,-2.0534102191536383,0.0004395,2.0
mp-1372414,Ca2VSbO6,Ca,Ca,V,Sb,-2.732772291,0.012776173008919756,0.0,4.0000534,242.82918175476502,4.7711360398202505,P2_1/m,11,1.0,1.0,1.63,2.05,3.44,1.8399999999999999,1.0,1.0,0.79,0.76,0.7802557585506731,0.038709677419354875,2,2,5,5,5.0,4,5,15,8,1.5,6.5,3.5,8.5,12.0,7.0,3.5,1.5,5.0,2.0,2.4,2.19,2.16,2.175,-2.7220392359494543,4.0000534,5.0
mp-1372293,Ca2CuSbO6,Ca,Ca,Cu,Sb,-2.282519315499999,0.07595220912499379,0.34319999999999995,0.0020734,251.12704507961055,4.7801764624677245,P2_1/m,11,1.0,1.0,1.9,2.05,3.44,1.9749999999999999,1.0,1.0,0.77,0.76,0.7838597112460572,0.013071895424836612,2,2,11,5,8.0,4,11,15,8,3.0,5.0,8.0,10.0,18.0,13.0,2.0,0.0,2.0,2.0,2.4,2.17,2.16,2.165,-2.2588052324067394,0.0020734,2.0
mp-1373183,Mg2SbMoO6,Mg,Mg,Sb,Mo,-2.3197278829999997,0.08185213418750514,0.7279,6.0021675,228.18954589050225,5.273019232953369,P2_1/m,11,1.31,1.31,2.05,2.16,3.44,2.105,0.72,0.72,0.76,0.69,0.7054430005249321,0.09655172413793112,2,2,5,6,5.5,4,15,6,8,6.25,1.75,8.75,4.25,13.0,8.0,1.25,4.25,5.5,3.0,2.12,2.16,2.09,2.125,-2.3053488167866982,6.0021675,6.0021675
mp-1372505,Ca2TaWO6,Ca,Ca,Ta,W,-3.0086078072333335,0.09822681199999828,0.0,6.0008775,256.4041056355501,7.006537330328789,P2_1/m,11,1.0,1.0,1.5,1.7,3.44,1.6,1.0,1.0,0.72,0.66,0.8119886482524947,0.08695652173913036,2,2,5,6,5.5,4,5,6,8,3.75,4.25,1.25,1.75,3.0,2.0,1.25,1.75,3.0,0.5,2.4,2.12,2.06,2.09,-2.9886868535172173,6.0008775,6.0008775
mp-1372745,Mg2TaWO6,Mg,Mg,Ta,W,-2.7341701307333333,0.15430696037500624,0.0,5.9995873,227.19345768619982,7.446245257578589,P2_1/m,11,1.31,1.31,1.5,1.7,3.44,1.6,0.72,0.72,0.72,0.66,0.7172566392897037,0.08695652173913036,2,2,5,6,5.5,4,5,6,8,3.75,4.25,1.25,1.75,3.0,2.0,1.25,1.75,3.0,0.5,2.12,2.12,2.06,2.09,-2.7493060325047223,5.9995873,5.9995873
mp-1372882,Ca2TaBiO6,Ca,Ca,Ta,Bi,-2.935634391733333,0.08870934375000328,1.8054828230026496,2.16e-05,280.9009030430536,6.692745200300954,P2_1/m,11,1.0,1.0,1.5,1.9,3.44,1.7,1.0,1.0,0.72,1.03,0.7459588021308632,0.35428571428571437,2,2,5,5,5.0,4,5,15,8,1.5,6.5,3.5,8.5,12.0,7.0,3.5,1.5,5.0,2.0,2.4,2.12,2.4299999999999997,2.275,-2.96407060506817,2.16e-05,5.0
mp-1373336,Mg2TaMoO6,Mg,Mg,Ta,Mo,-2.8089257722333336,0.07615126812500073,1.8878000000000004,6.0018081,225.9394488944527,6.195533561677992,P2_1/m,11,1.31,1.31,1.5,2.16,3.44,1.83,0.72,0.72,0.72,0.69,0.7121455468482094,0.04255319148936174,2,2,5,6,5.5,4,5,6,8,3.75,4.25,1.25,1.75,3.0,2.0,1.25,1.75,3.0,0.5,2.12,2.12,2.09,2.105,-2.778899099194224,6.0018081,6.0018081
mp-1374028,Zn2MoWO6,Zn,Zn,Mo,W,-1.8804032665000008,0.05342289249999954,1.6526640644959856,8.0001361,228.62207933004765,7.359042449103689,P2_1/c,14,1.65,1.65,2.16,1.7,3.44,1.9300000000000002,0.74,0.74,0.69,0.66,0.7292571140911861,0.044444444444444314,2,2,6,6,6.0,4,6,6,8,4.0,4.0,2.0,2.0,4.0,1.0,2.0,2.0,4.0,0.0,2.1399999999999997,2.09,2.06,2.075,-1.8868568632768434,8.0001361,8.0001361
mp-1373655,Ca2TaTiO6,Ca,Ca,Ta,Ti,-3.4458410800666663,0.004500878789054141,0.0,0.0515907,241.44255742358388,5.570384916810687,P2_1/m,11,1.0,1.0,1.5,1.54,3.44,1.52,1.0,1.0,0.72,0.86,0.7749115410263534,0.17721518987341772,2,2,5,4,4.5,4,5,4,8,4.25,3.75,0.75,0.25,1.0,4.0,0.75,0.25,1.0,0.5,2.4,2.12,2.26,2.19,-3.4508577403957674,0.0515907,1.0
mp-1374044,Ca2AgSbO6,Ca,Ca,Ag,Sb,-2.183374302666666,0.04438882075000006,0.5413018519630701,6.2e-06,267.7263237911303,5.033606932394759,P2_1/m,11,1.0,1.0,1.93,2.05,3.44,1.9899999999999998,1.0,1.0,1.15,0.76,0.7206183757315133,0.40837696335078527,2,2,11,5,8.0,4,11,15,8,3.0,5.0,8.0,10.0,18.0,13.0,2.0,0.0,2.0,2.0,2.4,2.55,2.16,2.355,-2.156810419829685,6.2e-06,2.0
mp-1373426,Ca2TaVO6,Ca,Ca,Ta,V,-3.254614706733334,0.0,0.7927,4.0166216,241.71033167533838,5.606457222951977,P2_1/m,11,1.0,1.0,1.5,1.63,3.44,1.565,1.0,1.0,0.72,0.79,0.7874971112982432,0.09271523178807956,2,2,5,5,5.0,4,5,5,8,4.0,4.0,1.0,1.0,2.0,3.0,1.0,1.0,2.0,0.0,2.4,2.12,2.19,2.1550000000000002,-3.243490106545321,4.0166216,4.0166216
mp-1373974,Ca2NiSbO6,Ca,Ca,Ni,Sb,-2.2539713955000003,0.08530927262499688,0.0,5.9997984,239.54937903869694,4.943931522425813,P2_1/m,11,1.0,1.0,1.91,2.05,3.44,1.98,1.0,1.0,0.69,0.76,0.7986147175753947,0.09655172413793112,2,2,10,5,7.5,4,10,15,8,2.75,5.25,7.25,9.75,17.0,12.0,2.75,0.25,3.0,2.5,2.4,2.09,2.16,2.125,-2.244853640058368,5.9997984,5.9997984
mp-1374245,Ca2CuIrO6,Ca,Ca,Cu,Ir,-1.9181086020000009,0.10107820849999882,0.0,0.0103056,273.7081498429942,5.240709102594278,C2,5,1.0,1.0,1.9,2.2,3.44,2.05,1.0,1.0,0.77,0.68,0.7986147175753947,0.1241379310344827,2,2,11,9,10.0,4,11,9,8,4.5,3.5,6.5,5.5,12.0,7.0,3.5,4.5,8.0,1.0,2.4,2.17,2.08,2.125,-1.8748085551019793,0.0103056,8.0
mp-1373817,Zn2TeWO6,Zn,Zn,Te,W,-1.625385273166667,0.19921396395833213,0.4349999999999996,0.0053456,253.2732221288097,7.057930978297644,P2_1/c,14,1.65,1.65,2.1,1.7,3.44,1.9,0.74,0.74,2.21,0.66,0.5337596161337606,1.0801393728222994,2,2,4,6,5.0,4,4,6,8,3.5,4.5,0.5,1.5,2.0,3.0,0.5,1.5,2.0,1.0,2.1399999999999997,3.61,2.06,2.835,-1.6382556377742699,0.0053456,2.0
mp-1374810,Mg2CoIrO6,Mg,Mg,Co,Ir,-1.8763223420000004,0.06314383500000176,0.0,3.6407845,195.2201096963457,6.732598284084981,P2_1/c,14,1.31,1.31,1.88,2.2,3.44,2.04,0.72,0.72,0.65,0.68,0.7259401337120973,0.04511278195488726,2,2,9,9,9.0,4,9,9,8,4.0,4.0,5.0,5.0,10.0,5.0,5.0,5.0,10.0,0.0,2.12,2.05,2.08,2.065,-1.8577655394383756,3.6407845,10.0
mp-1374281,Mg2NiSbO6,Mg,Mg,Ni,Sb,-2.0600120525000007,0.10479306908333275,0.08399999999999963,2.0066541,208.1802667788934,5.185645171726208,P2_1/m,11,1.31,1.31,1.91,2.05,3.44,1.98,0.72,0.72,0.69,0.76,0.7054430005249321,0.09655172413793112,2,2,10,5,7.5,4,10,15,8,2.75,5.25,7.25,9.75,17.0,12.0,2.75,0.25,3.0,2.5,2.12,2.09,2.16,2.125,-2.058871790002059,2.0066541,3.0
mp-1375228,Zn2IrWO6,Zn,Zn,Ir,W,-1.6031525725000002,0.17868524137499886,0.9626112661633082,2.0002484,218.61166304831102,9.158628586190897,P2_1/c,14,1.65,1.65,2.2,1.7,3.44,1.9500000000000002,0.74,0.74,0.68,0.66,0.7310186047049331,0.02985074626865674,2,2,9,6,7.5,4,9,6,8,4.75,3.25,4.25,2.75,7.0,2.0,4.25,2.75,7.0,1.5,2.1399999999999997,2.08,2.06,2.0700000000000003,-1.597780726922735,2.0002484,7.0
mp-1374534,Mg2BiSbO6,Mg,Mg,Bi,Sb,-2.1872133250000005,0.1507881586666704,1.3876,0.011186,252.99509835489116,6.239899016374291,P2_1/m,11,1.31,1.31,1.9,2.05,3.44,1.9749999999999999,0.72,0.72,1.03,0.76,0.6531879634490113,0.3016759776536313,2,2,5,5,5.0,4,15,15,8,4.0,4.0,10.0,10.0,20.0,15.0,0.0,0.0,0.0,0.0,2.12,2.4299999999999997,2.16,2.295,-2.15664395647175,0.011186,0.011186
mp-1375998,Ca2CuIrO6,Ca,Ca,Cu,Ir,-2.0191868105,0.0,0.0,3.9776033,235.00984260897278,6.103679643422949,P2_1/c,14,1.0,1.0,1.9,2.2,3.44,2.05,1.0,1.0,0.77,0.68,0.7986147175753947,0.1241379310344827,2,2,11,9,10.0,4,11,9,8,4.5,3.5,6.5,5.5,12.0,7.0,3.5,4.5,8.0,1.0,2.4,2.17,2.08,2.125,-2.0090300953742073,3.9776033,8.0
mp-1375332,Ca2BiWO6,Ca,Ca,Bi,W,-2.554903193,0.08611010650000583,1.8101000000000003,1.9958767,280.56409005198844,6.735014187865124,P2_1/c,14,1.0,1.0,1.9,1.7,3.44,1.7999999999999998,1.0,1.0,1.03,0.66,0.7559270712016543,0.4378698224852071,2,2,5,6,5.5,4,15,6,8,6.25,1.75,8.75,4.25,13.0,8.0,1.25,4.25,5.5,3.0,2.4,2.4299999999999997,2.06,2.245,-2.5441372714190074,1.9958767,5.5
mp-1376265,Mg2TaNiO6,Mg,Mg,Ta,Ni,-2.5501717852333328,0.12429702058333714,0.0,2.0001153,206.97001412565137,6.1657075057694595,P2_1/m,11,1.31,1.31,1.5,1.91,3.44,1.705,0.72,0.72,0.72,0.69,0.7121455468482094,0.04255319148936174,2,2,5,10,7.5,4,5,10,8,2.75,5.25,2.25,4.75,7.0,2.0,2.25,4.75,7.0,2.5,2.12,2.12,2.09,2.105,-2.528721638487137,2.0001153,7.0
mp-1375556,Ca2FeRhO6,Ca,Ca,Fe,Rh,-1.8622378640000001,0.29854979974999907,0.0,1.2278957,267.28558978980766,4.1612370512150525,C2,5,1.0,1.0,1.83,2.28,3.44,2.0549999999999997,1.0,1.0,0.61,0.665,0.8329110551399824,0.08627450980392165,2,2,8,9,8.5,4,8,9,8,3.75,4.25,4.25,4.75,9.0,4.0,4.25,4.75,9.0,0.5,2.4,2.01,2.065,2.0374999999999996,-1.869536918590858,1.2278957,9.0
mp-1376144,Mg2CrIrO6,Mg,Mg,Cr,Ir,-2.1707992844999993,0.07601175849999997,0.0,1.996566,205.29006086962494,6.290124010611282,P2_1/c,14,1.31,1.31,1.66,2.2,3.44,1.9300000000000002,0.72,0.72,0.73,0.68,0.7121455468482094,0.07092198581560273,2,2,6,9,7.5,4,6,9,8,3.25,4.75,2.75,4.25,7.0,2.0,2.75,4.25,7.0,1.5,2.12,2.13,2.08,2.105,-2.1875834778467795,1.996566,7.0
mp-1376543,Mg2TaAgO6,Mg,Mg,Ta,Ag,-2.411180924399999,0.11271697191666963,0.4176000000000002,0.0022249,233.46755071392494,6.1654389159210075,P2_1/m,11,1.31,1.31,1.5,1.93,3.44,1.7149999999999999,0.72,0.72,0.72,1.15,0.6419984480151951,0.4598930481283422,2,2,5,11,8.0,4,5,11,8,2.5,5.5,2.5,5.5,8.0,3.0,2.5,4.5,7.0,2.0,2.12,2.12,2.55,2.335,-2.43207710828042,0.0022249,7.0
mp-1377924,TaZn2AgO6,Zn,Zn,Ta,Ag,-1.8639964069000008,0.11968427566666584,0.1836688329783731,0.0002463,234.5365353487651,7.3014172899990415,P2_1/m,11,1.65,1.65,1.5,1.93,3.44,1.7149999999999999,0.74,0.74,0.72,1.15,0.6480550371474139,0.4598930481283422,2,2,5,11,8.0,4,5,11,8,2.5,5.5,2.5,5.5,8.0,3.0,2.5,4.5,7.0,2.0,2.1399999999999997,2.12,2.55,2.335,-1.903323538687521,0.0002463,7.0
mp-1377373,Ca2TaCoO6,Ca,Ca,Ta,Co,-2.8890745602333334,0.03727056011428864,0.36119999999999974,7.9991317,239.35500283903124,5.772512218436053,P2_1/m,11,1.0,1.0,1.5,1.88,3.44,1.69,1.0,1.0,0.72,0.65,0.8139358632363136,0.10218978102189773,2,2,5,9,7.0,4,5,9,8,3.0,5.0,2.0,4.0,6.0,1.0,2.0,4.0,6.0,2.0,2.4,2.12,2.05,2.085,-2.847950417634527,7.9991317,7.9991317
mp-1377834,Mg2VWO6,Mg,Mg,V,W,-2.5222749455000013,0.10958074958333164,1.7155999999999993,2.0027571,214.57694508372646,5.871911635051909,P2_1/c,14,1.31,1.31,1.63,1.7,3.44,1.665,0.72,0.72,0.79,0.66,0.7054430005249321,0.1793103448275862,2,2,5,6,5.5,4,5,6,8,3.75,4.25,1.25,1.75,3.0,2.0,1.25,1.75,3.0,0.5,2.12,2.19,2.06,2.125,-2.544339112814435,2.0027571,3.0
mp-1377229,TaZn2MoO6,Zn,Zn,Ta,Mo,-2.274960562733333,0.06989926387499779,1.7404999999999995,6.0025881,228.7570637542555,7.312712458511098,P2_1/m,11,1.65,1.65,1.5,2.16,3.44,1.83,0.74,0.74,0.72,0.69,0.7188639010637584,0.04255319148936174,2,2,5,6,5.5,4,5,6,8,3.75,4.25,1.25,1.75,3.0,2.0,1.25,1.75,3.0,0.5,2.1399999999999997,2.12,2.09,2.105,-2.2793856352050486,6.0025881,6.0025881
mp-1377792,Mg2VIrO6,Mg,Mg,V,Ir,-2.2330959535000003,0.14387660012500003,0.04300000000000015,0.0028235,201.5558477953211,6.389283893759634,P2_1/c,14,1.31,1.31,1.63,2.2,3.44,1.915,0.72,0.72,0.79,0.68,0.7021388178526843,0.1496598639455782,2,2,5,9,7.0,4,5,9,8,3.0,5.0,2.0,4.0,6.0,1.0,2.0,4.0,6.0,2.0,2.12,2.19,2.08,2.135,-2.2386322194977786,0.0028235,6.0
mp-1378636,Mg2MnIrO6,Mg,Mg,Mn,Ir,-2.0753095902931045,0.10093642175000017,0.0,7.4975078,206.77014387802794,6.292351235222809,P2_1/c,14,1.31,1.31,1.55,2.2,3.44,1.875,0.72,0.72,0.67,0.68,0.7224416270436052,0.014814814814814828,2,2,7,9,8.0,4,7,9,8,3.5,4.5,3.5,4.5,8.0,3.0,3.5,4.5,8.0,1.0,2.12,2.07,2.08,2.075,-2.0691614563369223,7.4975078,8.0
mp-1378169,Ca2CoRhO6,Ca,Ca,Co,Rh,-1.9179904905000007,0.14927685083333486,0.07459999999999978,3.9994028,263.6913879094507,4.256850575546886,C2,5,1.0,1.0,1.88,2.28,3.44,2.08,1.0,1.0,0.65,0.665,0.8248147143852801,0.022813688212927778,2,2,9,9,9.0,4,9,9,8,4.0,4.0,5.0,5.0,10.0,5.0,5.0,5.0,10.0,0.0,2.4,2.05,2.065,2.0575,-1.9016757462492149,3.9994028,10.0
mp-1378723,TaZn2BiO6,Zn,Zn,Ta,Bi,-2.159649673733333,0.17967391899999807,1.8737,0.0013837,251.02867391897772,8.159428957832706,P2_1/m,11,1.65,1.65,1.5,1.9,3.44,1.7,0.74,0.74,0.72,1.03,0.6651465985666863,0.35428571428571437,2,2,5,5,5.0,4,5,15,8,1.5,6.5,3.5,8.5,12.0,7.0,3.5,1.5,5.0,2.0,2.1399999999999997,2.12,2.4299999999999997,2.275,-2.1424402039661383,0.0013837,5.0
mp-1379512,Ca2CoSbO6,Ca,Ca,Co,Sb,-2.3511197865,0.06393334087499714,0.6627128599872325,3.9990475,239.77429643038076,4.94261529189017,P2_1/m,11,1.0,1.0,1.88,2.05,3.44,1.9649999999999999,1.0,1.0,0.65,0.76,0.8062025058658974,0.15602836879432622,2,2,9,5,7.0,4,9,15,8,2.5,5.5,6.5,9.5,16.0,11.0,3.5,0.5,4.0,3.0,2.4,2.05,2.16,2.105,-2.3627813352713787,3.9990475,4.0
mp-1379764,Ca2VIrO6,Ca,Ca,V,Ir,-2.4848013970000005,0.09225410266070888,0.41880000000000006,0.0001271,227.40459417431575,6.123729681030769,P2_1/c,14,1.0,1.0,1.63,2.2,3.44,1.915,1.0,1.0,0.79,0.68,0.7948741334181331,0.1496598639455782,2,2,5,9,7.0,4,5,9,8,3.0,5.0,2.0,4.0,6.0,1.0,2.0,4.0,6.0,2.0,2.4,2.19,2.08,2.135,-2.4881438312757287,0.0001271,6.0
mp-1383318,CaLa2CrO6,La,La,Ca,Cr,-3.221538288,0.0631851806666699,0.0,2.0000234,136.59952410661055,5.663375020259465,R-3,148,1.1,1.1,1.0,1.66,3.44,1.33,1.032,1.032,1.0,0.73,0.7592422480554895,0.31213872832369943,3,3,4,6,5.0,6,4,6,6,2.5,3.5,1.5,2.5,4.0,1.0,1.5,2.5,4.0,1.0,2.432,2.4,2.13,2.2649999999999997,-3.215886688990234,2.0000234,4.0
mp-1383877,TaZn2WO6,Zn,Zn,Ta,W,-1.8620393247333333,0.4862205526249994,0.0,1.580823,128.18873917156517,7.6635335174593875,Imm2,44,1.65,1.65,1.5,1.7,3.44,1.6,0.74,0.74,0.72,0.66,0.7240232113584745,0.08695652173913036,2,2,5,6,5.5,4,5,6,8,3.75,4.25,1.25,1.75,3.0,2.0,1.25,1.75,3.0,0.5,2.1399999999999997,2.12,2.06,2.09,-1.8670131472570042,1.580823,3.0
mp-1383866,Ca2CuWO6,Ca,Ca,Cu,W,-2.3658785260000004,0.18103467049999988,0.0,0.9926342,125.68252047819801,5.59586215896957,Imm2,44,1.0,1.0,1.9,1.7,3.44,1.7999999999999998,1.0,1.0,0.77,0.66,0.8023906736868622,0.1538461538461538,2,2,11,6,8.5,4,11,6,8,5.25,2.75,5.75,3.25,9.0,4.0,4.25,3.25,7.5,1.0,2.4,2.17,2.06,2.115,-2.3337316144796003,0.9926342,7.5
mp-1384639,Ca2TiWO6,Ca,Ca,Ti,W,-2.9814294273333344,0.13249708638888968,0.0,2.0000631,126.78776050287576,5.341733820678284,Cm,8,1.0,1.0,1.54,1.7,3.44,1.62,1.0,1.0,0.86,0.66,0.7856742013183861,0.26315789473684204,2,2,4,6,5.0,4,4,6,8,3.5,4.5,0.5,1.5,2.0,3.0,0.5,1.5,2.0,1.0,2.4,2.26,2.06,2.16,-2.9716099283005692,2.0000631,2.0000631
mp-1385417,CaLa2VO6,La,La,Ca,V,-3.375381797,0.04199716637500117,1.8206999999999995,0.9984533,137.288872871732,5.622182715592485,R-3,148,1.1,1.1,1.0,1.63,3.44,1.315,1.032,1.032,1.0,0.79,0.7493175127867903,0.23463687150837984,3,3,4,5,4.5,6,4,5,6,2.75,3.25,1.25,1.75,3.0,2.0,1.25,1.75,3.0,0.5,2.432,2.4,2.19,2.295,-3.360684241279004,0.9984533,3.0
mp-1385224,La2ZnNiO6,La,La,Zn,Ni,-2.5384508499999994,0.024903564625000207,1.1203000000000003,0.0014762,116.53272801330274,7.09499031011628,R-3,148,1.1,1.1,1.65,1.91,3.44,1.7799999999999998,1.032,1.032,0.74,0.69,0.8130892160026874,0.06993006993006999,3,3,12,10,11.0,6,12,10,6,3.5,2.5,8.5,7.5,16.0,11.0,1.5,2.5,4.0,1.0,2.432,2.1399999999999997,2.09,2.1149999999999998,-2.5251932246266513,0.0014762,4.0
mp-1385999,CaLa2WO6,La,La,Ca,W,-3.145924291,0.17587478283334157,2.0397,1.9999933,147.19752923479527,6.7429547541540344,R-3,148,1.1,1.1,1.0,1.7,3.44,1.35,1.032,1.032,1.0,0.66,0.7711586062088266,0.4096385542168674,3,3,4,6,5.0,6,4,6,6,2.5,3.5,1.5,2.5,4.0,1.0,1.5,2.5,4.0,1.0,2.432,2.4,2.06,2.23,-3.1224548138502937,1.9999933,4.0
mp-1386257,Ca2SnWO6,Ca,Ca,Sn,W,3.1528689345000003,5.839161002333336,0.0,0.1751491,130.9165420592985,6.0718380204826845,P1,1,1.0,1.0,1.96,1.7,3.44,1.83,1.0,1.0,0.69,0.66,0.8178584457097415,0.044444444444444314,2,2,4,6,5.0,4,14,6,8,6.0,2.0,8.0,4.0,12.0,7.0,2.0,4.0,6.0,2.0,2.4,2.09,2.06,2.075,3.1564893656740742,0.1751491,6.0
mp-1390540,Ca2AgWO6,Ca,Ca,Ag,W,1.6571070178333343,4.103975579,0.0,2.9635441,139.7676436689232,5.558516869245133,P1,1,1.0,1.0,1.93,1.7,3.44,1.815,1.0,1.0,1.15,0.66,0.7362500107799194,0.5414364640883976,2,2,11,6,8.5,4,11,6,8,5.25,2.75,5.75,3.25,9.0,4.0,4.25,3.25,7.5,1.0,2.4,2.55,2.06,2.3049999999999997,1.6311703788742173,2.9635441,7.5
mp-1391233,Ca2MnWO6,Ca,Ca,Mn,W,-2.755359075793102,0.022185206500029864,2.5151000000000003,5.0002154,129.08458555350566,5.337649045023014,P1,1,1.0,1.0,1.55,1.7,3.44,1.625,1.0,1.0,0.67,0.66,0.8218190192967139,0.015037593984962419,2,2,7,6,6.5,4,7,6,8,4.25,3.75,2.75,2.25,5.0,0.0,2.75,2.25,5.0,0.5,2.4,2.07,2.06,2.065,-2.747365316758049,5.0002154,5.0002154
mp-1391671,La2MgNiO6,La,La,Mg,Ni,-2.8133004534999997,0.0,1.3899,0.0021291,116.10369197450987,6.533330381461486,R-3,148,1.1,1.1,1.31,1.91,3.44,1.6099999999999999,1.032,1.032,0.72,0.69,0.816951872610776,0.04255319148936174,3,3,4,10,7.0,6,4,10,6,1.5,4.5,2.5,5.5,8.0,3.0,2.5,4.5,7.0,2.0,2.432,2.12,2.09,2.105,-2.8263275913758363,0.0021291,7.0
mp-1393845,La2MgBiO6,La,La,Mg,Bi,-2.9023369595000013,0.10195392787500612,0.0,0.7063581,145.7196392244964,6.918087490421286,R-3,148,1.1,1.1,1.31,1.9,3.44,1.605,1.032,1.032,0.72,1.03,0.7559049194926081,0.35428571428571437,3,3,4,5,4.5,6,4,15,6,0.25,5.75,3.75,9.25,13.0,8.0,3.75,0.75,4.5,3.0,2.432,2.12,2.4299999999999997,2.275,-2.9129092931349962,0.7063581,4.5
mp-1394560,CaLa2MoO6,La,La,Ca,Mo,-3.169544279,0.07810904900000004,1.4188,2.0000003,146.51709820522026,5.7780621222080635,R-3,148,1.1,1.1,1.0,2.16,3.44,1.58,1.032,1.032,1.0,0.69,0.7660060988176762,0.3668639053254439,3,3,4,6,5.0,6,4,6,6,2.5,3.5,1.5,2.5,4.0,1.0,1.5,2.5,4.0,1.0,2.432,2.4,2.09,2.245,-3.1578169986248983,2.0000003,4.0
mp-1397424,Ca2NiWO6,Ca,Ca,Ni,W,-2.5016700839999992,0.10651078900000144,0.5975000000000001,1.9999969,123.5480464361386,5.627317861811708,C2,5,1.0,1.0,1.91,1.7,3.44,1.805,1.0,1.0,0.69,0.66,0.8178584457097415,0.044444444444444314,2,2,10,6,8.0,4,10,6,8,5.0,3.0,5.0,3.0,8.0,3.0,5.0,3.0,8.0,2.0,2.4,2.09,2.06,2.075,-2.4769044225713266,1.9999969,8.0
mp-1396276,CaLa2SnO6,La,La,Ca,Sn,-3.2484680825000005,0.04487242893750221,3.8925,6e-06,148.80110162425063,5.943473269626639,R-3,148,1.1,1.1,1.0,1.96,3.44,1.48,1.032,1.032,1.0,0.69,0.7660060988176762,0.3668639053254439,3,3,4,4,4.0,6,4,14,6,0.5,5.5,3.5,8.5,12.0,7.0,3.5,1.5,5.0,2.0,2.432,2.4,2.09,2.245,-3.2480426509652793,6e-06,5.0
mp-1396966,CaLa2BiO6,La,La,Ca,Bi,-2.9915695650000003,0.0785062605000002,0.0,0.8168966,168.2216211519529,6.148394533824521,R-3,148,1.1,1.1,1.0,1.9,3.44,1.45,1.032,1.032,1.0,1.03,0.7120843444495584,0.02955665024630544,3,3,4,5,4.5,6,4,15,6,0.25,5.75,3.75,9.25,13.0,8.0,3.75,0.75,4.5,3.0,2.432,2.4,2.4299999999999997,2.415,-2.985392904748021,0.8168966,4.5
mp-1398590,Ca2CoWO6,Ca,Ca,Co,W,-2.4928158080000005,0.12411812299998548,1.4930000000000003,3.0007263,126.53928791006949,5.49744137933228,Cm,8,1.0,1.0,1.88,1.7,3.44,1.79,1.0,1.0,0.65,0.66,0.8258181386120264,0.015267175572519097,2,2,9,6,7.5,4,9,6,8,4.75,3.25,4.25,2.75,7.0,2.0,4.25,2.75,7.0,1.5,2.4,2.05,2.06,2.0549999999999997,-2.458771509107296,3.0007263,7.0
mp-1399089,Zn2MoWO6,Zn,Zn,Mo,W,2.9486191449999994,4.882445304,0.0,0.0016126,117.32272167441701,7.170135343693781,P1,1,1.65,1.65,2.16,1.7,3.44,1.9300000000000002,0.74,0.74,0.69,0.66,0.7292571140911861,0.044444444444444314,2,2,6,6,6.0,4,6,6,8,4.0,4.0,2.0,2.0,4.0,1.0,2.0,2.0,4.0,0.0,2.1399999999999997,2.09,2.06,2.075,2.953434208589771,0.0016126,4.0
mp-1398571,La2TiZnO6,La,La,Ti,Zn,-3.381660124333334,0.06006322674999964,3.0304,0.0001968,126.24415601565802,6.406798868295541,R-3,148,1.1,1.1,1.54,1.65,3.44,1.595,1.032,1.032,0.86,0.74,0.7816744053844015,0.15,3,3,4,12,8.0,6,4,12,6,1.0,5.0,3.0,7.0,10.0,5.0,3.0,3.0,6.0,0.0,2.432,2.26,2.1399999999999997,2.1999999999999997,-3.3296264620497262,0.0001968,6.0
mp-1400776,La2ZnBiO6,La,La,Zn,Bi,-2.6344729210000004,0.12033595487500026,0.0,0.0013283,146.00049413825047,7.372276494471027,R-3,148,1.1,1.1,1.65,1.9,3.44,1.775,1.032,1.032,0.74,1.03,0.7525968016830124,0.3276836158192091,3,3,12,5,8.5,6,12,15,6,2.25,3.75,9.75,10.0,19.75,14.75,0.25,0.0,0.25,0.25,2.432,2.1399999999999997,2.4299999999999997,2.2849999999999997,-2.6231627280873697,0.0013283,0.25
mp-1403373,La2ZnSbO6,La,La,Zn,Sb,-2.746218923,0.18898165136666467,0.0,0.0078354,139.60885922242994,6.672378346889951,R-3,148,1.1,1.1,1.65,2.05,3.44,1.8499999999999999,1.032,1.032,0.74,0.76,0.7998528799282248,0.02666666666666669,3,3,12,5,8.5,6,12,15,6,2.25,3.75,9.75,10.0,19.75,14.75,0.25,0.0,0.25,0.25,2.432,2.1399999999999997,2.16,2.15,-2.7814341781831162,0.0078354,0.25
mp-1404626,La2MgWO6,La,La,Mg,W,-3.111161335500001,0.13028096958332647,0.0,2.0000081,131.39121537231463,7.354788477152904,R-3,148,1.1,1.1,1.31,1.7,3.44,1.505,1.032,1.032,0.72,0.66,0.822815163562528,0.08695652173913036,3,3,4,6,5.0,6,4,6,6,2.5,3.5,1.5,2.5,4.0,1.0,1.5,2.5,4.0,1.0,2.432,2.12,2.06,2.09,-3.0960945030779103,2.0000081,4.0
mp-1403741,La2MgSbO6,La,La,Mg,Sb,-3.0128309344999997,0.1718516513666657,0.0,0.2352377,138.28249752318024,6.242788110448701,R-3,148,1.1,1.1,1.31,2.05,3.44,1.68,1.032,1.032,0.72,0.76,0.8035905102082634,0.054054054054054106,3,3,4,5,4.5,6,4,15,6,0.25,5.75,3.75,9.25,13.0,8.0,3.75,0.75,4.5,3.0,2.432,2.12,2.16,2.14,-3.0052077668023442,0.2352377,4.5
mp-1405776,La2VZnO6,La,La,V,Zn,-3.0754423590000015,0.038912548375005684,1.7353999999999994,0.9999088,124.153491986402,6.555806286516565,R-3,148,1.1,1.1,1.63,1.65,3.44,1.64,1.032,1.032,0.79,0.74,0.7943111740626714,0.06535947712418307,3,3,5,12,8.5,6,5,12,6,1.25,4.75,3.75,7.25,11.0,6.0,3.75,2.75,6.5,1.0,2.432,2.19,2.1399999999999997,2.165,-3.0496473039183467,0.9999088,6.5
mp-1407554,Ba2BiSbO6,Ba,Ba,Bi,Sb,-0.531825894,1.9211812790000051,0.0,0.0024185,204.29298797386306,5.701061194180889,P-1,2,0.89,0.89,1.9,2.05,3.44,1.9749999999999999,1.35,1.35,1.03,0.76,0.8472957073041419,0.3016759776536313,2,2,5,5,5.0,4,15,15,8,4.0,4.0,10.0,10.0,20.0,15.0,0.0,0.0,0.0,0.0,2.75,2.4299999999999997,2.16,2.295,-0.5183622669746009,0.0024185,0.0024185
mp-1407332,La2ZnMoO6,La,La,Zn,Mo,-2.8769897430000007,0.05777014324999463,1.5064000000000002,2.0001702,132.45830581234327,6.708888544967523,R-3,148,1.1,1.1,1.65,2.16,3.44,1.905,1.032,1.032,0.74,0.69,0.8130892160026874,0.06993006993006999,3,3,12,6,9.0,6,12,6,6,4.5,1.5,7.5,4.5,12.0,7.0,2.5,4.5,7.0,2.0,2.432,2.1399999999999997,2.09,2.1149999999999998,-2.879758862679676,2.0001702,7.0
mp-1408168,La2ZnSnO6,La,La,Zn,Sn,-2.9078021324999996,0.07886050862500049,2.9251000000000005,1.93e-05,134.6631102711447,6.879823904884682,R-3,148,1.1,1.1,1.65,1.96,3.44,1.805,1.032,1.032,0.74,0.69,0.8130892160026874,0.06993006993006999,3,3,12,4,8.0,6,12,14,6,2.5,3.5,9.5,10.0,19.5,14.5,0.5,0.0,0.5,0.5,2.432,2.1399999999999997,2.09,2.1149999999999998,-2.9322880972257868,1.93e-05,0.5
mp-1410863,CaLa2FeO6,La,La,Ca,Fe,-2.9756048680000005,0.08142622612499828,1.7183000000000002,4.0000101,132.7167799731302,5.877219004145479,R-3,148,1.1,1.1,1.0,1.83,3.44,1.415,1.032,1.032,1.0,0.61,0.779901901063802,0.4844720496894411,3,3,4,8,6.0,6,4,8,6,2.0,4.0,2.0,4.0,6.0,1.0,2.0,4.0,6.0,2.0,2.432,2.4,2.01,2.205,-2.979785333145721,4.0000101,6.0
mp-1410589,CaLa2SbO6,La,La,Ca,Sb,-3.0710334350000013,0.17282762012500275,0.0,0.8358162,156.63156236124195,5.6786767669696125,R-3,148,1.1,1.1,1.0,2.05,3.44,1.525,1.032,1.032,1.0,0.76,0.7542472332656507,0.2727272727272727,3,3,4,5,4.5,6,4,15,6,0.25,5.75,3.75,9.25,13.0,8.0,3.75,0.75,4.5,3.0,2.432,2.4,2.16,2.2800000000000002,-3.0880438440841873,0.8358162,4.5
mp-1410247,La2ZnCrO6,La,La,Zn,Cr,-2.8951808799999994,0.08172854258334983,1.0063999999999993,1.9999482,123.14533054414747,6.623697741158781,R-3,148,1.1,1.1,1.65,1.66,3.44,1.6549999999999998,1.032,1.032,0.74,0.73,0.8054724551970415,0.01360544217687076,3,3,12,6,9.0,6,12,6,6,4.5,1.5,7.5,4.5,12.0,7.0,2.5,4.5,7.0,2.0,2.432,2.1399999999999997,2.13,2.135,-2.906791348996094,1.9999482,7.0
mp-1412249,La2MgTiO6,La,La,Mg,Ti,-3.6712668558333332,0.019938506749999974,0.0,2.9e-06,124.45121160111086,5.950654143688109,R-3,148,1.1,1.1,1.31,1.54,3.44,1.425,1.032,1.032,0.72,0.86,0.7852436949067048,0.17721518987341772,3,3,4,4,4.0,6,4,4,6,3.0,3.0,1.0,1.0,2.0,3.0,1.0,1.0,2.0,0.0,2.432,2.12,2.26,2.19,-3.659495287744921,2.9e-06,2.0
mp-1411395,La2MgVO6,La,La,Mg,V,-3.3664082815000014,0.0,1.7390999999999996,0.9999557,122.30934305032888,6.096602489817276,R-3,148,1.1,1.1,1.31,1.63,3.44,1.47,1.032,1.032,0.72,0.79,0.7979970727822198,0.09271523178807956,3,3,4,5,4.5,6,4,5,6,2.75,3.25,1.25,1.75,3.0,2.0,1.25,1.75,3.0,0.5,2.432,2.12,2.19,2.1550000000000002,-3.3330101914129733,0.9999557,3.0
mp-1443834,Ca2TaWO6,Ca,Ca,Ta,W,-3.0057089967333326,0.10112562249999968,2.2591,3.0000966,130.20179192774333,6.898925549281359,R3,146,1.0,1.0,1.5,1.7,3.44,1.6,1.0,1.0,0.72,0.66,0.8119886482524947,0.08695652173913036,2,2,5,6,5.5,4,5,6,8,3.75,4.25,1.25,1.75,3.0,2.0,1.25,1.75,3.0,0.5,2.4,2.12,2.06,2.09,-2.997815566136873,3.0000966,3.0000966
mp-1444903,La2MgSnO6,La,La,Mg,Sn,-3.202523977,0.033620675625000374,3.9981,1.8e-05,132.68116553569527,6.468165121972586,R-3,148,1.1,1.1,1.31,1.96,3.44,1.635,1.032,1.032,0.72,0.69,0.816951872610776,0.04255319148936174,3,3,4,4,4.0,6,4,14,6,0.5,5.5,3.5,8.5,12.0,7.0,3.5,1.5,5.0,2.0,2.432,2.12,2.09,2.105,-3.2264416382407033,1.8e-05,5.0
mp-1445093,Ca2CrWO6,Ca,Ca,Cr,W,-2.7683428629999995,0.03445591869444797,1.6023000000000005,2.0041526,120.73693325973831,5.666228068953936,P1,1,1.0,1.0,1.66,1.7,3.44,1.68,1.0,1.0,0.73,0.66,0.8100507278509376,0.10071942446043157,2,2,6,6,6.0,4,6,6,8,4.0,4.0,2.0,2.0,4.0,1.0,2.0,2.0,4.0,0.0,2.4,2.13,2.06,2.0949999999999998,-2.7594508096355965,2.0041526,4.0
mp-1445473,CaLa2TiO6,La,La,Ca,Ti,-3.6816299793333327,0.06311742775000262,3.1705000000000005,0.0004964,138.4962271440171,5.536308219702679,R-3,148,1.1,1.1,1.0,1.54,3.44,1.27,1.032,1.032,1.0,0.86,0.7380616703200358,0.15053763440860218,3,3,4,4,4.0,6,4,4,6,3.0,3.0,1.0,1.0,2.0,3.0,1.0,1.0,2.0,0.0,2.432,2.4,2.26,2.33,-3.6576973496004195,0.0004964,2.0
mp-1445639,La2ZnWO6,La,La,Zn,W,-2.866188211,0.12577208258332817,2.1170999999999998,2.0003913,133.34179783897852,7.7590778846231006,R-3,148,1.1,1.1,1.65,1.7,3.44,1.6749999999999998,1.032,1.032,0.74,0.66,0.8188969961169922,0.11428571428571424,3,3,12,6,9.0,6,12,6,6,4.5,1.5,7.5,4.5,12.0,7.0,2.5,4.5,7.0,2.0,2.432,2.1399999999999997,2.06,2.0999999999999996,-2.8783838690863877,2.0003913,7.0
mp-1445762,Mg2SbWO6,Mg,Mg,Sb,W,1.298075764,3.7460295927499994,0.0,0.9997101,156.5066492980584,4.776700029237029,P1,1,1.31,1.31,2.05,1.7,3.44,1.875,0.72,0.72,0.76,0.66,0.7104579981589957,0.1408450704225352,2,2,5,6,5.5,4,15,6,8,6.25,1.75,8.75,4.25,13.0,8.0,1.25,4.25,5.5,3.0,2.12,2.16,2.06,2.1100000000000003,1.2953954206665417,0.9997101,5.5
mp-1516185,Ba2GdSbO6,Ba,Ba,Gd,Sb,-3.0558879954999996,0.000943465500014895,3.4853000000000005,27.999998,630.996225610473,6.83862395333028,Pn-3,201,0.89,0.89,1.2,2.05,3.44,1.625,1.35,1.35,0.938,0.76,0.8646258996278372,0.20965842167255588,2,2,4,5,4.5,4,4,15,8,1.25,6.75,2.75,8.25,11.0,6.0,2.75,1.75,4.5,1.0,2.75,2.338,2.16,2.249,-3.0555942316054154,27.999998,27.999998
mp-1516191,Eu2NbZnO6,Eu,Eu,Nb,Zn,-2.8629847710000016,0.15307958999999904,0.0,12.9992803,130.13046939182132,7.123458240392438,Fm-3m,225,1.5,1.5,1.6,1.65,3.44,1.625,1.17,1.17,0.72,0.74,0.8531757876288389,0.02739726027397263,3,3,5,12,8.5,6,5,12,6,1.25,4.75,3.75,7.25,11.0,6.0,3.75,2.75,6.5,1.0,2.57,2.12,2.1399999999999997,2.13,-2.8786827372616464,12.9992803,12.9992803
mp-1516196,Na2PrWO6,Na,Na,Pr,W,-2.4058655449425297,0.09353952774999907,0.0,3.9999893,595.5755978545812,5.205134367373154,Pn-3,201,0.93,0.93,1.13,1.7,3.44,1.415,1.02,1.02,0.99,0.66,0.7690779372905372,0.39999999999999997,1,1,4,6,5.0,2,4,6,10,4.5,5.5,0.0,0.5,0.5,4.5,0.0,0.5,0.5,0.5,2.42,2.3899999999999997,2.06,2.2249999999999996,-2.3928999362656524,3.9999893,3.9999893
mp-1516258,Ba2LaNbO6,Ba,Ba,La,Nb,-3.374454718250001,0.013526449249999573,2.9716,2e-06,672.5071658267691,5.95034316069812,Pn-3,201,0.89,0.89,1.1,1.6,3.44,1.35,1.35,1.35,1.032,0.72,0.8543689139995632,0.35616438356164387,2,2,4,5,4.5,4,3,5,8,3.5,4.5,0.0,0.5,0.5,4.5,0.0,0.5,0.5,0.5,2.75,2.432,2.12,2.276,-3.3768736812221567,2e-06,0.5
mp-1516290,Sr2NbCuO6,Sr,Sr,Nb,Cu,-2.6332978970000007,0.056184576000001485,0.0,1.8270483,127.64998576192431,5.563603664267455,Fm-3m,225,0.95,0.95,1.6,1.9,3.44,1.75,1.18,1.18,0.72,0.77,0.850506058490113,0.0671140939597316,2,2,5,11,8.0,4,5,11,8,2.5,5.5,2.5,5.5,8.0,3.0,2.5,4.5,7.0,2.0,2.58,2.12,2.17,2.145,-2.6249072481218603,1.8270483,7.0
mp-1516316,SmEu2NbO6,Eu,Eu,Sm,Nb,-3.2631790905000004,0.15577926061667036,0.3650000000000002,14.0000001,155.72941873936983,6.858327910069551,Fm-3m,225,1.5,1.5,1.17,1.6,3.44,1.385,1.17,1.17,0.958,0.72,0.811641102121227,0.2836710369487485,3,3,4,5,4.5,6,4,5,6,2.75,3.25,1.25,1.75,3.0,2.0,1.25,1.75,3.0,0.5,2.57,2.3579999999999997,2.12,2.239,-3.2809289340560426,14.0000001,14.0000001
mp-1516367,LaEu2SbO6,Eu,Eu,La,Sb,-2.9552216555000017,0.21298833023334396,0.03279999999999994,55.9999943,622.6577316947601,7.046794614962073,Pn-3,201,1.5,1.5,1.1,2.05,3.44,1.575,1.17,1.17,1.032,0.76,0.7914914754570676,0.3035714285714286,3,3,4,5,4.5,6,3,15,6,0.0,6.0,3.0,9.0,12.0,7.0,3.0,1.0,4.0,2.0,2.57,2.432,2.16,2.2960000000000003,-2.9639708215064697,55.9999943,55.9999943
mp-1516366,PrEu2NbO6,Eu,Eu,Pr,Nb,-3.183736387166668,0.20449274701666909,0.46330000000000027,13.9999997,160.82215778913493,6.543547462351723,Fm-3m,225,1.5,1.5,1.13,1.6,3.44,1.365,1.17,1.17,0.99,0.72,0.8058822295562869,0.31578947368421056,3,3,4,5,4.5,6,4,5,6,2.75,3.25,1.25,1.75,3.0,2.0,1.25,1.75,3.0,0.5,2.57,2.3899999999999997,2.12,2.255,-3.169288760010113,13.9999997,13.9999997
mp-1516361,Na2PrWO6,Na,Na,Pr,W,-2.3675594174425294,0.13184565524999936,0.0,1.0000001,158.22384758063816,4.898204442888682,Fm-3m,225,0.93,0.93,1.13,1.7,3.44,1.415,1.02,1.02,0.99,0.66,0.7690779372905372,0.39999999999999997,1,1,4,6,5.0,2,4,6,10,4.5,5.5,0.0,0.5,0.5,4.5,0.0,0.5,0.5,0.5,2.42,2.3899999999999997,2.06,2.2249999999999996,-2.3750160804843645,1.0000001,1.0000001
mp-1516398,Ca2DySbO6,Ca,Ca,Dy,Sb,-2.9344679361666666,0.15494376999999737,3.1986000000000003,0.0,143.88654755520645,5.313441673356476,Fm-3m,225,1.0,1.0,1.22,2.05,3.44,1.6349999999999998,1.0,1.0,1.07,0.76,0.7330696651609996,0.3387978142076503,2,2,4,5,4.5,4,4,15,8,1.25,6.75,2.75,8.25,11.0,6.0,2.75,1.75,4.5,1.0,2.4,2.4699999999999998,2.16,2.315,-2.8999286591419984,0.0,4.5
mp-1516433,Ba2LaNbO6,Ba,Ba,La,Nb,-3.3644894395000002,0.023491727999999767,2.9563,0.0,169.38405274168485,5.906176452160481,Fm-3m,225,0.89,0.89,1.1,1.6,3.44,1.35,1.35,1.35,1.032,0.72,0.8543689139995632,0.35616438356164387,2,2,4,5,4.5,4,3,5,8,3.5,4.5,0.0,0.5,0.5,4.5,0.0,0.5,0.5,0.5,2.75,2.432,2.12,2.276,-3.3724821632122923,0.0,0.5
mp-1516421,PrEu2NbO6,Eu,Eu,Pr,Nb,-3.2981537511666685,0.09007538301666962,0.09750000000000014,55.9516779,617.378749897114,6.818164199311335,Pn-3,201,1.5,1.5,1.13,1.6,3.44,1.365,1.17,1.17,0.99,0.72,0.8058822295562869,0.31578947368421056,3,3,4,5,4.5,6,4,5,6,2.75,3.25,1.25,1.75,3.0,2.0,1.25,1.75,3.0,0.5,2.57,2.3899999999999997,2.12,2.255,-3.293660056651631,55.9516779,55.9516779
mp-1516440,Eu2MnWO6,Eu,Eu,Mn,W,-2.674874771793104,0.06984394699999896,0.38759999999999994,19.0000014,135.3510803148088,7.835847049542816,Fm-3m,225,1.5,1.5,1.55,1.7,3.44,1.625,1.17,1.17,0.67,0.66,0.880031199830231,0.015037593984962419,3,3,7,6,6.5,6,7,6,6,3.25,2.75,3.75,3.25,7.0,2.0,3.75,3.25,7.0,0.5,2.57,2.07,2.06,2.065,-2.656222955155642,19.0000014,19.0000014
mp-1516435,LaEu2SbO6,Eu,Eu,La,Sb,-2.879752632500002,0.2884573532333423,1.0328,13.9999998,156.1155838179583,7.026430423159336,Fm-3m,225,1.5,1.5,1.1,2.05,3.44,1.575,1.17,1.17,1.032,0.76,0.7914914754570676,0.3035714285714286,3,3,4,5,4.5,6,3,15,6,0.0,6.0,3.0,9.0,12.0,7.0,3.0,1.0,4.0,2.0,2.57,2.432,2.16,2.2960000000000003,-2.9081199471586627,13.9999998,13.9999998
mp-1516449,Eu2CrSbO6,Eu,Eu,Cr,Sb,-2.619188668000001,0.13297892824999913,0.0,10.3409165,128.70225413291556,7.401726486808499,Fm-3m,225,1.5,1.5,1.66,2.05,3.44,1.855,1.17,1.17,0.73,0.76,0.8472095233796861,0.040268456375838965,3,3,6,5,5.5,6,6,15,6,0.75,5.25,5.25,9.75,15.0,10.0,4.75,0.25,5.0,4.5,2.57,2.13,2.16,2.145,-2.6544048442396164,10.3409165,10.3409165
mp-1516495,Eu2ZrNbO6,Eu,Eu,Zr,Nb,-3.317280466000001,0.07459670525004114,0.0,13.599176,141.51079978411275,6.853510700660731,Fm-3m,225,1.5,1.5,1.33,1.6,3.44,1.465,1.17,1.17,0.72,0.72,0.8572002017214277,0.0,3,3,4,5,4.5,6,4,5,6,2.75,3.25,1.25,1.75,3.0,2.0,1.25,1.75,3.0,0.5,2.57,2.12,2.12,2.12,-3.347793592291403,13.599176,13.599176
mp-1516498,Ba2NaMnO6,Ba,Ba,Na,Mn,-2.054973846931034,0.1251001528333342,0.0,1e-07,146.22486411424057,5.094083381717875,Fm-3m,225,0.89,0.89,0.93,1.55,3.44,1.24,1.35,1.35,1.02,0.67,0.8661664357518954,0.41420118343195267,2,2,4,7,5.5,4,4,7,8,3.25,4.75,0.75,2.25,3.0,2.0,0.75,2.25,3.0,1.5,2.75,2.42,2.07,2.245,-2.0297221648624904,1e-07,3.0
mp-1516516,Ba2TbWO6,Ba,Ba,Tb,W,-3.071724578666669,0.06898366299999736,0.0,0.9257241,150.64264208278254,7.8640065580293035,Fm-3m,225,0.89,0.89,1.5,1.7,3.44,1.6,1.35,1.35,0.9230000000000002,0.66,0.8873117263349329,0.332280480101074,2,2,4,6,5.0,4,4,6,8,3.5,4.5,0.5,1.5,2.0,3.0,0.5,1.5,2.0,1.0,2.75,2.323,2.06,2.1915,-3.082761741584518,0.9257241,2.0
mp-1516534,Ca2HfTiO6,Ca,Ca,Hf,Ti,-3.572403279333334,0.1161093307500014,2.4866,0.0,127.4914927944669,5.242566148198364,Fm-3m,225,1.0,1.0,1.3,1.54,3.44,1.42,1.0,1.0,0.71,0.86,0.7766847939806472,0.19108280254777074,2,2,4,4,4.0,4,4,4,8,4.0,4.0,0.0,0.0,0.0,5.0,0.0,0.0,0.0,0.0,2.4,2.11,2.26,2.1849999999999996,-3.521239293619969,0.0,0.0
mp-1516557,Sr2TbNbO6,Sr,Sr,Tb,Nb,-3.442416751416667,0.01813457168749899,3.1053999999999995,0.0,590.5410547583612,5.883249325839543,Pn-3,201,0.95,0.95,1.5,1.6,3.44,1.55,1.18,1.18,0.9230000000000002,0.72,0.8212178687649303,0.24710894704808295,2,2,4,5,4.5,4,4,5,8,3.75,4.25,0.25,0.75,1.0,4.0,0.25,0.75,1.0,0.5,2.58,2.323,2.12,2.2215,-3.4537017033898145,0.0,1.0
mp-1516596,Eu2NbFeO6,Eu,Eu,Nb,Fe,-2.8866740520000023,0.08298335024999837,0.0,18.5562942,129.52514181987328,7.034136817446535,Fm-3m,225,1.5,1.5,1.6,1.83,3.44,1.715,1.17,1.17,0.72,0.61,0.880031199830231,0.16541353383458643,3,3,5,8,6.5,6,5,8,6,2.25,3.75,2.75,4.25,7.0,2.0,2.75,4.25,7.0,1.5,2.57,2.12,2.01,2.065,-2.8829830259360616,18.5562942,18.5562942
mp-1516606,Ba2TbWO6,Ba,Ba,Tb,W,-3.1334827626666675,0.007225478999998813,1.7819000000000003,4.0000002,625.3148569818885,7.577972677480619,Pn-3,201,0.89,0.89,1.5,1.7,3.44,1.6,1.35,1.35,0.9230000000000002,0.66,0.8873117263349329,0.332280480101074,2,2,4,6,5.0,4,4,6,8,3.5,4.5,0.5,1.5,2.0,3.0,0.5,1.5,2.0,1.0,2.75,2.323,2.06,2.1915,-3.10264056361531,4.0000002,4.0000002
mp-1516644,Sr2TbNbO6,Sr,Sr,Tb,Nb,-3.392388725666666,0.06816259743749953,2.8842,0.0,151.67407262167808,5.726588932166536,Fm-3m,225,0.95,0.95,1.5,1.6,3.44,1.55,1.18,1.18,0.9230000000000002,0.72,0.8212178687649303,0.24710894704808295,2,2,4,5,4.5,4,4,5,8,3.75,4.25,0.25,0.75,1.0,4.0,0.25,0.75,1.0,0.5,2.58,2.323,2.12,2.2215,-3.3522668679034835,0.0,1.0
mp-1516664,Sr2CeCoO6,Sr,Sr,Ce,Co,-2.7173664900000007,0.10636239819999815,0.0,1.0,135.89727336654755,5.7464552798012285,Fm-3m,225,0.95,0.95,1.12,1.88,3.44,1.5,1.18,1.18,1.01,0.65,0.8180876661261401,0.4337349397590361,2,2,4,9,6.5,4,4,9,8,2.75,5.25,1.25,3.75,5.0,0.0,1.25,3.75,5.0,2.5,2.58,2.41,2.05,2.23,-2.676136418467273,1.0,5.0
mp-1516661,Ca2NbAlO6,Ca,Ca,Nb,Al,-3.189939519250001,0.030262748562504882,3.2985,0.0,114.32052786907322,4.300072123300713,Fm-3m,225,1.0,1.0,1.6,1.61,3.44,1.605,1.0,1.0,0.72,0.535,0.8370191244624976,0.29482071713147406,2,2,5,3,4.0,4,5,13,8,2.0,6.0,3.0,7.0,10.0,5.0,3.0,3.0,6.0,0.0,2.4,2.12,1.935,2.0275,-3.165772194638138,0.0,6.0
mp-1516711,Sr2SmNbO6,Sr,Sr,Sm,Nb,-3.39177774275,0.03871642881249926,3.0633,0.0,607.5241681404499,5.62513896277087,Pn-3,201,0.95,0.95,1.17,1.6,3.44,1.385,1.18,1.18,0.958,0.72,0.8147992387053563,0.2836710369487485,2,2,4,5,4.5,4,4,5,8,3.75,4.25,0.25,0.75,1.0,4.0,0.25,0.75,1.0,0.5,2.58,2.3579999999999997,2.12,2.239,-3.3712964922337707,0.0,1.0
mp-1516700,CeEu2CrO6,Eu,Eu,Ce,Cr,-3.0493593000000003,0.25453840279999973,0.0,15.9999998,141.41216442654513,6.952016769302153,Fm-3m,225,1.5,1.5,1.12,1.66,3.44,1.3900000000000001,1.17,1.17,1.01,0.73,0.8005570165856507,0.32183908045977017,3,3,4,6,5.0,6,4,6,6,2.5,3.5,1.5,2.5,4.0,1.0,1.5,2.5,4.0,1.0,2.57,2.41,2.13,2.27,-3.0375087610159768,15.9999998,15.9999998
mp-1516707,Ca2BiWO6,Ca,Ca,Bi,W,-2.1932213469999993,0.4477919525000065,0.0,1.0,154.3329898177475,6.121838011876305,Fm-3m,225,1.0,1.0,1.9,1.7,3.44,1.7999999999999998,1.0,1.0,1.03,0.66,0.7559270712016543,0.4378698224852071,2,2,5,6,5.5,4,15,6,8,6.25,1.75,8.75,4.25,13.0,8.0,1.25,4.25,5.5,3.0,2.4,2.4299999999999997,2.06,2.245,-2.1776541254766664,1.0,5.5
mp-1516728,Sr2SmNbO6,Sr,Sr,Sm,Nb,-3.325890110499999,0.1046040610624992,2.8836,0.0,156.4232872153606,5.461795250995435,Fm-3m,225,0.95,0.95,1.17,1.6,3.44,1.385,1.18,1.18,0.958,0.72,0.8147992387053563,0.2836710369487485,2,2,4,5,4.5,4,4,5,8,3.75,4.25,0.25,0.75,1.0,4.0,0.25,0.75,1.0,0.5,2.58,2.3579999999999997,2.12,2.239,-3.3369138248265697,0.0,1.0
mp-1516764,Ca2InSbO6,Ca,Ca,In,Sb,-2.4181374226666676,0.1768405572499976,1.4198000000000004,0.0,135.43654463525752,5.060339925067492,Fm-3m,225,1.0,1.0,1.78,2.05,3.44,1.915,1.0,1.0,0.8,0.76,0.7784661811228046,0.05128205128205133,2,2,3,5,4.0,4,13,15,8,3.5,4.5,9.5,10.0,19.5,14.5,0.5,0.0,0.5,0.5,2.4,2.2,2.16,2.18,-2.434501400335114,0.0,0.5
mp-1516784,Sr2CeBiO6,Sr,Sr,Ce,Bi,-2.9145640724999993,0.027068305500001166,0.0,0.0151893,325.2847304075307,6.333447308405773,P2_1/c,14,0.95,0.95,1.12,1.9,3.44,1.51,1.18,1.18,1.01,1.03,0.7538576427526003,0.01960784313725492,2,2,4,5,4.5,4,4,15,8,1.25,6.75,2.75,8.25,11.0,6.0,2.75,1.75,4.5,1.0,2.58,2.41,2.4299999999999997,2.42,-2.914631561648218,0.0151893,4.5
mp-1516776,Ca2BiWO6,Ca,Ca,Bi,W,-2.3644227380000005,0.27659056150000527,0.0,1.9999991,289.16739297169033,6.5346341704944715,P4/mnc,128,1.0,1.0,1.9,1.7,3.44,1.7999999999999998,1.0,1.0,1.03,0.66,0.7559270712016543,0.4378698224852071,2,2,5,6,5.5,4,15,6,8,6.25,1.75,8.75,4.25,13.0,8.0,1.25,4.25,5.5,3.0,2.4,2.4299999999999997,2.06,2.245,-2.3678264304504992,1.9999991,5.5
mp-1516786,Sr2CeBiO6,Sr,Sr,Ce,Bi,-2.7674780560000003,0.17415432200000058,0.0,0.4416967,170.83931872524226,6.029565429192598,Fm-3m,225,0.95,0.95,1.12,1.9,3.44,1.51,1.18,1.18,1.01,1.03,0.7538576427526003,0.01960784313725492,2,2,4,5,4.5,4,4,15,8,1.25,6.75,2.75,8.25,11.0,6.0,2.75,1.75,4.5,1.0,2.58,2.41,2.4299999999999997,2.42,-2.776542616986546,0.4416967,4.5
mp-1516815,Ba2DyBiO6,Ba,Ba,Dy,Bi,-2.827802711166666,0.0,1.7330999999999999,4.6e-06,659.7170939306706,7.47191303051705,Pn-3,201,0.89,0.89,1.22,1.9,3.44,1.56,1.35,1.35,1.07,1.03,0.7936912850053084,0.038095238095238126,2,2,4,5,4.5,4,4,15,8,1.25,6.75,2.75,8.25,11.0,6.0,2.75,1.75,4.5,1.0,2.75,2.4699999999999998,2.4299999999999997,2.4499999999999997,-2.8138749622175316,4.6e-06,4.5
mp-1516795,Sr2NdSbO6,Sr,Sr,Nd,Sb,-3.0000483849999995,0.0,3.507,0.0,614.7181213054328,5.804971882914856,Pn-3,201,0.95,0.95,1.14,2.05,3.44,1.5949999999999998,1.18,1.18,0.983,0.76,0.8031413143126976,0.25588066551921973,2,2,4,5,4.5,4,4,15,8,1.25,6.75,2.75,8.25,11.0,6.0,2.75,1.75,4.5,1.0,2.58,2.383,2.16,2.2715,-2.9809422808285895,0.0,4.5
mp-1516823,Ca2TbSbO6,Ca,Ca,Tb,Sb,-2.919182153666666,0.16671317300000155,3.1757999999999997,0.0,145.08901360019718,5.228493276016571,Fm-3m,225,1.0,1.0,1.5,2.05,3.44,1.775,1.0,1.0,0.9230000000000002,0.76,0.7571074168403809,0.19370172311348796,2,2,4,5,4.5,4,4,15,8,1.25,6.75,2.75,8.25,11.0,6.0,2.75,1.75,4.5,1.0,2.4,2.323,2.16,2.2415000000000003,-2.917414015940829,0.0,4.5
mp-1516804,Eu2NbInO6,Eu,Eu,Nb,In,-2.883642066666668,0.11304585091666652,0.3272000000000004,14.0002311,140.34908167334027,7.189391817468807,Fm-3m,225,1.5,1.5,1.6,1.78,3.44,1.69,1.17,1.17,0.72,0.8,0.8413261239117716,0.10526315789473693,3,3,5,3,4.0,6,5,13,6,1.0,5.0,4.0,8.0,12.0,7.0,4.0,2.0,6.0,2.0,2.57,2.12,2.2,2.16,-2.8540914650455624,14.0002311,14.0002311
mp-1516857,Ca2NiBiO6,Ca,Ca,Ni,Bi,-1.8522573400000006,0.1925703948749975,0.0,1.0000041,129.6188533116096,5.685829847132981,Fm-3m,225,1.0,1.0,1.91,1.9,3.44,1.9049999999999998,1.0,1.0,0.69,1.03,0.7509098561273071,0.3953488372093024,2,2,10,5,7.5,4,10,15,8,2.75,5.25,7.25,9.75,17.0,12.0,2.75,0.25,3.0,2.5,2.4,2.09,2.4299999999999997,2.26,-1.8750911222826707,1.0000041,3.0
mp-1516858,Ba2CePrO6,Ba,Ba,Ce,Pr,-3.2268994621666662,0.10900434750000176,0.0,0.9999999,185.5125381794281,5.833191820057395,Fm-3m,225,0.89,0.89,1.12,1.13,3.44,1.125,1.35,1.35,1.01,0.99,0.8102265201095857,0.020000000000000018,2,2,4,4,4.0,4,4,4,8,4.0,4.0,0.0,0.0,0.0,5.0,0.0,0.0,0.0,0.0,2.75,2.41,2.3899999999999997,2.4,-3.2307726513522605,0.9999999,0.9999999
mp-1516850,Sr2GdBiO6,Sr,Sr,Gd,Bi,-2.715598971,0.11126053400000036,1.7138999999999998,6.9999999,162.50359879772645,6.5139389796345935,Fm-3m,225,0.95,0.95,1.2,1.9,3.44,1.5499999999999998,1.18,1.18,0.938,1.03,0.7652413991028912,0.09349593495934967,2,2,4,5,4.5,4,4,15,8,1.25,6.75,2.75,8.25,11.0,6.0,2.75,1.75,4.5,1.0,2.58,2.338,2.4299999999999997,2.384,-2.729935417412056,6.9999999,6.9999999
mp-1516887,Eu2NiWO6,Eu,Eu,Ni,W,-2.5163277130000012,0.08260280812500298,0.4429999999999996,16.0000006,127.02171604689435,8.398770778994486,Fm-3m,225,1.5,1.5,1.91,1.7,3.44,1.805,1.17,1.17,0.69,0.66,0.8757900856141816,0.044444444444444314,3,3,10,6,8.0,6,10,6,6,4.0,2.0,6.0,4.0,10.0,5.0,4.0,4.0,8.0,0.0,2.57,2.09,2.06,2.075,-2.5536584453414624,16.0000006,16.0000006
mp-1516884,Ba2DyNbO6,Ba,Ba,Dy,Nb,-3.4543767094166666,0.004225026749999472,2.8705,0.0,627.0175191543468,6.631978921127063,Pn-3,201,0.89,0.89,1.22,1.6,3.44,1.4100000000000001,1.35,1.35,1.07,0.72,0.8472957073041419,0.39106145251396657,2,2,4,5,4.5,4,4,5,8,3.75,4.25,0.25,0.75,1.0,4.0,0.25,0.75,1.0,0.5,2.75,2.4699999999999998,2.12,2.295,-3.4560303231335205,0.0,1.0
mp-1516894,Sr2GdBiO6,Sr,Sr,Gd,Bi,-2.79000689075,0.03685261424999986,1.6993,27.9999978,632.9139865342889,6.689936067526382,Pn-3,201,0.95,0.95,1.2,1.9,3.44,1.5499999999999998,1.18,1.18,0.938,1.03,0.7652413991028912,0.09349593495934967,2,2,4,5,4.5,4,4,15,8,1.25,6.75,2.75,8.25,11.0,6.0,2.75,1.75,4.5,1.0,2.58,2.338,2.4299999999999997,2.384,-2.7924418409176655,27.9999978,27.9999978
mp-1516905,Sr2PrBiO6,Sr,Sr,Pr,Bi,-2.7228605039166665,0.04435233075000067,1.8002000000000002,7e-07,662.0494484041175,6.231567254516467,Pn-3,201,0.95,0.95,1.13,1.9,3.44,1.515,1.18,1.18,0.99,1.03,0.7569856827640218,0.03960396039603964,2,2,4,5,4.5,4,4,15,8,1.25,6.75,2.75,8.25,11.0,6.0,2.75,1.75,4.5,1.0,2.58,2.3899999999999997,2.4299999999999997,2.4099999999999997,-2.692591509051824,7e-07,4.5
mp-1516913,Sr2CeBiO6,Sr,Sr,Ce,Bi,-2.8740381375,0.06759424050000096,0.0,0.0001891,660.4898523899783,6.238320521686586,Pn-3,201,0.95,0.95,1.12,1.9,3.44,1.51,1.18,1.18,1.01,1.03,0.7538576427526003,0.01960784313725492,2,2,4,5,4.5,4,4,15,8,1.25,6.75,2.75,8.25,11.0,6.0,2.75,1.75,4.5,1.0,2.58,2.41,2.4299999999999997,2.42,-2.861421903808904,0.0001891,4.5
mp-1516964,Ba2TbNbO6,Ba,Ba,Tb,Nb,-3.4444162656666664,0.007090651000000392,2.9054,0.0,628.4324148718738,6.579265309096331,Pn-3,201,0.89,0.89,1.5,1.6,3.44,1.55,1.35,1.35,0.9230000000000002,0.72,0.8753291236835496,0.24710894704808295,2,2,4,5,4.5,4,4,5,8,3.75,4.25,0.25,0.75,1.0,4.0,0.25,0.75,1.0,0.5,2.75,2.323,2.12,2.2215,-3.4649000021532506,0.0,1.0
mp-1516951,Ca2GdSbO6,Ca,Ca,Gd,Sb,-2.879543074999998,0.18633083916667204,3.8144,6.9999998,143.2764306273199,5.2752217834722765,Fm-3m,225,1.0,1.0,1.2,2.05,3.44,1.625,1.0,1.0,0.938,0.76,0.7545826033115669,0.20965842167255588,2,2,4,5,4.5,4,4,15,8,1.25,6.75,2.75,8.25,11.0,6.0,2.75,1.75,4.5,1.0,2.4,2.338,2.16,2.249,-2.842461223673314,6.9999998,6.9999998
mp-1516973,Ba2SrFeO6,Ba,Ba,Sr,Fe,-2.2864360819999994,0.0811581617500039,0.0,2.0000002,156.25153876663643,5.46368192193267,Fm-3m,225,0.89,0.89,0.95,1.83,3.44,1.3900000000000001,1.35,1.35,1.18,0.61,0.8472957073041419,0.6368715083798882,2,2,4,8,6.0,4,4,8,8,3.0,5.0,1.0,3.0,4.0,1.0,1.0,3.0,4.0,2.0,2.75,2.58,2.01,2.295,-2.2620154080894923,2.0000002,4.0
mp-1516994,Sr2NdSbO6,Sr,Sr,Nd,Sb,-2.94617107375,0.05387731124999906,3.3416000000000006,0.0,157.53022374865685,5.663074242485969,Fm-3m,225,0.95,0.95,1.14,2.05,3.44,1.5949999999999998,1.18,1.18,0.983,0.76,0.8031413143126976,0.25588066551921973,2,2,4,5,4.5,4,4,15,8,1.25,6.75,2.75,8.25,11.0,6.0,2.75,1.75,4.5,1.0,2.58,2.383,2.16,2.2715,-2.9345291196806276,0.0,4.5
mp-1516990,Sr2PrBiO6,Sr,Sr,Pr,Bi,-2.7672128346666667,0.0,1.7451000000000003,0.0,323.8158377099964,6.370296296687942,P2_1/c,14,0.95,0.95,1.13,1.9,3.44,1.515,1.18,1.18,0.99,1.03,0.7569856827640218,0.03960396039603964,2,2,4,5,4.5,4,4,15,8,1.25,6.75,2.75,8.25,11.0,6.0,2.75,1.75,4.5,1.0,2.58,2.3899999999999997,2.4299999999999997,2.4099999999999997,-2.771742516643663,0.0,4.5
mp-1517008,Ca2ZrNbO6,Ca,Ca,Zr,Nb,-3.253079747000001,0.1899773586249971,0.0,2.95e-05,138.4168510333885,4.322187852003638,Fm-3m,225,1.0,1.0,1.33,1.6,3.44,1.465,1.0,1.0,0.72,0.72,0.8004982428526951,0.0,2,2,4,5,4.5,4,4,5,8,3.75,4.25,0.25,0.75,1.0,4.0,0.25,0.75,1.0,0.5,2.4,2.12,2.12,2.12,-3.2722685317344706,2.95e-05,1.0
mp-1517039,Ba2CePrO6,Ba,Ba,Ce,Pr,-3.2717124134166666,0.06419139625000181,0.0,3.999965,732.8744560323609,5.9062242451989215,Pn-3,201,0.89,0.89,1.12,1.13,3.44,1.125,1.35,1.35,1.01,0.99,0.8102265201095857,0.020000000000000018,2,2,4,4,4.0,4,4,4,8,4.0,4.0,0.0,0.0,0.0,5.0,0.0,0.0,0.0,0.0,2.75,2.41,2.3899999999999997,2.4,-3.279156548938088,3.999965,3.999965
mp-1517044,Sr2PrBiO6,Sr,Sr,Pr,Bi,-2.6246865561666666,0.1425262785000001,2.1428999999999996,0.0,170.83783495928955,6.03731261363871,Fm-3m,225,0.95,0.95,1.13,1.9,3.44,1.515,1.18,1.18,0.99,1.03,0.7569856827640218,0.03960396039603964,2,2,4,5,4.5,4,4,15,8,1.25,6.75,2.75,8.25,11.0,6.0,2.75,1.75,4.5,1.0,2.58,2.3899999999999997,2.4299999999999997,2.4099999999999997,-2.602911583772583,0.0,4.5
mp-1517072,Sr2DySeO6,Sr,Sr,Dy,Se,-2.6603451744010416,0.18015945374999998,0.0,0.4137347,141.01502870881447,6.037316805803835,Fm-3m,225,0.95,0.95,1.22,2.55,3.44,1.8849999999999998,1.18,1.18,1.07,1.98,0.6237044428927496,0.5967213114754099,2,2,4,4,4.0,4,4,4,8,4.0,4.0,0.0,0.0,0.0,5.0,0.0,0.0,0.0,0.0,2.58,2.4699999999999998,3.38,2.925,-2.6226534482823496,0.4137347,0.4137347
mp-1517095,LaEu2NbO6,Eu,Eu,La,Nb,-3.2073451085,0.22146052106666936,0.6054000000000004,13.9999998,163.0906157439583,6.432146445660061,Fm-3m,225,1.5,1.5,1.1,1.6,3.44,1.35,1.17,1.17,1.032,0.72,0.7984465850832281,0.35616438356164387,3,3,4,5,4.5,6,3,5,6,2.5,3.5,0.5,1.5,2.0,3.0,0.5,1.5,2.0,1.0,2.57,2.432,2.12,2.276,-3.1764802379345562,13.9999998,13.9999998
mp-1517092,Sr2PrSnO6,Sr,Sr,Pr,Sn,-2.711769451666666,0.18676200220312378,0.0,1.0000001,165.15632989076983,5.337390885970975,Fm-3m,225,0.95,0.95,1.13,1.96,3.44,1.545,1.18,1.18,0.99,0.69,0.81443548904522,0.3571428571428572,2,2,4,4,4.0,4,4,14,8,1.5,6.5,2.5,7.5,10.0,5.0,2.5,2.5,5.0,0.0,2.58,2.3899999999999997,2.09,2.2399999999999998,-2.7215464401023914,1.0000001,5.0
mp-1517079,Ba2SrFeO6,Ba,Ba,Sr,Fe,-2.27618417025,0.09141007350000319,0.0,8.0000021,627.8757152498599,5.438711432205682,Pn-3,201,0.89,0.89,0.95,1.83,3.44,1.3900000000000001,1.35,1.35,1.18,0.61,0.8472957073041419,0.6368715083798882,2,2,4,8,6.0,4,4,8,8,3.0,5.0,1.0,3.0,4.0,1.0,1.0,3.0,4.0,2.0,2.75,2.58,2.01,2.295,-2.2985765189157803,8.0000021,8.0000021
mp-1517097,Ca2FeBiO6,Ca,Ca,Fe,Bi,-2.102233132,0.14413774899999954,0.48930000000000007,5.0000003,134.10661956268677,5.4602887449869835,Fm-3m,225,1.0,1.0,1.83,1.9,3.44,1.865,1.0,1.0,0.61,1.03,0.7644397634449163,0.5121951219512195,2,2,8,5,6.5,4,8,15,8,2.25,5.75,5.75,9.25,15.0,10.0,4.25,0.75,5.0,3.5,2.4,2.01,2.4299999999999997,2.2199999999999998,-2.099415407061776,5.0000003,5.0000003
mp-1517134,Sr2YVO6,Sr,Sr,Y,V,-3.14178828,0.11579059643754697,1.6134,0.0,138.5881763378415,4.92553293874863,Fm-3m,225,0.95,0.95,1.22,1.63,3.44,1.4249999999999998,1.18,1.18,0.9,0.79,0.8126216015417783,0.1301775147928994,2,2,3,5,4.0,4,3,5,8,3.5,4.5,0.0,0.5,0.5,4.5,0.0,0.5,0.5,0.5,2.58,2.3,2.19,2.245,-3.1771570673112572,0.0,0.5
mp-1517132,Eu2ZrSnO6,Eu,Eu,Zr,Sn,-3.0599589945000014,0.13265309100000167,0.5011999999999999,13.9999997,142.72802292559882,7.095268882389948,Fm-3m,225,1.5,1.5,1.33,1.96,3.44,1.645,1.17,1.17,0.72,0.69,0.8633085166980651,0.04255319148936174,3,3,4,4,4.0,6,4,14,6,0.5,5.5,3.5,8.5,12.0,7.0,3.5,1.5,5.0,2.0,2.57,2.12,2.09,2.105,-3.0534956402163056,13.9999997,13.9999997
mp-1517166,Sr2DyCrO6,Sr,Sr,Dy,Cr,-2.873583042166665,0.14583202868750256,0.0,1.0000002,136.74449473858027,5.898429730835963,Fm-3m,225,0.95,0.95,1.22,1.66,3.44,1.44,1.18,1.18,1.07,0.73,0.793189345852736,0.3777777777777779,2,2,4,6,5.0,4,4,6,8,3.5,4.5,0.5,1.5,2.0,3.0,0.5,1.5,2.0,1.0,2.58,2.4699999999999998,2.13,2.3,-2.876535093892638,1.0000002,2.0
mp-1517161,Ca2ZnWO6,Ca,Ca,Zn,W,-2.5851122027500026,0.1284006547499974,3.0656999999999996,0.0,120.76363978916348,5.849406708066541,Fm-3m,225,1.0,1.0,1.65,1.7,3.44,1.6749999999999998,1.0,1.0,0.74,0.66,0.8081220356417685,0.11428571428571424,2,2,12,6,9.0,4,12,6,8,5.5,2.5,6.5,3.5,10.0,5.0,3.5,3.5,7.0,0.0,2.4,2.1399999999999997,2.06,2.0999999999999996,-2.5944329327873676,0.0,7.0
mp-1517152,Eu2YWO6,Eu,Eu,Y,W,-2.9663320790000016,0.2312682351250004,0.0,15.0000004,147.72797753083103,7.5611624100930035,Fm-3m,225,1.5,1.5,1.22,1.7,3.44,1.46,1.17,1.17,0.9,0.66,0.8336075356190032,0.30769230769230765,3,3,3,6,4.5,6,3,6,6,2.25,3.75,0.75,2.25,3.0,2.0,0.75,2.25,3.0,1.5,2.57,2.3,2.06,2.1799999999999997,-2.9982261403453374,15.0000004,15.0000004
mp-1517177,Sr2TbCoO6,Sr,Sr,Tb,Co,-2.5452722916666675,0.1096094989791716,0.0,1.9824456,135.46172117911664,5.995503803689929,Fm-3m,225,0.95,0.95,1.5,1.88,3.44,1.69,1.18,1.18,0.9230000000000002,0.65,0.8343633640344351,0.34710743801652905,2,2,4,9,6.5,4,4,9,8,2.75,5.25,1.25,3.75,5.0,0.0,1.25,3.75,5.0,2.5,2.58,2.323,2.05,2.1864999999999997,-2.5350002895352732,1.9824456,5.0
mp-1517191,Ba2SmWO6,Ba,Ba,Sm,W,-3.0862287430000004,0.0,1.7704000000000004,3.9999995,641.8071344212732,7.294600288289313,Pn-3,201,0.89,0.89,1.17,1.7,3.44,1.435,1.35,1.35,0.958,0.66,0.8802823215314649,0.36835599505562416,2,2,4,6,5.0,4,4,6,8,3.5,4.5,0.5,1.5,2.0,3.0,0.5,1.5,2.0,1.0,2.75,2.3579999999999997,2.06,2.2089999999999996,-3.0968827597932385,3.9999995,3.9999995
mp-1517190,Eu2YSbO6,Eu,Eu,Y,Sb,-2.9749174170000017,0.20067413837500148,0.2538999999999998,14.0000004,147.52477030220354,6.872804906929486,Fm-3m,225,1.5,1.5,1.22,2.05,3.44,1.6349999999999998,1.17,1.17,0.9,0.76,0.8149167836992945,0.1686746987951807,3,3,3,5,4.0,6,3,15,6,0.0,6.0,3.0,9.0,12.0,7.0,3.0,1.0,4.0,2.0,2.57,2.3,2.16,2.23,-2.9983157537142073,14.0000004,14.0000004
mp-1517181,PrEu2SbO6,Eu,Eu,Pr,Sb,-2.850241578166667,0.28145854240001,0.33729999999999993,13.9999997,158.89536476334754,6.92443097644464,Fm-3m,225,1.5,1.5,1.13,2.05,3.44,1.5899999999999999,1.17,1.17,0.99,0.76,0.7987975506151327,0.26285714285714284,3,3,4,5,4.5,6,4,15,6,0.25,5.75,3.75,9.25,13.0,8.0,3.75,0.75,4.5,3.0,2.57,2.3899999999999997,2.16,2.275,-2.9076868224323,13.9999997,13.9999997
mp-1517202,LaEu2NbO6,Eu,Eu,La,Nb,-3.3266769717499995,0.10212865781667091,0.18550000000000022,55.991931,634.6651949902674,6.611503089556369,Pn-3,201,1.5,1.5,1.1,1.6,3.44,1.35,1.17,1.17,1.032,0.72,0.7984465850832281,0.35616438356164387,3,3,4,5,4.5,6,3,5,6,2.5,3.5,0.5,1.5,2.0,3.0,0.5,1.5,2.0,1.0,2.57,2.432,2.12,2.276,-3.3272272698510124,55.991931,55.991931
mp-1517204,Sr2DyNbO6,Sr,Sr,Dy,Nb,-3.407399090166666,0.05886840949999872,2.8969000000000005,0.0,150.62117022231058,5.806029194062816,Fm-3m,225,0.95,0.95,1.22,1.6,3.44,1.4100000000000001,1.18,1.18,1.07,0.72,0.7949174272162496,0.39106145251396657,2,2,4,5,4.5,4,4,5,8,3.75,4.25,0.25,0.75,1.0,4.0,0.25,0.75,1.0,0.5,2.58,2.4699999999999998,2.12,2.295,-3.371954058233271,0.0,1.0
mp-1517218,Sr2TbSbO6,Sr,Sr,Tb,Sb,-3.047678469666667,0.0,3.4629000000000003,0.0,149.02245969503463,6.1499966564585815,Fm-3m,225,0.95,0.95,1.5,2.05,3.44,1.775,1.18,1.18,0.9230000000000002,0.76,0.8138904731034095,0.19370172311348796,2,2,4,5,4.5,4,4,15,8,1.25,6.75,2.75,8.25,11.0,6.0,2.75,1.75,4.5,1.0,2.58,2.323,2.16,2.2415000000000003,-3.0144532853757093,0.0,4.5
mp-1517250,Ba2SmWO6,Ba,Ba,Sm,W,-3.0241640725000005,0.06206467049999986,0.0,1.0,160.23278227299704,7.304570327873126,Fm-3m,225,0.89,0.89,1.17,1.7,3.44,1.435,1.35,1.35,0.958,0.66,0.8802823215314649,0.36835599505562416,2,2,4,6,5.0,4,4,6,8,3.5,4.5,0.5,1.5,2.0,3.0,0.5,1.5,2.0,1.0,2.75,2.3579999999999997,2.06,2.2089999999999996,-3.033305997631726,1.0,2.0
mp-1517243,Sr2PrSnO6,Sr,Sr,Pr,Sn,-2.7901767061666662,0.1083547477031237,0.0,3.9999989,643.3944853640377,5.480332268752032,Pn-3,201,0.95,0.95,1.13,1.96,3.44,1.545,1.18,1.18,0.99,0.69,0.81443548904522,0.3571428571428572,2,2,4,4,4.0,4,4,14,8,1.5,6.5,2.5,7.5,10.0,5.0,2.5,2.5,5.0,0.0,2.58,2.3899999999999997,2.09,2.2399999999999998,-2.8022209473739017,3.9999989,5.0
mp-1517296,Ca2TbFeO6,Ca,Ca,Tb,Fe,-2.5781541606666663,0.1946290974374998,0.36160000000000014,3.0000007,131.16886134117863,4.948907024634334,Fm-3m,225,1.0,1.0,1.5,1.83,3.44,1.665,1.0,1.0,0.9230000000000002,0.61,0.7833169973910519,0.40834964122635375,2,2,4,8,6.0,4,4,8,8,3.0,5.0,1.0,3.0,4.0,1.0,1.0,3.0,4.0,2.0,2.4,2.323,2.01,2.1665,-2.5687786755451656,3.0000007,4.0
mp-1517280,Sr2HfCoO6,Sr,Sr,Hf,Co,-2.7985283350000003,0.10756400017741719,0.0,4.9898687,130.46945056070854,6.473922643565528,Fm-3m,225,0.95,0.95,1.3,1.88,3.44,1.5899999999999999,1.18,1.18,0.71,0.65,0.8770843728179291,0.08823529411764698,2,2,4,9,6.5,4,4,9,8,2.75,5.25,1.25,3.75,5.0,0.0,1.25,3.75,5.0,2.5,2.58,2.11,2.05,2.08,-2.818496043783766,4.9898687,5.0
mp-1517311,PrEu2SbO6,Eu,Eu,Pr,Sb,-2.921698009166667,0.21000211140001035,0.010800000000000587,56.0019937,613.4320379483946,7.1744540077207635,Pn-3,201,1.5,1.5,1.13,2.05,3.44,1.5899999999999999,1.17,1.17,0.99,0.76,0.7987975506151327,0.26285714285714284,3,3,4,5,4.5,6,4,15,6,0.25,5.75,3.75,9.25,13.0,8.0,3.75,0.75,4.5,3.0,2.57,2.3899999999999997,2.16,2.275,-2.9156621711702777,56.0019937,56.0019937
mp-1517324,Ba2CeVO6,Ba,Ba,Ce,V,-3.171042035,0.07855742436665913,0.0,1.0000001,150.66659251161354,6.190741409374555,Fm-3m,225,0.89,0.89,1.12,1.63,3.44,1.375,1.35,1.35,1.01,0.79,0.8454537601143504,0.2444444444444444,2,2,4,5,4.5,4,4,5,8,3.75,4.25,0.25,0.75,1.0,4.0,0.25,0.75,1.0,0.5,2.75,2.41,2.19,2.3,-3.1557204294323062,1.0000001,1.0000001
mp-1517339,Eu2NiBiO6,Eu,Eu,Ni,Bi,-2.0480072440000017,0.35735580912500353,0.0,15.0000008,135.39520425158787,8.187682123369349,Fm-3m,225,1.5,1.5,1.91,1.9,3.44,1.9049999999999998,1.17,1.17,0.69,1.03,0.8040993042696579,0.3953488372093024,3,3,10,5,7.5,6,10,15,6,1.75,4.25,8.25,10.0,18.25,13.25,1.75,0.0,1.75,1.75,2.57,2.09,2.4299999999999997,2.26,-2.0234685795223157,15.0000008,15.0000008
mp-1517357,Sr2CeNiO6,Sr,Sr,Ce,Ni,-2.647096415999999,0.07202978900000456,1.3228999999999997,0.0,133.7454577496391,5.835932137170936,Fm-3m,225,0.95,0.95,1.12,1.91,3.44,1.5150000000000001,1.18,1.18,1.01,0.69,0.8108157757605744,0.3764705882352942,2,2,4,10,7.0,4,4,10,8,2.5,5.5,1.5,4.5,6.0,1.0,1.5,4.5,6.0,3.0,2.58,2.41,2.09,2.25,-2.649099497529598,0.0,6.0
mp-1517368,Sr2PrNbO6,Sr,Sr,Pr,Nb,-3.3347643371666664,0.0625593099375017,0.0,2e-07,613.9200423300405,5.464268393042545,Pn-3,201,0.95,0.95,1.13,1.6,3.44,1.365,1.18,1.18,0.99,0.72,0.8090179580759612,0.31578947368421056,2,2,4,5,4.5,4,4,5,8,3.75,4.25,0.25,0.75,1.0,4.0,0.25,0.75,1.0,0.5,2.58,2.3899999999999997,2.12,2.255,-3.3388378121702056,2e-07,1.0
mp-1517354,Sr2DyNbO6,Sr,Sr,Dy,Nb,-3.4534345751666664,0.01283292449999962,3.0930999999999997,0.0,588.3414049362946,5.9456016810466155,Pn-3,201,0.95,0.95,1.22,1.6,3.44,1.4100000000000001,1.18,1.18,1.07,0.72,0.7949174272162496,0.39106145251396657,2,2,4,5,4.5,4,4,5,8,3.75,4.25,0.25,0.75,1.0,4.0,0.25,0.75,1.0,0.5,2.58,2.4699999999999998,2.12,2.295,-3.4709942269017975,0.0,1.0
mp-1517407,Sr2PrCoO6,Sr,Sr,Pr,Co,-2.419391496166668,0.1722626184791709,0.0,1.9999861,142.1054320902499,5.504660576978531,Fm-3m,225,0.95,0.95,1.13,1.88,3.44,1.505,1.18,1.18,0.99,0.65,0.8217727457032851,0.41463414634146334,2,2,4,9,6.5,4,4,9,8,2.75,5.25,1.25,3.75,5.0,0.0,1.25,3.75,5.0,2.5,2.58,2.3899999999999997,2.05,2.2199999999999998,-2.435929103247465,1.9999861,5.0
mp-1517397,Sr2SmWO6,Sr,Sr,Sm,W,-3.079033571250001,0.06129221820833486,2.0057000000000005,4.0000002,604.6911719281882,6.650342142356726,Pn-3,201,0.95,0.95,1.17,1.7,3.44,1.435,1.18,1.18,0.958,0.66,0.8258648689277016,0.36835599505562416,2,2,4,6,5.0,4,4,6,8,3.5,4.5,0.5,1.5,2.0,3.0,0.5,1.5,2.0,1.0,2.58,2.3579999999999997,2.06,2.2089999999999996,-3.0835631490880315,4.0000002,4.0000002
mp-1517419,Sr2CeGeO6,Sr,Sr,Ce,Ge,-3.0996312835,0.11660570300000028,2.0483,0.0,140.48761105207473,5.7207057849567375,Fm-3m,225,0.95,0.95,1.12,2.01,3.44,1.565,1.18,1.18,1.01,0.73,0.8036720244322875,0.32183908045977017,2,2,4,4,4.0,4,4,4,8,4.0,4.0,0.0,0.0,0.0,5.0,0.0,0.0,0.0,0.0,2.58,2.41,2.13,2.27,-3.0922839733636764,0.0,0.0
mp-1517444,Ba2SmVO6,Ba,Ba,Sm,V,-3.111835597250001,0.10173083862500132,1.6287000000000003,0.0,600.6362585391473,6.3249493315836745,Pn-3,201,0.89,0.89,1.17,1.63,3.44,1.4,1.35,1.35,0.958,0.79,0.8551203378465284,0.19221967963386719,2,2,4,5,4.5,4,4,5,8,3.75,4.25,0.25,0.75,1.0,4.0,0.25,0.75,1.0,0.5,2.75,2.3579999999999997,2.19,2.274,-3.093563904725336,0.0,1.0
mp-1517475,Ba2TbPrO6,Ba,Ba,Tb,Pr,-3.034941973583332,0.11360549962500155,0.0,7.9999981,729.9620832700627,6.100940891475901,Pn-3,201,0.89,0.89,1.5,1.13,3.44,1.315,1.35,1.35,0.9230000000000002,0.99,0.8251829612828371,0.07004704652378445,2,2,4,4,4.0,4,4,4,8,4.0,4.0,0.0,0.0,0.0,5.0,0.0,0.0,0.0,0.0,2.75,2.323,2.3899999999999997,2.3564999999999996,-3.051005552596939,7.9999981,7.9999981
mp-1517471,Eu2CrInO6,Eu,Eu,Cr,In,-2.480695680666667,0.33205438699999945,0.0,15.0000004,129.04327350080482,7.292835926897403,Fm-3m,225,1.5,1.5,1.66,1.78,3.44,1.72,1.17,1.17,0.73,0.8,0.8393831074593197,0.09150326797385629,3,3,6,3,4.5,6,6,13,6,1.25,4.75,4.75,8.25,13.0,8.0,4.75,1.75,6.5,3.0,2.57,2.13,2.2,2.165,-2.4508419092874765,15.0000004,15.0000004
mp-1517555,Ba2LaVO6,Ba,Ba,La,V,-3.0930034655000007,0.13147416925000233,1.7140000000000004,0.0,156.60877527181302,5.943011681794463,Fm-3m,225,0.89,0.89,1.1,1.63,3.44,1.365,1.35,1.35,1.032,0.79,0.8414295319182196,0.265642151481888,2,2,4,5,4.5,4,3,5,8,3.5,4.5,0.0,0.5,0.5,4.5,0.0,0.5,0.5,0.5,2.75,2.432,2.19,2.311,-3.0984259375208523,0.0,0.5
mp-1517570,Ba2SmVO6,Ba,Ba,Sm,V,-3.1162895735000005,0.09727686237500155,1.6332,0.0,150.89661456117847,6.294034350969255,Fm-3m,225,0.89,0.89,1.17,1.63,3.44,1.4,1.35,1.35,0.958,0.79,0.8551203378465284,0.19221967963386719,2,2,4,5,4.5,4,4,5,8,3.75,4.25,0.25,0.75,1.0,4.0,0.25,0.75,1.0,0.5,2.75,2.3579999999999997,2.19,2.274,-3.116716919386969,0.0,1.0
mp-1517550,Ba2TbPrO6,Ba,Ba,Tb,Pr,-2.9818581658333327,0.16668930737500087,0.0,1.9999986,183.7116715881325,6.060387296776615,Fm-3m,225,0.89,0.89,1.5,1.13,3.44,1.315,1.35,1.35,0.9230000000000002,0.99,0.8251829612828371,0.07004704652378445,2,2,4,4,4.0,4,4,4,8,4.0,4.0,0.0,0.0,0.0,5.0,0.0,0.0,0.0,0.0,2.75,2.323,2.3899999999999997,2.3564999999999996,-2.996802399416289,1.9999986,1.9999986
mp-1517551,Sr2CrInO6,Sr,Sr,Cr,In,-2.3686712326666663,0.1660701489374956,0.0,1.0000002,130.3199482739843,5.58164716180409,Fm-3m,225,0.95,0.95,1.66,1.78,3.44,1.72,1.18,1.18,0.73,0.8,0.8426491895895116,0.09150326797385629,2,2,6,3,4.5,4,6,13,8,2.25,5.75,3.75,7.25,11.0,6.0,3.75,2.75,6.5,1.0,2.58,2.13,2.2,2.165,-2.4171560378721253,1.0000002,6.5
mp-1517558,Sr2SmWO6,Sr,Sr,Sm,W,-2.961165078500001,0.1791607109583353,0.0,1.0,154.35599526320732,6.513195643822941,Fm-3m,225,0.95,0.95,1.17,1.7,3.44,1.435,1.18,1.18,0.958,0.66,0.8258648689277016,0.36835599505562416,2,2,4,6,5.0,4,4,6,8,3.5,4.5,0.5,1.5,2.0,3.0,0.5,1.5,2.0,1.0,2.58,2.3579999999999997,2.06,2.2089999999999996,-2.94348417057278,1.0,2.0
mp-1517600,Sr2EuCrO6,Sr,Sr,Eu,Cr,-2.6457738394999994,0.2336729256875021,0.0,7.0000001,139.99138269051465,5.636649474407315,Fm-3m,225,0.95,0.95,1.5,1.66,3.44,1.58,1.18,1.18,1.17,0.73,0.7763129767920395,0.46315789473684205,2,2,4,6,5.0,4,4,6,8,3.5,4.5,0.5,1.5,2.0,3.0,0.5,1.5,2.0,1.0,2.58,2.57,2.13,2.3499999999999996,-2.631036961558151,7.0000001,7.0000001
mp-1517644,Sr2NbWO6,Sr,Sr,Nb,W,-2.8773254570000004,0.10221577399999582,0.7211999999999996,2.9999999,140.01556632295114,6.498897509628084,Fm-3m,225,0.95,0.95,1.6,1.7,3.44,1.65,1.18,1.18,0.72,0.66,0.8728877968714319,0.08695652173913036,2,2,5,6,5.5,4,5,6,8,3.75,4.25,1.25,1.75,3.0,2.0,1.25,1.75,3.0,0.5,2.58,2.12,2.06,2.09,-2.8829520081423645,2.9999999,3.0
mp-1517648,Ba2LaVO6,Ba,Ba,La,V,-3.0884920617500007,0.1359855730000028,1.7202000000000002,0.0,626.4257270309946,5.9431006151243695,Pn-3,201,0.89,0.89,1.1,1.63,3.44,1.365,1.35,1.35,1.032,0.79,0.8414295319182196,0.265642151481888,2,2,4,5,4.5,4,3,5,8,3.5,4.5,0.0,0.5,0.5,4.5,0.0,0.5,0.5,0.5,2.75,2.432,2.19,2.311,-3.0871522474055033,0.0,0.5
mp-1517709,Sr2DyVO6,Sr,Sr,Dy,V,-3.1574420221666673,0.1129303185000472,0.0,0.0,138.47089526269613,5.8122437012142285,Fm-3m,225,0.95,0.95,1.22,1.63,3.44,1.4249999999999998,1.18,1.18,1.07,0.79,0.7829766074941169,0.3010752688172043,2,2,4,5,4.5,4,4,5,8,3.75,4.25,0.25,0.75,1.0,4.0,0.25,0.75,1.0,0.5,2.58,2.4699999999999998,2.19,2.33,-3.1471232378125853,0.0,1.0
mp-1517711,Ba2CeWO6,Ba,Ba,Ce,W,-3.0341053029999996,0.08600260194231524,0.0,2.0,160.63389862613013,7.180433735262945,Fm-3m,225,0.89,0.89,1.12,1.7,3.44,1.4100000000000001,1.35,1.35,1.01,0.66,0.8700419007888168,0.41916167664670656,2,2,4,6,5.0,4,4,6,8,3.5,4.5,0.5,1.5,2.0,3.0,0.5,1.5,2.0,1.0,2.75,2.41,2.06,2.2350000000000003,-3.0653562201377302,2.0,2.0
mp-1517734,SmEu2SbO6,Eu,Eu,Sm,Sb,-2.975362039250001,0.1858706277500115,0.0,55.9991181,602.041229149516,7.414482119939688,Pn-3,201,1.5,1.5,1.17,2.05,3.44,1.6099999999999999,1.17,1.17,0.958,0.76,0.8044552579236065,0.2305005820721769,3,3,4,5,4.5,6,4,15,6,0.25,5.75,3.75,9.25,13.0,8.0,3.75,0.75,4.5,3.0,2.57,2.3579999999999997,2.16,2.259,-2.985943092796927,55.9991181,55.9991181
mp-1517747,NdEu2SbO6,Eu,Eu,Nd,Sb,-2.8767963707500015,0.267882788166677,0.3235999999999999,13.9999308,157.15119622139687,7.036515348361616,Fm-3m,225,1.5,1.5,1.14,2.05,3.44,1.5949999999999998,1.17,1.17,0.983,0.76,0.8000283634820282,0.25588066551921973,3,3,4,5,4.5,6,4,15,6,0.25,5.75,3.75,9.25,13.0,8.0,3.75,0.75,4.5,3.0,2.57,2.383,2.16,2.2715,-2.860911077157565,13.9999308,13.9999308
mp-1517766,Sr2TbSnO6,Sr,Sr,Tb,Sn,-2.8479340361666665,0.11246902631249611,0.0,1.0000001,155.16092538241185,5.874049683934178,Fm-3m,225,0.95,0.95,1.5,1.96,3.44,1.73,1.18,1.18,0.9230000000000002,0.69,0.8268005871113948,0.28890266584004987,2,2,4,4,4.0,4,4,14,8,1.5,6.5,2.5,7.5,10.0,5.0,2.5,2.5,5.0,0.0,2.58,2.323,2.09,2.2065,-2.8730198246300516,1.0000001,5.0
mp-1517831,Eu2BiSbO6,Eu,Eu,Bi,Sb,-2.4011155895000007,0.17384675449999953,0.0,55.7681909,616.1163673295321,7.877066807645324,Pn-3,201,1.5,1.5,1.9,2.05,3.44,1.9749999999999999,1.17,1.17,1.03,0.76,0.7918363519169617,0.3016759776536313,3,3,5,5,5.0,6,15,15,6,3.0,3.0,10.0,10.0,20.0,15.0,0.0,0.0,0.0,0.0,2.57,2.4299999999999997,2.16,2.295,-2.395244430856668,55.7681909,55.7681909
mp-1517843,Sr2CuSbO6,Sr,Sr,Cu,Sb,-2.2052848230000004,0.08253131400000147,0.0,0.3034541,128.18465256205323,5.914175189198319,Fm-3m,225,0.95,0.95,1.9,2.05,3.44,1.9749999999999999,1.18,1.18,0.77,0.76,0.8426491895895116,0.013071895424836612,2,2,11,5,8.0,4,11,15,8,3.0,5.0,8.0,10.0,18.0,13.0,2.0,0.0,2.0,2.0,2.58,2.17,2.16,2.165,-2.2324164590924687,0.3034541,2.0
mp-1517851,Eu2BiSbO6,Eu,Eu,Bi,Sb,-2.310693319000001,0.26426902499999905,0.10599999999999987,13.9999999,156.34428928911055,7.760420621702391,Fm-3m,225,1.5,1.5,1.9,2.05,3.44,1.9749999999999999,1.17,1.17,1.03,0.76,0.7918363519169617,0.3016759776536313,3,3,5,5,5.0,6,15,15,6,3.0,3.0,10.0,10.0,20.0,15.0,0.0,0.0,0.0,0.0,2.57,2.4299999999999997,2.16,2.295,-2.3013647193513305,13.9999999,13.9999999
mp-1517855,Ba2CeWO6,Ba,Ba,Ce,W,-3.0530593495000007,0.06704855544231592,0.0,7.9999998,639.1743581730718,7.2181935959925125,Pn-3,201,0.89,0.89,1.12,1.7,3.44,1.4100000000000001,1.35,1.35,1.01,0.66,0.8700419007888168,0.41916167664670656,2,2,4,6,5.0,4,4,6,8,3.5,4.5,0.5,1.5,2.0,3.0,0.5,1.5,2.0,1.0,2.75,2.41,2.06,2.2350000000000003,-3.0537721791459504,7.9999998,7.9999998
mp-1517867,Eu2NbBiO6,Eu,Eu,Nb,Bi,-2.778039392500001,0.17846216417857086,0.1227999999999998,56.0215075,619.2095547195973,7.528209954205754,Pn-3,201,1.5,1.5,1.6,1.9,3.44,1.75,1.17,1.17,0.72,1.03,0.7987975506151327,0.35428571428571437,3,3,5,5,5.0,6,5,15,6,0.5,5.5,4.5,9.5,14.0,9.0,4.5,0.5,5.0,4.0,2.57,2.12,2.4299999999999997,2.275,-2.8103420288181113,56.0215075,56.0215075
mp-1517869,Sr2PrVO6,Sr,Sr,Pr,V,-3.0029613311666674,0.1984671569375447,1.6583999999999999,0.0,149.11319980428738,5.156965641114196,Fm-3m,225,0.95,0.95,1.13,1.63,3.44,1.38,1.18,1.18,0.99,0.79,0.7966530547865907,0.22471910112359544,2,2,4,5,4.5,4,4,5,8,3.75,4.25,0.25,0.75,1.0,4.0,0.25,0.75,1.0,0.5,2.58,2.3899999999999997,2.19,2.29,-2.979666544077524,0.0,1.0
mp-1517880,NbCr(SnO3)2,Sn,Sn,Nb,Cr,-2.1412080349999996,0.1751171820000037,1.8758,3.0000005,129.03791762845958,6.155300722761197,Fm-3m,225,1.96,1.96,1.6,1.66,3.44,1.63,0.69,0.69,0.72,0.73,0.6954603165552395,0.013793103448275874,2,2,5,6,5.5,4,5,6,8,3.75,4.25,1.25,1.75,3.0,2.0,1.25,1.75,3.0,0.5,2.09,2.12,2.13,2.125,-2.1558998665359606,3.0000005,3.0000005
mp-1517917,SmEu2SbO6,Eu,Eu,Sm,Sb,-2.9199404875000012,0.24129217950001092,0.2717999999999998,14.0000003,153.45949092274552,7.271990644167415,Fm-3m,225,1.5,1.5,1.17,2.05,3.44,1.6099999999999999,1.17,1.17,0.958,0.76,0.8044552579236065,0.2305005820721769,3,3,4,5,4.5,6,4,15,6,0.25,5.75,3.75,9.25,13.0,8.0,3.75,0.75,4.5,3.0,2.57,2.3579999999999997,2.16,2.259,-2.936145536240289,14.0000003,14.0000003
mp-1517926,NdEu2SbO6,Eu,Eu,Nd,Sb,-2.9417901885000006,0.20288897041667653,0.000700000000000145,56.0010787,605.0275122324356,7.310720797770459,Pn-3,201,1.5,1.5,1.14,2.05,3.44,1.5949999999999998,1.17,1.17,0.983,0.76,0.8000283634820282,0.25588066551921973,3,3,4,5,4.5,6,4,15,6,0.25,5.75,3.75,9.25,13.0,8.0,3.75,0.75,4.5,3.0,2.57,2.383,2.16,2.2715,-2.9377788045553817,56.0010787,56.0010787
mp-1517981,Sr2TbSnO6,Sr,Sr,Tb,Sn,-2.893595585166667,0.06680747731249603,0.0,4.0,608.8713565464493,5.987622672027999,Pn-3,201,0.95,0.95,1.5,1.96,3.44,1.73,1.18,1.18,0.9230000000000002,0.69,0.8268005871113948,0.28890266584004987,2,2,4,4,4.0,4,4,14,8,1.5,6.5,2.5,7.5,10.0,5.0,2.5,2.5,5.0,0.0,2.58,2.323,2.09,2.2065,-2.8706228381780927,4.0,5.0
mp-1517993,Eu2HfSnO6,Eu,Eu,Hf,Sn,-3.141001103500001,0.11346896775000026,0.2862,13.9999996,139.6959397050424,8.28658516877158,Fm-3m,225,1.5,1.5,1.3,1.96,3.44,1.63,1.17,1.17,0.71,0.69,0.8653640131663939,0.0285714285714286,3,3,4,4,4.0,6,4,14,6,0.5,5.5,3.5,8.5,12.0,7.0,3.5,1.5,5.0,2.0,2.57,2.11,2.09,2.0999999999999996,-3.161317539879569,13.9999996,13.9999996
mp-1517980,Eu2NbBiO6,Eu,Eu,Nb,Bi,-2.669354716000001,0.287146840678572,0.8025000000000002,13.9999997,159.22387425937399,7.319159195287805,Fm-3m,225,1.5,1.5,1.6,1.9,3.44,1.75,1.17,1.17,0.72,1.03,0.7987975506151327,0.35428571428571437,3,3,5,5,5.0,6,5,15,6,0.5,5.5,4.5,9.5,14.0,9.0,4.5,0.5,5.0,4.0,2.57,2.12,2.4299999999999997,2.275,-2.6681211190030414,13.9999997,13.9999997
mp-1518033,Ba2NdNbO6,Ba,Ba,Nd,Nb,-3.362365876749999,0.01199469600000036,2.9194999999999998,9e-07,655.570540296342,6.15813895344158,Pn-3,201,0.89,0.89,1.14,1.6,3.44,1.37,1.35,1.35,0.983,0.72,0.8636658442207442,0.30886670581327075,2,2,4,5,4.5,4,4,5,8,3.75,4.25,0.25,0.75,1.0,4.0,0.25,0.75,1.0,0.5,2.75,2.383,2.12,2.2515,-3.3537895467433874,9e-07,1.0
mp-1518017,Eu2HfWO6,Eu,Eu,Hf,W,-3.074313930000001,0.15971563949999634,0.0,15.9999995,140.8901014584973,8.983975442937929,Fm-3m,225,1.5,1.5,1.3,1.7,3.44,1.5,1.17,1.17,0.71,0.66,0.8715896535488858,0.0729927007299269,3,3,4,6,5.0,6,4,6,6,2.5,3.5,1.5,2.5,4.0,1.0,1.5,2.5,4.0,1.0,2.57,2.11,2.06,2.085,-3.060451817854738,15.9999995,15.9999995
mp-1518012,Sr2DyFeO6,Sr,Sr,Dy,Fe,-2.6903848401666663,0.0771546305000097,0.2219000000000002,3.0000002,134.42541617973583,6.047733123842858,Fm-3m,225,0.95,0.95,1.22,1.83,3.44,1.525,1.18,1.18,1.07,0.61,0.8144354890452199,0.5476190476190477,2,2,4,8,6.0,4,4,8,8,3.0,5.0,1.0,3.0,4.0,1.0,1.0,3.0,4.0,2.0,2.58,2.4699999999999998,2.01,2.2399999999999998,-2.6868560090611218,3.0000002,4.0
mp-1518061,Sr2InSbO6,Sr,Sr,In,Sb,-2.5277517986666664,0.05401914999999935,1.0652,0.0,139.8385786418042,6.030136026483348,Fm-3m,225,0.95,0.95,1.78,2.05,3.44,1.915,1.18,1.18,0.8,0.76,0.836851144707015,0.05128205128205133,2,2,3,5,4.0,4,13,15,8,3.5,4.5,9.5,10.0,19.5,14.5,0.5,0.0,0.5,0.5,2.58,2.2,2.16,2.18,-2.5350923554483327,0.0,0.5
mp-1518069,Sr2EuBiO6,Sr,Sr,Eu,Bi,-2.508724767500001,0.1529825549999888,0.0,5.9999999,163.8915200794167,6.40521801562655,Fm-3m,225,0.95,0.95,1.5,1.9,3.44,1.7,1.18,1.18,1.17,1.03,0.729734198184517,0.12727272727272718,2,2,4,5,4.5,4,4,15,8,1.25,6.75,2.75,8.25,11.0,6.0,2.75,1.75,4.5,1.0,2.58,2.57,2.4299999999999997,2.5,-2.525276571912975,5.9999999,5.9999999
mp-1518059,Ca2YBiO6,Ca,Ca,Y,Bi,-2.7337731925000006,0.048392116187497614,1.7423999999999995,2.3e-06,295.1249202738014,5.334417017531478,P4/mnc,128,1.0,1.0,1.22,1.9,3.44,1.56,1.0,1.0,0.9,1.03,0.717571363571972,0.13471502590673576,2,2,3,5,4.0,4,3,15,8,1.0,7.0,2.0,8.0,10.0,5.0,2.0,2.0,4.0,0.0,2.4,2.3,2.4299999999999997,2.3649999999999998,-2.732050314839073,2.3e-06,4.0
mp-1518070,Ca2YBiO6,Ca,Ca,Y,Bi,-2.591262176,0.19090313268749792,2.1220999999999997,0.0,155.25464905398107,5.070119982232565,Fm-3m,225,1.0,1.0,1.22,1.9,3.44,1.56,1.0,1.0,0.9,1.03,0.717571363571972,0.13471502590673576,2,2,3,5,4.0,4,3,15,8,1.0,7.0,2.0,8.0,10.0,5.0,2.0,2.0,4.0,0.0,2.4,2.3,2.4299999999999997,2.3649999999999998,-2.612704956239712,0.0,4.0
mp-1518083,Sr2LaBiO6,Sr,Sr,La,Bi,-2.6602815535000004,0.1460507480000004,2.2675000000000005,0.0,172.0160635313469,5.976632046262864,Fm-3m,225,0.95,0.95,1.1,1.9,3.44,1.5,1.18,1.18,1.032,1.03,0.7504465221971586,0.0019398642095053362,2,2,4,5,4.5,4,3,15,8,1.0,7.0,2.0,8.0,10.0,5.0,2.0,2.0,4.0,0.0,2.58,2.432,2.4299999999999997,2.431,-2.7187085631698924,0.0,4.0
mp-1518098,Sr2PrNiO6,Sr,Sr,Pr,Ni,-2.3226134311666664,0.16625999516071488,0.0,0.9999999,142.58960485138837,5.48317657272794,Fm-3m,225,0.95,0.95,1.13,1.91,3.44,1.52,1.18,1.18,0.99,0.69,0.81443548904522,0.3571428571428572,2,2,4,10,7.0,4,4,10,8,2.5,5.5,1.5,4.5,6.0,1.0,1.5,4.5,6.0,3.0,2.58,2.3899999999999997,2.09,2.2399999999999998,-2.313882235083513,0.9999999,6.0
mp-1518085,Na2EuMnO6,Na,Na,Eu,Mn,-1.741940168568967,0.2693586753928541,0.0,6.0000005,140.28897678286137,4.1295156274757545,Fm-3m,225,0.93,0.93,1.5,1.55,3.44,1.525,1.02,1.02,1.17,0.67,0.7375855217549332,0.5434782608695652,1,1,4,7,5.5,2,4,7,10,4.25,5.75,0.0,1.25,1.25,3.75,0.0,1.25,1.25,1.25,2.42,2.57,2.07,2.32,-1.7238614717472431,6.0000005,6.0000005
mp-1518084,Sr2LaBiO6,Sr,Sr,La,Bi,-2.806332301500001,0.0,1.7340999999999998,0.0,326.4409158555911,6.2987001190024285,P2_1/c,14,0.95,0.95,1.1,1.9,3.44,1.5,1.18,1.18,1.032,1.03,0.7504465221971586,0.0019398642095053362,2,2,4,5,4.5,4,3,15,8,1.0,7.0,2.0,8.0,10.0,5.0,2.0,2.0,4.0,0.0,2.58,2.432,2.4299999999999997,2.431,-2.8535909502108376,0.0,4.0
mp-1518133,Na2TbWO6,Na,Na,Tb,W,-2.465841334942527,0.09478232100000117,0.0,1.0028515,141.50907301371012,5.688199567914047,Fm-3m,225,0.93,0.93,1.5,1.7,3.44,1.6,1.02,1.02,0.9230000000000002,0.66,0.780834319174741,0.332280480101074,1,1,4,6,5.0,2,4,6,10,4.5,5.5,0.0,0.5,0.5,4.5,0.0,0.5,0.5,0.5,2.42,2.323,2.06,2.1915,-2.486035949036726,1.0028515,1.0028515
mp-1518128,Eu2TiInO6,Eu,Eu,Ti,In,-2.9626157410000014,0.17645523200000035,0.0,13.0000005,132.87716431963153,7.030815972219043,Fm-3m,225,1.5,1.5,1.54,1.78,3.44,1.6600000000000001,1.17,1.17,0.86,0.8,0.8149167836992945,0.07228915662650595,3,3,4,3,3.5,6,4,13,6,0.75,5.25,3.25,7.75,11.0,6.0,3.25,2.25,5.5,1.0,2.57,2.26,2.2,2.23,-2.9502326557798972,13.0000005,13.0000005
mp-1518150,Sr2EuBiO6,Sr,Sr,Eu,Bi,-2.5855745942500015,0.07613272824998774,0.0,23.9999992,644.8536076249271,6.511623131876367,Pn-3,201,0.95,0.95,1.5,1.9,3.44,1.7,1.18,1.18,1.17,1.03,0.729734198184517,0.12727272727272718,2,2,4,5,4.5,4,4,15,8,1.25,6.75,2.75,8.25,11.0,6.0,2.75,1.75,4.5,1.0,2.58,2.57,2.4299999999999997,2.5,-2.5444246848557674,23.9999992,23.9999992
mp-1518170,Sr2LaSbO6,Sr,Sr,La,Sb,-3.0123334427499997,0.03242464775000009,3.674,0.0,622.8193385749123,5.672552416163428,Pn-3,201,0.95,0.95,1.1,2.05,3.44,1.575,1.18,1.18,1.032,0.76,0.7945712088246049,0.3035714285714286,2,2,4,5,4.5,4,3,15,8,1.0,7.0,2.0,8.0,10.0,5.0,2.0,2.0,4.0,0.0,2.58,2.432,2.16,2.2960000000000003,-3.0119175685964916,0.0,4.0
mp-1518173,Ca2TiSbO6,Ca,Ca,Ti,Sb,-2.8120690913333335,0.23977236914999978,0.0,3.3e-06,131.08196979406517,4.380314118179451,Fm-3m,225,1.0,1.0,1.54,2.05,3.44,1.795,1.0,1.0,0.86,0.76,0.767898766899418,0.12345679012345676,2,2,4,5,4.5,4,4,15,8,1.25,6.75,2.75,8.25,11.0,6.0,2.75,1.75,4.5,1.0,2.4,2.26,2.16,2.21,-2.8266291501579164,3.3e-06,4.5
mp-1518182,Eu2DyWO6,Eu,Eu,Dy,W,-2.974335327166666,0.23839985412499942,0.0,12.9977473,147.45883886138475,8.403709140209793,Fm-3m,225,1.5,1.5,1.22,1.7,3.44,1.46,1.17,1.17,1.07,0.66,0.8023242506178486,0.4739884393063584,3,3,4,6,5.0,6,4,6,6,2.5,3.5,1.5,2.5,4.0,1.0,1.5,2.5,4.0,1.0,2.57,2.4699999999999998,2.06,2.2649999999999997,-2.9779932559887627,12.9977473,12.9977473
mp-1518218,Ca2ZrVO6,Ca,Ca,Zr,V,-3.1359885930000004,0.1678492537053522,0.0,1.0,127.73049560900083,4.138238928506294,Fm-3m,225,1.0,1.0,1.33,1.63,3.44,1.48,1.0,1.0,0.72,0.79,0.7874971112982432,0.09271523178807956,2,2,4,5,4.5,4,4,5,8,3.75,4.25,0.25,0.75,1.0,4.0,0.25,0.75,1.0,0.5,2.4,2.12,2.19,2.1550000000000002,-3.108491064617037,1.0,1.0
mp-1518215,Sr2InBiO6,Sr,Sr,In,Bi,-2.2340397986666667,0.07091486774999911,0.0,0.0,151.55648700266326,6.519539693141838,Fm-3m,225,0.95,0.95,1.78,1.9,3.44,1.8399999999999999,1.18,1.18,0.8,1.03,0.7880498900480746,0.2513661202185792,2,2,3,5,4.0,4,13,15,8,3.5,4.5,9.5,10.0,19.5,14.5,0.5,0.0,0.5,0.5,2.58,2.2,2.4299999999999997,2.315,-2.246959082249157,0.0,0.5
mp-1518224,Ca2YBiO6,Ca,Ca,Y,Bi,-2.7810887795000006,0.0010765291874976768,2.0604999999999998,0.0,590.0087334332526,5.336596927456461,Pn-3,201,1.0,1.0,1.22,1.9,3.44,1.56,1.0,1.0,0.9,1.03,0.717571363571972,0.13471502590673576,2,2,3,5,4.0,4,3,15,8,1.0,7.0,2.0,8.0,10.0,5.0,2.0,2.0,4.0,0.0,2.4,2.3,2.4299999999999997,2.3649999999999998,-2.797072619633006,0.0,4.0
mp-1518242,NbGa(SnO3)2,Sn,Sn,Nb,Ga,-2.1017800827500004,0.1901473592500027,1.9470999999999998,0.0,128.3777816157178,6.416245765396882,Fm-3m,225,1.96,1.96,1.6,1.81,3.44,1.705,0.69,0.69,0.72,0.62,0.713938730763229,0.14925373134328357,2,2,5,3,4.0,4,5,13,8,2.0,6.0,3.0,7.0,10.0,5.0,3.0,3.0,6.0,0.0,2.09,2.12,2.02,2.0700000000000003,-2.111434953193641,0.0,6.0
mp-1518262,Na2EuMnO6,Na,Na,Eu,Mn,-1.4442806333189657,0.5670182106428552,0.0,27.1100299,715.3517424215479,3.2393883323821973,Pn-3,201,0.93,0.93,1.5,1.55,3.44,1.525,1.02,1.02,1.17,0.67,0.7375855217549332,0.5434782608695652,1,1,4,7,5.5,2,4,7,10,4.25,5.75,0.0,1.25,1.25,3.75,0.0,1.25,1.25,1.25,2.42,2.57,2.07,2.32,-1.4633472054841399,27.1100299,27.1100299
mp-1518256,Sr2LaBiO6,Sr,Sr,La,Bi,-2.7607500084999996,0.04558229300000072,1.9455,0.0,666.4884740357758,6.1701095087099835,Pn-3,201,0.95,0.95,1.1,1.9,3.44,1.5,1.18,1.18,1.032,1.03,0.7504465221971586,0.0019398642095053362,2,2,4,5,4.5,4,3,15,8,1.0,7.0,2.0,8.0,10.0,5.0,2.0,2.0,4.0,0.0,2.58,2.432,2.4299999999999997,2.431,-2.7582966021801036,0.0,4.0
mp-1518266,Sr2InBiO6,Sr,Sr,In,Bi,-2.302158729166667,0.0027959372499983814,0.6187,0.0,599.3884678269878,6.593910866181062,Pn-3,201,0.95,0.95,1.78,1.9,3.44,1.8399999999999999,1.18,1.18,0.8,1.03,0.7880498900480746,0.2513661202185792,2,2,3,5,4.0,4,13,15,8,3.5,4.5,9.5,10.0,19.5,14.5,0.5,0.0,0.5,0.5,2.58,2.2,2.4299999999999997,2.315,-2.2696651599972757,0.0,0.5
mp-1518287,Sr2BiSbO6,Sr,Sr,Bi,Sb,-2.4453726027500005,0.027240078249998412,1.9364,0.0,617.0444919920088,6.47996057306277,Pn-3,201,0.95,0.95,1.9,2.05,3.44,1.9749999999999999,1.18,1.18,1.03,0.76,0.7949174272162496,0.3016759776536313,2,2,5,5,5.0,4,15,15,8,4.0,4.0,10.0,10.0,20.0,15.0,0.0,0.0,0.0,0.0,2.58,2.4299999999999997,2.16,2.295,-2.43891101728768,0.0,0.0
mp-1518318,Eu2HfFeO6,Eu,Eu,Hf,Fe,-3.0686004800000006,0.1562329882500002,0.0,18.0000008,130.5918420919995,8.064918119370653,Fm-3m,225,1.5,1.5,1.3,1.83,3.44,1.565,1.17,1.17,0.71,0.61,0.8821671978880715,0.1515151515151515,3,3,4,8,6.0,6,4,8,6,2.0,4.0,2.0,4.0,6.0,1.0,2.0,4.0,6.0,2.0,2.57,2.11,2.01,2.0599999999999996,-3.0736475500425264,18.0000008,18.0000008
mp-1518321,Sr2NdBiO6,Sr,Sr,Nd,Bi,-2.7421432995000004,0.043032678250000345,1.862,1e-07,655.654468641342,6.326126238289267,Pn-3,201,0.95,0.95,1.14,1.9,3.44,1.52,1.18,1.18,0.983,1.03,0.7580866384630346,0.04669647292598117,2,2,4,5,4.5,4,4,15,8,1.25,6.75,2.75,8.25,11.0,6.0,2.75,1.75,4.5,1.0,2.58,2.383,2.4299999999999997,2.4065,-2.7479795248783114,1e-07,4.5
mp-1518337,Ba2EuWO6,Ba,Ba,Eu,W,-2.9613594059999997,0.0028854124583261864,0.01130000000000031,27.9614859,654.4925456775907,7.169494224848298,Pn-3,201,0.89,0.89,1.5,1.7,3.44,1.6,1.35,1.35,1.17,0.66,0.8399756579969787,0.5573770491803277,2,2,4,6,5.0,4,4,6,8,3.5,4.5,0.5,1.5,2.0,3.0,0.5,1.5,2.0,1.0,2.75,2.57,2.06,2.315,-2.9926232221739326,27.9614859,27.9614859
mp-1518341,Sr2CrSbO6,Sr,Sr,Cr,Sb,-2.6462996379999995,0.02723120599999973,1.3499999999999996,3.0000006,127.89406443829687,5.777652269256656,Fm-3m,225,0.95,0.95,1.66,2.05,3.44,1.855,1.18,1.18,0.73,0.76,0.850506058490113,0.040268456375838965,2,2,6,5,5.5,4,6,15,8,1.75,6.25,4.25,8.75,13.0,8.0,4.25,1.25,5.5,3.0,2.58,2.13,2.16,2.145,-2.628637442457056,3.0000006,5.5
mp-1518357,Eu2HfNbO6,Eu,Eu,Hf,Nb,-3.3893528870000025,0.04226190400000007,0.0,1.267519,135.83298833126855,8.206801577899418,Fm-3m,225,1.5,1.5,1.3,1.6,3.44,1.4500000000000002,1.17,1.17,0.71,0.72,0.8592266797396819,0.013986013986014,3,3,4,5,4.5,6,4,5,6,2.75,3.25,1.25,1.75,3.0,2.0,1.25,1.75,3.0,0.5,2.57,2.11,2.12,2.115,-3.3909096309402584,1.267519,3.0
mp-1518368,Ba2CeHfO6,Ba,Ba,Ce,Hf,-3.6654516029999997,0.02282409900000104,2.2198,0.0,163.33345195564382,7.007365404938424,Fm-3m,225,0.89,0.89,1.12,1.3,3.44,1.21,1.35,1.35,1.01,0.71,0.8604175434792061,0.34883720930232565,2,2,4,4,4.0,4,4,4,8,4.0,4.0,0.0,0.0,0.0,5.0,0.0,0.0,0.0,0.0,2.75,2.41,2.11,2.26,-3.6690612012718122,0.0,0.0
mp-1518355,Ba2NdBiO6,Ba,Ba,Nd,Bi,-2.7524925987500013,0.01144006200000014,1.7565,0.0,696.7920486787197,6.900302996326217,Pn-3,201,0.89,0.89,1.14,1.9,3.44,1.52,1.35,1.35,0.983,1.03,0.8080380836330794,0.04669647292598117,2,2,4,5,4.5,4,4,15,8,1.25,6.75,2.75,8.25,11.0,6.0,2.75,1.75,4.5,1.0,2.75,2.383,2.4299999999999997,2.4065,-2.688630447393104,0.0,4.5
mp-1518374,PrZn(BiO3)2,Bi,Bi,Pr,Zn,-1.4636456501666673,0.6973634329687561,0.0,0.863931,149.28263889378485,8.011935460877083,Fm-3m,225,1.9,1.9,1.13,1.65,3.44,1.39,1.03,1.03,0.99,0.74,0.7586178712067595,0.28901734104046245,3,3,4,12,8.0,6,4,12,6,1.0,5.0,3.0,7.0,10.0,5.0,3.0,3.0,6.0,0.0,2.4299999999999997,2.3899999999999997,2.1399999999999997,2.2649999999999997,-1.4576705919993536,0.863931,6.0
mp-1518359,Sr2BiSbO6,Sr,Sr,Bi,Sb,-2.3792294070000004,0.0933832739999989,1.6981000000000002,0.0,156.6863660327034,6.379661615068692,Fm-3m,225,0.95,0.95,1.9,2.05,3.44,1.9749999999999999,1.18,1.18,1.03,0.76,0.7949174272162496,0.3016759776536313,2,2,5,5,5.0,4,15,15,8,4.0,4.0,10.0,10.0,20.0,15.0,0.0,0.0,0.0,0.0,2.58,2.4299999999999997,2.16,2.295,-2.394265228001904,0.0,0.0
mp-1518426,Sr2NdBiO6,Sr,Sr,Nd,Bi,-2.65012567375,0.13505030400000084,2.1311,0.0,168.6315378647741,6.14913584647744,Fm-3m,225,0.95,0.95,1.14,1.9,3.44,1.52,1.18,1.18,0.983,1.03,0.7580866384630346,0.04669647292598117,2,2,4,5,4.5,4,4,15,8,1.25,6.75,2.75,8.25,11.0,6.0,2.75,1.75,4.5,1.0,2.58,2.383,2.4299999999999997,2.4065,-2.658652825674111,0.0,4.5
mp-1518425,PrZn(BiO3)2,Bi,Bi,Pr,Zn,-1.7981590999166677,0.36284998321875594,0.0,4.0,603.571682775246,7.926434605062795,Pn-3,201,1.9,1.9,1.13,1.65,3.44,1.39,1.03,1.03,0.99,0.74,0.7586178712067595,0.28901734104046245,3,3,4,12,8.0,6,4,12,6,1.0,5.0,3.0,7.0,10.0,5.0,3.0,3.0,6.0,0.0,2.4299999999999997,2.3899999999999997,2.1399999999999997,2.2649999999999997,-1.7751901857327326,4.0,6.0
mp-1518430,Ba2DyWO6,Ba,Ba,Dy,W,-3.081254584166666,0.03257090879164437,0.0,1.0,154.86957604399842,7.687698266200016,Fm-3m,225,0.89,0.89,1.22,1.7,3.44,1.46,1.35,1.35,1.07,0.66,0.8585181670035346,0.4739884393063584,2,2,4,6,5.0,4,4,6,8,3.5,4.5,0.5,1.5,2.0,3.0,0.5,1.5,2.0,1.0,2.75,2.4699999999999998,2.06,2.2649999999999997,-3.0789891759559107,1.0,2.0
mp-1518429,Ba2SmSeO6,Ba,Ba,Sm,Se,-2.6304410517343753,0.12957305674999553,0.0,0.0767081,154.21741317036359,6.460193235733879,Fm-3m,225,0.89,0.89,1.17,2.55,3.44,1.8599999999999999,1.35,1.35,0.958,1.98,0.6777775002659484,0.69571136827774,2,2,4,4,4.0,4,4,4,8,4.0,4.0,0.0,0.0,0.0,5.0,0.0,0.0,0.0,0.0,2.75,2.3579999999999997,3.38,2.8689999999999998,-2.6592066113007227,0.0767081,0.0767081
mp-1518433,Sr2HfVO6,Sr,Sr,Hf,V,-3.3071243050000008,0.058042872930171185,0.0,0.9999998,129.8106057984327,6.404550717489752,Fm-3m,225,0.95,0.95,1.3,1.63,3.44,1.4649999999999999,1.18,1.18,0.71,0.79,0.848528137423857,0.10666666666666676,2,2,4,5,4.5,4,4,5,8,3.75,4.25,0.25,0.75,1.0,4.0,0.25,0.75,1.0,0.5,2.58,2.11,2.19,2.15,-3.2887397263084965,0.9999998,1.0
mp-1518479,Ca2TiSnO6,Ca,Ca,Ti,Sn,-2.857968208916668,0.11931412400000241,3.6130999999999998,0.0,122.49997172682968,4.645842368328185,Fm-3m,225,1.0,1.0,1.54,1.96,3.44,1.75,1.0,1.0,0.86,0.69,0.7802557585506731,0.2193548387096775,2,2,4,4,4.0,4,4,14,8,1.5,6.5,2.5,7.5,10.0,5.0,2.5,2.5,5.0,0.0,2.4,2.26,2.09,2.175,-2.871331090627448,0.0,5.0
mp-1518502,Ba2EuBiO6,Ba,Ba,Eu,Bi,-2.5973263232500003,0.0,0.0,23.9999978,681.6331730885337,7.1290060166184075,Pn-3,201,0.89,0.89,1.5,1.9,3.44,1.7,1.35,1.35,1.17,1.03,0.7778174593052023,0.12727272727272718,2,2,4,5,4.5,4,4,15,8,1.25,6.75,2.75,8.25,11.0,6.0,2.75,1.75,4.5,1.0,2.75,2.57,2.4299999999999997,2.5,-2.5598603677256495,23.9999978,23.9999978
mp-1518500,Eu2NbSnO6,Eu,Eu,Nb,Sn,-2.7533986915,0.23848616299999925,0.0,14.9999997,138.44772638113147,7.334807034911389,Fm-3m,225,1.5,1.5,1.6,1.96,3.44,1.78,1.17,1.17,0.72,0.69,0.8633085166980651,0.04255319148936174,3,3,5,4,4.5,6,5,14,6,0.75,5.25,4.25,8.75,13.0,8.0,4.25,1.25,5.5,3.0,2.57,2.12,2.09,2.105,-2.7317977301857073,14.9999997,14.9999997
mp-1518518,PrZn(BiO3)2,Bi,Bi,Pr,Zn,-1.7285403121666676,0.4324687709687556,0.0,0.8852862,147.25047975774285,8.122505748124954,I4/m,87,1.9,1.9,1.13,1.65,3.44,1.39,1.03,1.03,0.99,0.74,0.7586178712067595,0.28901734104046245,3,3,4,12,8.0,6,4,12,6,1.0,5.0,3.0,7.0,10.0,5.0,3.0,3.0,6.0,0.0,2.4299999999999997,2.3899999999999997,2.1399999999999997,2.2649999999999997,-1.7374867500798425,0.8852862,6.0
mp-1518526,Sr2ZrTiO6,Sr,Sr,Zr,Ti,-3.5764978013333333,0.03016275874999863,2.3507,0.0,134.37005594227435,5.070807435259831,Fm-3m,225,0.95,0.95,1.33,1.54,3.44,1.435,1.18,1.18,0.72,0.86,0.83302990660333,0.17721518987341772,2,2,4,4,4.0,4,4,4,8,4.0,4.0,0.0,0.0,0.0,5.0,0.0,0.0,0.0,0.0,2.58,2.12,2.26,2.19,-3.550877474098631,0.0,0.0
mp-1518540,Ca2ZrSnO6,Ca,Ca,Zr,Sn,-3.0079911025,0.174373955500001,3.5577,0.0,138.99765617235954,4.612391092290685,Fm-3m,225,1.0,1.0,1.33,1.96,3.44,1.645,1.0,1.0,0.72,0.69,0.8062025058658974,0.04255319148936174,2,2,4,4,4.0,4,4,14,8,1.5,6.5,2.5,7.5,10.0,5.0,2.5,2.5,5.0,0.0,2.4,2.12,2.09,2.105,-3.0066339922894523,0.0,5.0
mp-1518549,Ba2CeHfO6,Ba,Ba,Ce,Hf,-3.66725259025,0.021023111750000822,2.1719000000000004,0.0,649.4676511793435,7.049078910241822,Pn-3,201,0.89,0.89,1.12,1.3,3.44,1.21,1.35,1.35,1.01,0.71,0.8604175434792061,0.34883720930232565,2,2,4,4,4.0,4,4,4,8,4.0,4.0,0.0,0.0,0.0,5.0,0.0,0.0,0.0,0.0,2.75,2.41,2.11,2.26,-3.6501971167475555,0.0,0.0
mp-1518556,Ba2EuBiO6,Ba,Ba,Eu,Bi,-2.589251522500001,0.008074800749999334,0.0,6.0000002,170.35067300023798,7.131417367614486,Fm-3m,225,0.89,0.89,1.5,1.9,3.44,1.7,1.35,1.35,1.17,1.03,0.7778174593052023,0.12727272727272718,2,2,4,5,4.5,4,4,15,8,1.25,6.75,2.75,8.25,11.0,6.0,2.75,1.75,4.5,1.0,2.75,2.57,2.4299999999999997,2.5,-2.5795568661541117,6.0000002,6.0000002
mp-1518543,Sr2AlBiO6,Sr,Sr,Al,Bi,-2.6280968269999994,0.056714238374999226,0.0,0.0,131.07772512250506,6.425368277863188,Fm-3m,225,0.95,0.95,1.61,1.9,3.44,1.755,1.18,1.18,0.535,1.03,0.8358925523304891,0.6325878594249201,2,2,3,5,4.0,4,13,15,8,3.5,4.5,9.5,10.0,19.5,14.5,0.5,0.0,0.5,0.5,2.58,1.935,2.4299999999999997,2.1825,-2.6450239600998167,0.0,0.5
mp-1518585,Eu2InFeO6,Eu,Eu,In,Fe,-2.303239613666668,0.34463634999999826,0.0,17.0000008,130.39397707880752,7.266307011717602,Fm-3m,225,1.5,1.5,1.78,1.83,3.44,1.8050000000000002,1.17,1.17,0.8,0.61,0.8633085166980651,0.26950354609929084,3,3,3,8,5.5,6,13,8,6,4.25,1.75,8.75,6.25,15.0,10.0,1.25,3.75,5.0,2.5,2.57,2.2,2.01,2.105,-2.3161106103130176,17.0000008,17.0000008
mp-1518570,Ba2NdBiO6,Ba,Ba,Nd,Bi,-2.7407596637500005,0.023172997000000528,1.876,0.0,174.56582084931372,6.885764117399036,Fm-3m,225,0.89,0.89,1.14,1.9,3.44,1.52,1.35,1.35,0.983,1.03,0.8080380836330794,0.04669647292598117,2,2,4,5,4.5,4,4,15,8,1.25,6.75,2.75,8.25,11.0,6.0,2.75,1.75,4.5,1.0,2.75,2.383,2.4299999999999997,2.4065,-2.7201604473983774,0.0,4.5
mp-1518628,Ca2ZrTiO6,Ca,Ca,Zr,Ti,-3.479441290333334,0.13368982300000098,2.3932999999999995,0.0,130.288052455064,4.017820299368737,Fm-3m,225,1.0,1.0,1.33,1.54,3.44,1.435,1.0,1.0,0.72,0.86,0.7749115410263534,0.17721518987341772,2,2,4,4,4.0,4,4,4,8,4.0,4.0,0.0,0.0,0.0,5.0,0.0,0.0,0.0,0.0,2.4,2.12,2.26,2.19,-3.486136796975465,0.0,0.0
mp-1518592,Eu2HfVO6,Eu,Eu,Hf,V,-3.3054489410000016,0.05667760725001081,0.0,14.9999999,129.83634110793,8.049133634600542,Fm-3m,225,1.5,1.5,1.3,1.63,3.44,1.4649999999999999,1.17,1.17,0.71,0.79,0.845239268674152,0.10666666666666676,3,3,4,5,4.5,6,4,5,6,2.75,3.25,1.25,1.75,3.0,2.0,1.25,1.75,3.0,0.5,2.57,2.11,2.19,2.15,-3.3135219102648414,14.9999999,14.9999999
mp-1518621,Ba2SrWO6,Ba,Ba,Sr,W,-2.9434899439999995,0.02465949000000034,3.1754000000000002,0.0,166.23314674775472,6.414180484580463,Fm-3m,225,0.89,0.89,0.95,1.7,3.44,1.325,1.35,1.35,1.18,0.66,0.838165365630606,0.5652173913043478,2,2,4,6,5.0,4,4,6,8,3.5,4.5,0.5,1.5,2.0,3.0,0.5,1.5,2.0,1.0,2.75,2.58,2.06,2.3200000000000003,-2.9625923955869866,0.0,2.0
mp-1518614,Ca2NbInO6,Ca,Ca,Nb,In,-2.8105574536666666,0.18933762337500148,3.4631999999999996,0.0,137.8160069862147,4.625314611712477,Fm-3m,225,1.0,1.0,1.6,1.78,3.44,1.69,1.0,1.0,0.72,0.8,0.7856742013183861,0.10526315789473693,2,2,5,3,4.0,4,5,13,8,2.0,6.0,3.0,7.0,10.0,5.0,3.0,3.0,6.0,0.0,2.4,2.12,2.2,2.16,-2.8020854723547974,0.0,6.0
mp-1518653,Ba2EuNbO6,Ba,Ba,Eu,Nb,-3.214949970750001,0.06392931700000304,0.0,23.999999,642.8408081594393,6.359871930648238,Pn-3,201,0.89,0.89,1.5,1.6,3.44,1.55,1.35,1.35,1.17,0.72,0.8292297007518148,0.47619047619047616,2,2,4,5,4.5,4,4,5,8,3.75,4.25,0.25,0.75,1.0,4.0,0.25,0.75,1.0,0.5,2.75,2.57,2.12,2.3449999999999998,-3.173699472365138,23.999999,23.999999
mp-1518636,Na2ZrWO6,Na,Na,Zr,W,-2.681846652275863,0.012681862000013311,2.2416,0.0,132.42316921436807,5.229531322859611,Fm-3m,225,0.93,0.93,1.33,1.7,3.44,1.5150000000000001,1.02,1.02,0.72,0.66,0.8187552203212656,0.08695652173913036,1,1,4,6,5.0,2,4,6,10,4.5,5.5,0.0,0.5,0.5,4.5,0.0,0.5,0.5,0.5,2.42,2.12,2.06,2.09,-2.7031973105609484,0.0,0.5
mp-1518649,BaTb2SmO6,Tb,Tb,Ba,Sm,-3.2894944778333333,0.2791009473749959,0.0,0.9999998,162.19897343258614,7.182072466776747,Cmmm,65,1.5,1.5,0.89,1.17,3.44,1.03,0.9230000000000002,0.9230000000000002,1.35,0.958,0.6431515476493147,0.3396880415944542,3,3,4,4,4.0,6,4,4,6,3.0,3.0,1.0,1.0,2.0,3.0,1.0,1.0,2.0,0.0,2.323,2.75,2.3579999999999997,2.554,-3.2890100886998783,0.9999998,2.0
mp-1518670,Sr2LaNbO6,Sr,Sr,La,Nb,-3.3666940905000002,0.06729419412500093,3.0938,0.0,629.0196291521875,5.311956790936532,Pn-3,201,0.95,0.95,1.1,1.6,3.44,1.35,1.18,1.18,1.032,0.72,0.8015533811341357,0.35616438356164387,2,2,4,5,4.5,4,3,5,8,3.5,4.5,0.0,0.5,0.5,4.5,0.0,0.5,0.5,0.5,2.58,2.432,2.12,2.276,-3.3384496793916916,0.0,0.5
mp-1518672,Ca2LaSbO6,Ca,Ca,La,Sb,-2.983195645250001,0.11669711124999882,3.5891,0.0,589.11928508109,4.925000131595254,Pn-3,201,1.0,1.0,1.1,2.05,3.44,1.575,1.0,1.0,1.032,0.76,0.7391360082089347,0.3035714285714286,2,2,4,5,4.5,4,3,15,8,1.0,7.0,2.0,8.0,10.0,5.0,2.0,2.0,4.0,0.0,2.4,2.432,2.16,2.2960000000000003,-2.9847884730749152,0.0,4.0
mp-1518723,Ca2LaSbO6,Ca,Ca,La,Sb,-2.7986328865000005,0.30125987,2.9168000000000003,0.0,157.27809701030804,4.611914519094656,Fm-3m,225,1.0,1.0,1.1,2.05,3.44,1.575,1.0,1.0,1.032,0.76,0.7391360082089347,0.3035714285714286,2,2,4,5,4.5,4,3,15,8,1.0,7.0,2.0,8.0,10.0,5.0,2.0,2.0,4.0,0.0,2.4,2.432,2.16,2.2960000000000003,-2.789585450575006,0.0,4.0
mp-1518756,Ba2SrWO6,Ba,Ba,Sr,W,-2.95444087975,0.013708554249999949,3.2199,0.0,664.1782306320799,6.42146554394069,Pn-3,201,0.89,0.89,0.95,1.7,3.44,1.325,1.35,1.35,1.18,0.66,0.838165365630606,0.5652173913043478,2,2,4,6,5.0,4,4,6,8,3.5,4.5,0.5,1.5,2.0,3.0,0.5,1.5,2.0,1.0,2.75,2.58,2.06,2.3200000000000003,-2.9756887503129374,0.0,2.0
mp-1518760,Sr2CeSbO6,Sr,Sr,Ce,Sb,-2.9328970999999995,0.13588742859999936,0.0,0.945934,157.88652177084097,5.606900186265285,Fm-3m,225,0.95,0.95,1.12,2.05,3.44,1.585,1.18,1.18,1.01,0.76,0.798396278101222,0.2824858757062147,2,2,4,5,4.5,4,4,15,8,1.25,6.75,2.75,8.25,11.0,6.0,2.75,1.75,4.5,1.0,2.58,2.41,2.16,2.285,-2.9243309580558465,0.945934,4.5
mp-1518753,Sr2SmFeO6,Sr,Sr,Sm,Fe,-2.6231298935,0.1086362490625099,0.23290000000000033,3.0000005,139.8577218203099,5.668690205310713,Fm-3m,225,0.95,0.95,1.17,1.83,3.44,1.5,1.18,1.18,0.958,0.61,0.8353184503027895,0.4438775510204081,2,2,4,8,6.0,4,4,8,8,3.0,5.0,1.0,3.0,4.0,1.0,1.0,3.0,4.0,2.0,2.58,2.3579999999999997,2.01,2.1839999999999997,-2.6268727788000907,3.0000005,4.0
mp-1518764,BaTb2SmO6,Tb,Tb,Ba,Sm,-3.4719460653333334,0.09664935987499668,0.0,1.9999997,321.3512440366365,7.250165062978998,Pmc2_1,26,1.5,1.5,0.89,1.17,3.44,1.03,0.9230000000000002,0.9230000000000002,1.35,0.958,0.6431515476493147,0.3396880415944542,3,3,4,4,4.0,6,4,4,6,3.0,3.0,1.0,1.0,2.0,3.0,1.0,1.0,2.0,0.0,2.323,2.75,2.3579999999999997,2.554,-3.452231465419736,1.9999997,2.0
mp-1518749,Ca2LaSbO6,Ca,Ca,La,Sb,-2.935564796,0.16432796050000054,2.9805,4e-07,298.30795872254345,4.863116238960753,P4/mnc,128,1.0,1.0,1.1,2.05,3.44,1.575,1.0,1.0,1.032,0.76,0.7391360082089347,0.3035714285714286,2,2,4,5,4.5,4,3,15,8,1.0,7.0,2.0,8.0,10.0,5.0,2.0,2.0,4.0,0.0,2.4,2.432,2.16,2.2960000000000003,-2.911817074968705,4e-07,4.0
mp-1518802,Sr2GdNbO6,Sr,Sr,Gd,Nb,-3.356984649,0.08187435374999907,2.5504000000000002,7.0000002,153.690301854567,5.633361838680537,Fm-3m,225,0.95,0.95,1.2,1.6,3.44,1.4,1.18,1.18,0.938,0.72,0.8184546861647791,0.2629674306393245,2,2,4,5,4.5,4,4,5,8,3.75,4.25,0.25,0.75,1.0,4.0,0.25,0.75,1.0,0.5,2.58,2.338,2.12,2.229,-3.305193376159628,7.0000002,7.0000002
mp-1518774,Sr2GdNbO6,Sr,Sr,Gd,Nb,-3.413976458500001,0.024882544249997807,2.8344000000000005,28.0000019,598.3444595462856,5.787924113807798,Pn-3,201,0.95,0.95,1.2,1.6,3.44,1.4,1.18,1.18,0.938,0.72,0.8184546861647791,0.2629674306393245,2,2,4,5,4.5,4,4,5,8,3.75,4.25,0.25,0.75,1.0,4.0,0.25,0.75,1.0,0.5,2.58,2.338,2.12,2.229,-3.4023837950357296,28.0000019,28.0000019
mp-1518801,Sr2NbBiO6,Sr,Sr,Nb,Bi,-2.818763432750001,0.061173265000000754,2.0916,0.0,617.8881293144588,6.160943294052693,Pn-3,201,0.95,0.95,1.6,1.9,3.44,1.75,1.18,1.18,0.72,1.03,0.801905712290678,0.35428571428571437,2,2,5,5,5.0,4,5,15,8,1.5,6.5,3.5,8.5,12.0,7.0,3.5,1.5,5.0,2.0,2.58,2.12,2.4299999999999997,2.275,-2.8122475064183576,0.0,5.0
mp-1518803,Sr2NbBiO6,Sr,Sr,Nb,Bi,-2.7379772720000006,0.14195942575000053,1.7631999999999994,0.0,159.24622495211761,5.976238570049782,Fm-3m,225,0.95,0.95,1.6,1.9,3.44,1.75,1.18,1.18,0.72,1.03,0.801905712290678,0.35428571428571437,2,2,5,5,5.0,4,5,15,8,1.5,6.5,3.5,8.5,12.0,7.0,3.5,1.5,5.0,2.0,2.58,2.12,2.4299999999999997,2.275,-2.7340895859684538,0.0,5.0
mp-1518804,Ca2VBiO6,Ca,Ca,V,Bi,-2.361615005000001,0.38549732149999993,0.6405999999999992,0.0,141.94603183455538,5.101364249096684,Fm-3m,225,1.0,1.0,1.63,1.9,3.44,1.765,1.0,1.0,0.79,1.03,0.7346563960379714,0.26373626373626374,2,2,5,5,5.0,4,5,15,8,1.5,6.5,3.5,8.5,12.0,7.0,3.5,1.5,5.0,2.0,2.4,2.19,2.4299999999999997,2.3099999999999996,-2.3686783308562145,0.0,5.0
mp-1518822,BaTb2SmO6,Tb,Tb,Ba,Sm,-3.399641354833333,0.16895407037499677,0.0,3.9999996,660.0645367587847,7.059459894330559,P4_2/mmc,131,1.5,1.5,0.89,1.17,3.44,1.03,0.9230000000000002,0.9230000000000002,1.35,0.958,0.6431515476493147,0.3396880415944542,3,3,4,4,4.0,6,4,4,6,3.0,3.0,1.0,1.0,2.0,3.0,1.0,1.0,2.0,0.0,2.323,2.75,2.3579999999999997,2.554,-3.392871677964099,3.9999996,3.9999996
mp-1518851,Sr2CeSbO6,Sr,Sr,Ce,Sb,-2.9856779974999994,0.08310653109999944,0.0,3.9961131,617.7821582338038,5.731819584149765,Pn-3,201,0.95,0.95,1.12,2.05,3.44,1.585,1.18,1.18,1.01,0.76,0.798396278101222,0.2824858757062147,2,2,4,5,4.5,4,4,15,8,1.25,6.75,2.75,8.25,11.0,6.0,2.75,1.75,4.5,1.0,2.58,2.41,2.16,2.285,-2.99158602570278,3.9961131,4.5
mp-1518847,Sr2HfNbO6,Sr,Sr,Hf,Nb,-3.4414412810000004,0.05886388196429948,0.0,0.0284146,139.50701155866264,6.458907844124914,Fm-3m,225,0.95,0.95,1.3,1.6,3.44,1.4500000000000002,1.18,1.18,0.71,0.72,0.8625699742133772,0.013986013986014,2,2,4,5,4.5,4,4,5,8,3.75,4.25,0.25,0.75,1.0,4.0,0.25,0.75,1.0,0.5,2.58,2.11,2.12,2.115,-3.438072061474608,0.0284146,1.0
mp-1518892,CeEu2VO6,Eu,Eu,Ce,V,-3.1150975110000005,0.2290955818249678,0.0,14.9999997,143.8527456020255,6.8218964460331755,Fm-3m,225,1.5,1.5,1.12,1.63,3.44,1.375,1.17,1.17,1.01,0.79,0.7901149685432292,0.2444444444444444,3,3,4,5,4.5,6,4,5,6,2.75,3.25,1.25,1.75,3.0,2.0,1.25,1.75,3.0,0.5,2.57,2.41,2.19,2.3,-3.0887455602878413,14.9999997,14.9999997
mp-1518869,Sr2GdCrO6,Sr,Sr,Gd,Cr,-2.82390501,0.16810156393750297,0.0,6.0,139.51824645870926,5.718678262047123,Fm-3m,225,0.95,0.95,1.2,1.66,3.44,1.43,1.18,1.18,0.938,0.73,0.8166228717373736,0.24940047961630693,2,2,4,6,5.0,4,4,6,8,3.5,4.5,0.5,1.5,2.0,3.0,0.5,1.5,2.0,1.0,2.58,2.338,2.13,2.234,-2.8440358613055925,6.0,6.0
mp-1518931,TbEu2SbO6,Eu,Eu,Tb,Sb,-3.0210540069166685,0.16403023132500216,0.0,55.9932774,591.548659068199,7.642171532215926,Pn-3,201,1.5,1.5,1.5,2.05,3.44,1.775,1.17,1.17,0.9230000000000002,0.76,0.8107358588665745,0.19370172311348796,3,3,4,5,4.5,6,4,15,6,0.25,5.75,3.75,9.25,13.0,8.0,3.75,0.75,4.5,3.0,2.57,2.323,2.16,2.2415000000000003,-2.9982564356940875,55.9932774,55.9932774
mp-1518946,Ba2SnWO6,Ba,Ba,Sn,W,-2.5213906789999996,0.10033717925001007,1.5556,8e-07,661.9912005437768,6.754624922472196,Pn-3,201,0.89,0.89,1.96,1.7,3.44,1.83,1.35,1.35,0.69,0.66,0.9371294690424122,0.044444444444444314,2,2,4,6,5.0,4,14,6,8,6.0,2.0,8.0,4.0,12.0,7.0,2.0,4.0,6.0,2.0,2.75,2.09,2.06,2.075,-2.495048377653202,8e-07,6.0
mp-1518951,TbEu2SbO6,Eu,Eu,Tb,Sb,-2.979610679666668,0.2054735585750027,0.22050000000000036,14.0000004,148.7374437069904,7.5984839620432245,Fm-3m,225,1.5,1.5,1.5,2.05,3.44,1.775,1.17,1.17,0.9230000000000002,0.76,0.8107358588665745,0.19370172311348796,3,3,4,5,4.5,6,4,15,6,0.25,5.75,3.75,9.25,13.0,8.0,3.75,0.75,4.5,3.0,2.57,2.323,2.16,2.2415000000000003,-2.9819720502064895,14.0000004,14.0000004
mp-1518955,Ba2SnWO6,Ba,Ba,Sn,W,-2.5114249814999994,0.11030287675001027,1.1981000000000002,0.0,165.89461841595403,6.738467926727305,Fm-3m,225,0.89,0.89,1.96,1.7,3.44,1.83,1.35,1.35,0.69,0.66,0.9371294690424122,0.044444444444444314,2,2,4,6,5.0,4,14,6,8,6.0,2.0,8.0,4.0,12.0,7.0,2.0,4.0,6.0,2.0,2.75,2.09,2.06,2.075,-2.5538620794801714,0.0,6.0
mp-1518971,Sr2CeSnO6,Sr,Sr,Ce,Sn,-3.1088871139999994,0.021115265249997073,2.2874,0.0,610.5367616925608,5.766658975458874,Pn-3,201,0.95,0.95,1.12,1.96,3.44,1.54,1.18,1.18,1.01,0.69,0.8108157757605744,0.3764705882352942,2,2,4,4,4.0,4,4,14,8,1.5,6.5,2.5,7.5,10.0,5.0,2.5,2.5,5.0,0.0,2.58,2.41,2.09,2.25,-3.121043553741888,0.0,5.0
mp-1519033,Sr2CeSnO6,Sr,Sr,Ce,Sn,-3.0573001265000004,0.07270225274999653,2.3267,0.0,156.3063522267632,5.631180765376418,Fm-3m,225,0.95,0.95,1.12,1.96,3.44,1.54,1.18,1.18,1.01,0.69,0.8108157757605744,0.3764705882352942,2,2,4,4,4.0,4,4,14,8,1.5,6.5,2.5,7.5,10.0,5.0,2.5,2.5,5.0,0.0,2.58,2.41,2.09,2.25,-3.031360235568778,0.0,5.0
mp-1519036,Sr2DySbO6,Sr,Sr,Dy,Sb,-3.059819688166666,0.05039299050000068,3.4625999999999997,0.0,147.79050987468432,6.24142562080989,Fm-3m,225,0.95,0.95,1.22,2.05,3.44,1.6349999999999998,1.18,1.18,1.07,0.76,0.7880498900480746,0.3387978142076503,2,2,4,5,4.5,4,4,15,8,1.25,6.75,2.75,8.25,11.0,6.0,2.75,1.75,4.5,1.0,2.58,2.4699999999999998,2.16,2.315,-3.0602770494126434,0.0,4.5
mp-1519082,Ba2EuSbO6,Ba,Ba,Eu,Sb,-2.8511638114999998,0.0005818319999999488,0.0,23.9999986,641.202426151909,6.675014457655123,Pn-3,201,0.89,0.89,1.5,2.05,3.44,1.775,1.35,1.35,1.17,0.76,0.8222171874262181,0.4248704663212435,2,2,4,5,4.5,4,4,15,8,1.25,6.75,2.75,8.25,11.0,6.0,2.75,1.75,4.5,1.0,2.75,2.57,2.16,2.365,-2.871149856145898,23.9999986,23.9999986
mp-1519075,Sr2TiSnO6,Sr,Sr,Ti,Sn,-3.0720283148333336,0.022482149749998293,2.9853999999999994,0.0,130.8302960104426,5.5568647153307,Fm-3m,225,0.95,0.95,1.54,1.96,3.44,1.75,1.18,1.18,0.86,0.69,0.8387749404419736,0.2193548387096775,2,2,4,4,4.0,4,4,14,8,1.5,6.5,2.5,7.5,10.0,5.0,2.5,2.5,5.0,0.0,2.58,2.26,2.09,2.175,-3.082123813257898,0.0,5.0
mp-1519136,Ca2HfSnO6,Ca,Ca,Hf,Sn,-3.097831073499999,0.1599154812500041,3.5477000000000003,0.0,136.28515227536383,5.7674672584941264,Fm-3m,225,1.0,1.0,1.3,1.96,3.44,1.63,1.0,1.0,0.71,0.69,0.8081220356417685,0.0285714285714286,2,2,4,4,4.0,4,4,14,8,1.5,6.5,2.5,7.5,10.0,5.0,2.5,2.5,5.0,0.0,2.4,2.11,2.09,2.0999999999999996,-3.081018672969908,0.0,5.0
mp-1519127,TbEu2GeO6,Eu,Eu,Tb,Ge,-3.020643271166667,0.2107249214531226,0.0,13.0000003,135.80223101625933,7.721621313953045,Fm-3m,225,1.5,1.5,1.5,2.01,3.44,1.755,1.17,1.17,0.9230000000000002,0.73,0.8161978116548066,0.23351482153660033,3,3,4,4,4.0,6,4,4,6,3.0,3.0,1.0,1.0,2.0,3.0,1.0,1.0,2.0,0.0,2.57,2.323,2.13,2.2264999999999997,-3.0097085998026394,13.0000003,13.0000003
mp-1519151,Sr2DyMnO6,Sr,Sr,Dy,Mn,-2.8336301719597707,0.07322754491666306,0.0,2.0006673,138.4939625158131,5.859194098895434,Fm-3m,225,0.95,0.95,1.22,1.55,3.44,1.385,1.18,1.18,1.07,0.67,0.8036720244322875,0.45977011494252873,2,2,4,7,5.5,4,4,7,8,3.25,4.75,0.75,2.25,3.0,2.0,0.75,2.25,3.0,1.5,2.58,2.4699999999999998,2.07,2.2699999999999996,-2.8384088139431647,2.0006673,3.0
mp-1519174,Eu2NbWO6,Eu,Eu,Nb,W,-2.8138781780000017,0.16267630018749735,0.0,16.9885395,139.63719952035862,8.046840461182033,Fm-3m,225,1.5,1.5,1.6,1.7,3.44,1.65,1.17,1.17,0.72,0.66,0.8695045108370465,0.08695652173913036,3,3,5,6,5.5,6,5,6,6,2.75,3.25,2.25,2.75,5.0,0.0,2.25,2.75,5.0,0.5,2.57,2.12,2.06,2.09,-2.8212146662362954,16.9885395,16.9885395
mp-1519191,Ba2PrWO6,Ba,Ba,Pr,W,-2.9660014071666665,0.06926786439582422,0.0,1.0,165.8087289063469,6.964263209134232,Fm-3m,225,0.89,0.89,1.13,1.7,3.44,1.415,1.35,1.35,0.99,0.66,0.8739522014665195,0.39999999999999997,2,2,4,6,5.0,4,4,6,8,3.5,4.5,0.5,1.5,2.0,3.0,0.5,1.5,2.0,1.0,2.75,2.3899999999999997,2.06,2.2249999999999996,-2.973836570147543,1.0,2.0
mp-1519192,Ba2SmMnO6,Ba,Ba,Sm,Mn,-2.7838160582931044,0.04530151812500982,0.0,1.9999993,151.42643246861374,6.315838516531466,Fm-3m,225,0.89,0.89,1.17,1.55,3.44,1.3599999999999999,1.35,1.35,0.958,0.67,0.8782943307420983,0.3538083538083537,2,2,4,7,5.5,4,4,7,8,3.25,4.75,0.75,2.25,3.0,2.0,0.75,2.25,3.0,1.5,2.75,2.3579999999999997,2.07,2.2139999999999995,-2.8022642619830744,1.9999993,3.0
mp-1519207,Ba2NdWO6,Ba,Ba,Nd,W,-3.052404307750001,0.0,1.7938000000000005,3.9999998,653.0273657884571,7.1070372220578415,Pn-3,201,0.89,0.89,1.14,1.7,3.44,1.42,1.35,1.35,0.983,0.66,0.8753291236835496,0.3931832014607425,2,2,4,6,5.0,4,4,6,8,3.5,4.5,0.5,1.5,2.0,3.0,0.5,1.5,2.0,1.0,2.75,2.383,2.06,2.2215,-3.0200967939606125,3.9999998,3.9999998
mp-1519226,Ba2CeBiO6,Ba,Ba,Ce,Bi,-2.8866096607499996,0.025579171583333782,0.0,0.538024,700.566050781625,6.824011410753887,Pn-3,201,0.89,0.89,1.12,1.9,3.44,1.51,1.35,1.35,1.01,1.03,0.8035304331665313,0.01960784313725492,2,2,4,5,4.5,4,4,15,8,1.25,6.75,2.75,8.25,11.0,6.0,2.75,1.75,4.5,1.0,2.75,2.41,2.4299999999999997,2.42,-2.8930560701342265,0.538024,4.5
mp-1519264,Ba2NdWO6,Ba,Ba,Nd,W,-2.98948553475,0.0629187730000016,0.0,1.0,163.46665803461187,7.097915029709389,Fm-3m,225,0.89,0.89,1.14,1.7,3.44,1.42,1.35,1.35,0.983,0.66,0.8753291236835496,0.3931832014607425,2,2,4,6,5.0,4,4,6,8,3.5,4.5,0.5,1.5,2.0,3.0,0.5,1.5,2.0,1.0,2.75,2.383,2.06,2.2215,-2.96514236433349,1.0,2.0
mp-1519270,Ba2CeCrO6,Ba,Ba,Ce,Cr,-3.028614512,0.0764544283124966,0.0,1.9999998,149.9136175317249,6.2335172291825565,Fm-3m,225,0.89,0.89,1.12,1.66,3.44,1.3900000000000001,1.35,1.35,1.01,0.73,0.8566271578251127,0.32183908045977017,2,2,4,6,5.0,4,4,6,8,3.5,4.5,0.5,1.5,2.0,3.0,0.5,1.5,2.0,1.0,2.75,2.41,2.13,2.27,-2.998188190961551,1.9999998,2.0
mp-1519277,Sr2MnWO6,Sr,Sr,Mn,W,-2.7321225107931033,0.035756986999999185,1.6795,5.0,135.63916790223718,6.243763691078216,Fm-3m,225,0.95,0.95,1.55,1.7,3.44,1.625,1.18,1.18,0.67,0.66,0.8834554457439674,0.015037593984962419,2,2,7,6,6.5,4,7,6,8,4.25,3.75,2.75,2.25,5.0,0.0,2.75,2.25,5.0,0.5,2.58,2.07,2.06,2.065,-2.712156292830144,5.0,5.0
mp-1519247,Ba2CeZrO6,Ba,Ba,Ce,Zr,-3.5900947610000005,0.024443961000001124,2.2933,0.0,166.7493397265994,5.994797820211818,Fm-3m,225,0.89,0.89,1.12,1.33,3.44,1.225,1.35,1.35,1.01,0.72,0.8585181670035346,0.33526011560693647,2,2,4,4,4.0,4,4,4,8,4.0,4.0,0.0,0.0,0.0,5.0,0.0,0.0,0.0,0.0,2.75,2.41,2.12,2.265,-3.5987271672543613,0.0,0.0
mp-1519256,Ba2TbSnO6,Ba,Ba,Tb,Sn,-2.903718760416666,0.018688793437508622,0.0,3.9988695,646.3507917703901,6.662040671447162,Pn-3,201,0.89,0.89,1.5,1.96,3.44,1.73,1.35,1.35,0.9230000000000002,0.69,0.8812796955644712,0.28890266584004987,2,2,4,4,4.0,4,4,14,8,1.5,6.5,2.5,7.5,10.0,5.0,2.5,2.5,5.0,0.0,2.75,2.323,2.09,2.2065,-2.895644158609934,3.9988695,5.0
mp-1519302,Ca2SbWO6,Ca,Ca,Sb,W,-2.205909240999999,0.4444012173333318,0.0,1.0,147.52936194547834,5.422437074198257,Fm-3m,225,1.0,1.0,2.05,1.7,3.44,1.875,1.0,1.0,0.76,0.66,0.8042920733875422,0.1408450704225352,2,2,5,6,5.5,4,15,6,8,6.25,1.75,8.75,4.25,13.0,8.0,1.25,4.25,5.5,3.0,2.4,2.16,2.06,2.1100000000000003,-2.2063931531278174,1.0,5.5
mp-1519311,Sr2VWO6,Sr,Sr,V,W,-2.788499068,0.012787181062499542,0.8022,3.0000004,132.10595222805898,6.360519555336007,Fm-3m,225,0.95,0.95,1.63,1.7,3.44,1.665,1.18,1.18,0.79,0.66,0.8585108213935494,0.1793103448275862,2,2,5,6,5.5,4,5,6,8,3.75,4.25,1.25,1.75,3.0,2.0,1.25,1.75,3.0,0.5,2.58,2.19,2.06,2.125,-2.8065731052146026,3.0000004,3.0000004
mp-1519368,Ba2CeZrO6,Ba,Ba,Ce,Zr,-3.5955427189999996,0.018996003000001593,2.2585,3.7e-06,661.8145955788561,6.041743926426722,Pn-3,201,0.89,0.89,1.12,1.33,3.44,1.225,1.35,1.35,1.01,0.72,0.8585181670035346,0.33526011560693647,2,2,4,4,4.0,4,4,4,8,4.0,4.0,0.0,0.0,0.0,5.0,0.0,0.0,0.0,0.0,2.75,2.41,2.12,2.265,-3.5890555333655674,3.7e-06,3.7e-06
mp-1519364,Ba2CeBiO6,Ba,Ba,Ce,Bi,-2.8640574200000004,0.0481314123333334,0.0,0.2077213,176.47122599019832,6.772592383964806,Fm-3m,225,0.89,0.89,1.12,1.9,3.44,1.51,1.35,1.35,1.01,1.03,0.8035304331665313,0.01960784313725492,2,2,4,5,4.5,4,4,15,8,1.25,6.75,2.75,8.25,11.0,6.0,2.75,1.75,4.5,1.0,2.75,2.41,2.4299999999999997,2.42,-2.8876382158231966,0.2077213,4.5
mp-1519374,Eu2ZrFeO6,Eu,Eu,Zr,Fe,-2.9746476110000017,0.18832787149999675,0.0,18.0000007,133.6963769879681,6.793781040327869,Fm-3m,225,1.5,1.5,1.33,1.83,3.44,1.58,1.17,1.17,0.72,0.61,0.880031199830231,0.16541353383458643,3,3,4,8,6.0,6,4,8,6,2.0,4.0,2.0,4.0,6.0,1.0,2.0,4.0,6.0,2.0,2.57,2.12,2.01,2.065,-2.9508940232307705,18.0000007,18.0000007
mp-1519439,Ba2PrWO6,Ba,Ba,Pr,W,-3.0311869164166665,0.0040823551458242235,1.8049,4.0000013,661.222590205281,6.98545783269315,Pn-3,201,0.89,0.89,1.13,1.7,3.44,1.415,1.35,1.35,0.99,0.66,0.8739522014665195,0.39999999999999997,2,2,4,6,5.0,4,4,6,8,3.5,4.5,0.5,1.5,2.0,3.0,0.5,1.5,2.0,1.0,2.75,2.3899999999999997,2.06,2.2249999999999996,-3.040479262362634,4.0000013,4.0000013
mp-1519447,Sr2VSnO6,Sr,Sr,V,Sn,-2.6894611535000004,0.09439728912499845,0.0,0.9999998,129.19476249956895,5.666728037574561,Fm-3m,225,0.95,0.95,1.63,1.96,3.44,1.795,1.18,1.18,0.79,0.69,0.8524932221781742,0.13513513513513525,2,2,5,4,4.5,4,5,14,8,1.75,6.25,3.25,7.75,11.0,6.0,3.25,2.25,5.5,1.0,2.58,2.19,2.09,2.1399999999999997,-2.6854379603825436,0.9999998,5.5
mp-1519474,Ba2SmSbO6,Ba,Ba,Sm,Sb,-3.0393160507500006,0.0014060407499991712,3.5598,0.0,641.7678001955009,6.652532964229066,Pn-3,201,0.89,0.89,1.17,2.05,3.44,1.6099999999999999,1.35,1.35,0.958,0.76,0.8607984277392677,0.2305005820721769,2,2,4,5,4.5,4,4,15,8,1.25,6.75,2.75,8.25,11.0,6.0,2.75,1.75,4.5,1.0,2.75,2.3579999999999997,2.16,2.259,-3.0336502933190777,0.0,4.5
mp-1519488,Ca2VSbO6,Ca,Ca,V,Sb,-2.4203118859999995,0.32523657800892014,0.0,0.0004705,131.35647995856877,4.410026292405395,Fm-3m,225,1.0,1.0,1.63,2.05,3.44,1.8399999999999999,1.0,1.0,0.79,0.76,0.7802557585506731,0.038709677419354875,2,2,5,5,5.0,4,5,15,8,1.5,6.5,3.5,8.5,12.0,7.0,3.5,1.5,5.0,2.0,2.4,2.19,2.16,2.175,-2.4254899854740812,0.0004705,5.0
mp-1519506,PrMg(BiO3)2,Bi,Bi,Pr,Mg,-1.6637454716666675,0.7467456229687572,0.0,0.9999999,150.61504127741347,7.487884747714511,Fm-3m,225,1.9,1.9,1.13,1.31,3.44,1.22,1.03,1.03,0.99,0.72,0.7619820302808471,0.31578947368421056,3,3,4,4,4.0,6,4,4,6,3.0,3.0,1.0,1.0,2.0,3.0,1.0,1.0,2.0,0.0,2.4299999999999997,2.3899999999999997,2.12,2.255,-1.652011595637162,0.9999999,2.0
mp-1519522,Sr2NdFeO6,Sr,Sr,Nd,Fe,-2.583409728750001,0.12825513237500807,0.23720000000000008,3.0,143.21280514694627,5.464950700415053,Fm-3m,225,0.95,0.95,1.14,1.83,3.44,1.4849999999999999,1.18,1.18,0.983,0.61,0.8305647600552208,0.46829880728185813,2,2,4,8,6.0,4,4,8,8,3.0,5.0,1.0,3.0,4.0,1.0,1.0,3.0,4.0,2.0,2.58,2.383,2.01,2.1965,-2.5929078018824514,3.0,4.0
mp-1519555,Sr2CeZrO6,Sr,Sr,Ce,Zr,-3.5937919167500008,0.04836055799999528,2.3352999999999997,0.0,621.4842687263293,5.371320172125924,Pn-3,201,0.95,0.95,1.12,1.33,3.44,1.225,1.18,1.18,1.01,0.72,0.805446134861498,0.33526011560693647,2,2,4,4,4.0,4,4,4,8,4.0,4.0,0.0,0.0,0.0,5.0,0.0,0.0,0.0,0.0,2.58,2.41,2.12,2.265,-3.5763659708008557,0.0,0.0
mp-1519537,BaSrCe2O6,Ce,Ce,Ba,Sr,-3.590532670999999,0.015708766000004815,2.1796999999999995,4e-07,338.19322636983514,5.903579144319899,P2_1/m,11,1.12,1.12,0.89,0.95,3.44,0.9199999999999999,1.01,1.01,1.35,1.18,0.639447408127422,0.13438735177865624,3,3,4,4,4.0,6,4,4,6,3.0,3.0,1.0,1.0,2.0,3.0,1.0,1.0,2.0,0.0,2.41,2.75,2.58,2.665,-3.617452264604934,4e-07,2.0
mp-1519532,Ba2CrBiO6,Ba,Ba,Cr,Bi,-2.340303777,0.08904648387499048,0.03929999999999989,2.9999998,146.23330524165553,7.172382123877867,Fm-3m,225,0.89,0.89,1.66,1.9,3.44,1.7799999999999998,1.35,1.35,0.73,1.03,0.8528700211679849,0.34090909090909094,2,2,6,5,5.5,4,6,15,8,1.75,6.25,4.25,8.75,13.0,8.0,4.25,1.25,5.5,3.0,2.75,2.13,2.4299999999999997,2.28,-2.3377761854090715,2.9999998,5.5
mp-1519538,Ba2PrZrO6,Ba,Ba,Pr,Zr,-3.2813565761666665,0.08819800493751018,0.0,4.0000053,694.1371835121477,5.7679845877391855,Pn-3,201,0.89,0.89,1.13,1.33,3.44,1.23,1.35,1.35,0.99,0.72,0.8623253429104237,0.31578947368421056,2,2,4,4,4.0,4,4,4,8,4.0,4.0,0.0,0.0,0.0,5.0,0.0,0.0,0.0,0.0,2.75,2.3899999999999997,2.12,2.255,-3.242577996185501,4.0000053,4.0000053
mp-1519550,Sr2NiBiO6,Sr,Sr,Ni,Bi,-1.9539047860000012,0.09845425249999806,0.0,1.0000042,135.94710312882984,6.582570876052131,Fm-3m,225,0.95,0.95,1.91,1.9,3.44,1.9049999999999998,1.18,1.18,0.69,1.03,0.8072280953368551,0.3953488372093024,2,2,10,5,7.5,4,10,15,8,2.75,5.25,7.25,9.75,17.0,12.0,2.75,0.25,3.0,2.5,2.58,2.09,2.4299999999999997,2.26,-1.9739114124921127,1.0000042,3.0
mp-1519559,Ba2PrZrO6,Ba,Ba,Pr,Zr,-3.262667391166667,0.10688718993750967,0.0,1.0,174.93868919826485,5.72167968478534,Fm-3m,225,0.89,0.89,1.13,1.33,3.44,1.23,1.35,1.35,0.99,0.72,0.8623253429104237,0.31578947368421056,2,2,4,4,4.0,4,4,4,8,4.0,4.0,0.0,0.0,0.0,5.0,0.0,0.0,0.0,0.0,2.75,2.3899999999999997,2.12,2.255,-3.276222290577164,1.0,1.0
mp-1519577,Sr2EuWO6,Sr,Sr,Eu,W,-2.8843723175,0.14457014749999963,0.0,6.9999999,159.71603496121847,6.311290540474446,Fm-3m,225,0.95,0.95,1.5,1.7,3.44,1.6,1.18,1.18,1.17,0.66,0.7880498900480746,0.5573770491803277,2,2,4,6,5.0,4,4,6,8,3.5,4.5,0.5,1.5,2.0,3.0,0.5,1.5,2.0,1.0,2.58,2.57,2.06,2.315,-2.8740941605068215,6.9999999,6.9999999
mp-1519628,Sr2CoBiO6,Sr,Sr,Co,Bi,-1.980132194,0.16138667158697917,0.0,0.0,131.9081803671204,6.787142603391419,Fm-3m,225,0.95,0.95,1.88,1.9,3.44,1.89,1.18,1.18,0.65,1.03,0.8144354890452199,0.45238095238095233,2,2,9,5,7.0,4,9,15,8,2.5,5.5,6.5,9.5,16.0,11.0,3.5,0.5,4.0,3.0,2.58,2.05,2.4299999999999997,2.2399999999999998,-1.9765405583612081,0.0,4.0
mp-1519613,Ba2EuVO6,Ba,Ba,Eu,V,-2.935080830500001,0.17086800350000253,0.0,6.0000002,149.91801114010582,6.352885640068266,Fm-3m,225,0.89,0.89,1.5,1.63,3.44,1.565,1.35,1.35,1.17,0.79,0.8170351463289939,0.3877551020408162,2,2,4,5,4.5,4,4,5,8,3.75,4.25,0.25,0.75,1.0,4.0,0.25,0.75,1.0,0.5,2.75,2.57,2.19,2.38,-2.9280682285145296,6.0000002,6.0000002
mp-1519604,Sr2EuWO6,Sr,Sr,Eu,W,-2.9907515225000005,0.038190942499998215,0.008399999999999963,13.9999998,301.1630126175221,6.694144090615837,P2_1/c,14,0.95,0.95,1.5,1.7,3.44,1.6,1.18,1.18,1.17,0.66,0.7880498900480746,0.5573770491803277,2,2,4,6,5.0,4,4,6,8,3.5,4.5,0.5,1.5,2.0,3.0,0.5,1.5,2.0,1.0,2.58,2.57,2.06,2.315,-2.980967779897047,13.9999998,13.9999998
mp-1519635,Sr2EuWO6,Sr,Sr,Eu,W,-2.945197097000001,0.0837453679999971,0.0,27.8838142,635.3420466709355,6.346277920025072,Pn-3,201,0.95,0.95,1.5,1.7,3.44,1.6,1.18,1.18,1.17,0.66,0.7880498900480746,0.5573770491803277,2,2,4,6,5.0,4,4,6,8,3.5,4.5,0.5,1.5,2.0,3.0,0.5,1.5,2.0,1.0,2.58,2.57,2.06,2.315,-2.932502667628766,27.8838142,27.8838142
mp-1519670,Sr2DyWO6,Sr,Sr,Dy,W,-3.037937008166666,0.13290435370833542,0.0,1.0,148.3678966115733,6.911938253918546,Fm-3m,225,0.95,0.95,1.22,1.7,3.44,1.46,1.18,1.18,1.07,0.66,0.805446134861498,0.4739884393063584,2,2,4,6,5.0,4,4,6,8,3.5,4.5,0.5,1.5,2.0,3.0,0.5,1.5,2.0,1.0,2.58,2.4699999999999998,2.06,2.2649999999999997,-3.0157430113275416,1.0,2.0
mp-1519666,Sr2CeZrO6,Sr,Sr,Ce,Zr,-3.5179042360000006,0.12424823874999547,2.4785,0.0,160.5688958530415,5.197443395768093,Fm-3m,225,0.95,0.95,1.12,1.33,3.44,1.225,1.18,1.18,1.01,0.72,0.805446134861498,0.33526011560693647,2,2,4,4,4.0,4,4,4,8,4.0,4.0,0.0,0.0,0.0,5.0,0.0,0.0,0.0,0.0,2.58,2.41,2.12,2.265,-3.5097078628614304,0.0,0.0
mp-1519726,Ba2CrBiO6,Ba,Ba,Cr,Bi,-2.3164617124999993,0.11288854837499063,0.0,10.1675265,594.4625363728004,7.057407861766915,Pn-3,201,0.89,0.89,1.66,1.9,3.44,1.7799999999999998,1.35,1.35,0.73,1.03,0.8528700211679849,0.34090909090909094,2,2,6,5,5.5,4,6,15,8,1.75,6.25,4.25,8.75,13.0,8.0,4.25,1.25,5.5,3.0,2.75,2.13,2.4299999999999997,2.28,-2.32128686559237,10.1675265,10.1675265
mp-1519705,PrMg(BiO3)2,Bi,Bi,Pr,Mg,-1.9708165196666676,0.43967457496875717,0.0,1.9999976,293.651796608151,7.6811249471935374,P4/mnc,128,1.9,1.9,1.13,1.31,3.44,1.22,1.03,1.03,0.99,0.72,0.7619820302808471,0.31578947368421056,3,3,4,4,4.0,6,4,4,6,3.0,3.0,1.0,1.0,2.0,3.0,1.0,1.0,2.0,0.0,2.4299999999999997,2.3899999999999997,2.12,2.255,-1.957365045642613,1.9999976,2.0
mp-1519716,PrMg(BiO3)2,Bi,Bi,Pr,Mg,-2.084595122416668,0.3258959722187562,0.0,3.9153466,600.4640737117647,7.512776332386523,Pn-3,201,1.9,1.9,1.13,1.31,3.44,1.22,1.03,1.03,0.99,0.72,0.7619820302808471,0.31578947368421056,3,3,4,4,4.0,6,4,4,6,3.0,3.0,1.0,1.0,2.0,3.0,1.0,1.0,2.0,0.0,2.4299999999999997,2.3899999999999997,2.12,2.255,-2.046597483718764,3.9153466,3.9153466
mp-1519697,PrMg(BiO3)2,Bi,Bi,Pr,Mg,-1.977847311666666,0.4326437829687588,0.0,1.0008332,142.62773487200752,7.907214339269986,I4/m,87,1.9,1.9,1.13,1.31,3.44,1.22,1.03,1.03,0.99,0.72,0.7619820302808471,0.31578947368421056,3,3,4,4,4.0,6,4,4,6,3.0,3.0,1.0,1.0,2.0,3.0,1.0,1.0,2.0,0.0,2.4299999999999997,2.3899999999999997,2.12,2.255,-1.9804999865943174,1.0008332,2.0
mp-1519751,BaSrCe2O6,Ce,Ce,Ba,Sr,-3.5525533430000005,0.05368809400000352,2.2035,7e-07,172.11905686607372,5.799911161204939,Cmmm,65,1.12,1.12,0.89,0.95,3.44,0.9199999999999999,1.01,1.01,1.35,1.18,0.639447408127422,0.13438735177865624,3,3,4,4,4.0,6,4,4,6,3.0,3.0,1.0,1.0,2.0,3.0,1.0,1.0,2.0,0.0,2.41,2.75,2.58,2.665,-3.572043929093413,7e-07,2.0
mp-1519731,BaSrCe2O6,Ce,Ce,Ba,Sr,-3.4976397290000003,0.10860170800000368,2.2855999999999996,4.3e-06,177.12090424902897,5.636123207512822,P4/mmm,123,1.12,1.12,0.89,0.95,3.44,0.9199999999999999,1.01,1.01,1.35,1.18,0.639447408127422,0.13438735177865624,3,3,4,4,4.0,6,4,4,6,3.0,3.0,1.0,1.0,2.0,3.0,1.0,1.0,2.0,0.0,2.41,2.75,2.58,2.665,-3.475498115614261,4.3e-06,2.0
mp-1519753,Sr2HfZrO6,Sr,Sr,Hf,Zr,-3.6929441579999995,0.04406771825,3.4242,0.0,145.0033187531679,6.194818720507917,Fm-3m,225,0.95,0.95,1.3,1.33,3.44,1.315,1.18,1.18,0.71,0.72,0.8625699742133772,0.013986013986014,2,2,4,4,4.0,4,4,4,8,4.0,4.0,0.0,0.0,0.0,5.0,0.0,0.0,0.0,0.0,2.58,2.11,2.12,2.115,-3.6953517812790717,0.0,0.0
mp-1519771,Sr2TbTiO6,Sr,Sr,Tb,Ti,-3.2980784549999997,0.12365573243751271,0.0,0.9999999,146.10900298582754,5.43283027890477,Fm-3m,225,0.95,0.95,1.5,1.54,3.44,1.52,1.18,1.18,0.9230000000000002,0.86,0.7961315712246531,0.07066741446999457,2,2,4,4,4.0,4,4,4,8,4.0,4.0,0.0,0.0,0.0,5.0,0.0,0.0,0.0,0.0,2.58,2.323,2.26,2.2915,-3.3415318459202803,0.9999999,0.9999999
mp-1519834,Ca2DyFeO6,Ca,Ca,Dy,Fe,-2.5923118231666655,0.1861876115000003,0.36830000000000007,3.0000008,130.02744845666766,5.03800046115393,Fm-3m,225,1.0,1.0,1.22,1.83,3.44,1.525,1.0,1.0,1.07,0.61,0.757614408414158,0.5476190476190477,2,2,4,8,6.0,4,4,8,8,3.0,5.0,1.0,3.0,4.0,1.0,1.0,3.0,4.0,2.0,2.4,2.4699999999999998,2.01,2.2399999999999998,-2.575363389623657,3.0000008,4.0
mp-1519896,Sr2PrSbO6,Sr,Sr,Pr,Sb,-2.978839951916666,0.0,3.4762999999999997,0.0,620.9575073068017,5.710977151559471,Pn-3,201,0.95,0.95,1.13,2.05,3.44,1.5899999999999999,1.18,1.18,0.99,0.76,0.801905712290678,0.26285714285714284,2,2,4,5,4.5,4,4,15,8,1.25,6.75,2.75,8.25,11.0,6.0,2.75,1.75,4.5,1.0,2.58,2.3899999999999997,2.16,2.275,-2.9895465156357446,0.0,4.5
mp-1519872,TbEu2NbO6,Eu,Eu,Tb,Nb,-3.3325834886666668,0.1153620506875015,0.2766000000000002,14.0000004,150.7535940911556,7.179042886491264,Fm-3m,225,1.5,1.5,1.5,1.6,3.44,1.55,1.17,1.17,0.9230000000000002,0.72,0.8180348537697173,0.24710894704808295,3,3,4,5,4.5,6,4,5,6,2.75,3.25,1.25,1.75,3.0,2.0,1.25,1.75,3.0,0.5,2.57,2.323,2.12,2.2215,-3.3343941543127498,14.0000004,14.0000004
mp-1519934,Ba2GdWO6,Ba,Ba,Gd,W,-3.04947457975,0.02961674429166017,0.0,23.9999978,631.4531973154772,7.486684657886236,Pn-3,201,0.89,0.89,1.2,1.7,3.44,1.45,1.35,1.35,0.938,0.66,0.8842854244033678,0.34793491864831033,2,2,4,6,5.0,4,4,6,8,3.5,4.5,0.5,1.5,2.0,3.0,0.5,1.5,2.0,1.0,2.75,2.338,2.06,2.199,-3.04283497313862,23.9999978,23.9999978
mp-1519938,Ba2PrVO6,Ba,Ba,Pr,V,-3.058658729166667,0.1190892285000027,1.6605000000000003,0.0,155.26425093698788,6.015888869383028,Fm-3m,225,0.89,0.89,1.13,1.63,3.44,1.38,1.35,1.35,0.99,0.79,0.8491456979314435,0.22471910112359544,2,2,4,5,4.5,4,4,5,8,3.75,4.25,0.25,0.75,1.0,4.0,0.25,0.75,1.0,0.5,2.75,2.3899999999999997,2.19,2.29,-3.0548487355710856,0.0,1.0
mp-1519936,Ba2TbCeO6,Ba,Ba,Tb,Ce,-3.3333797746666662,0.06910064187500176,0.0,1.0,175.7137719577827,6.328754443195198,Fm-3m,225,0.89,0.89,1.5,1.12,3.44,1.31,1.35,1.35,0.9230000000000002,1.01,0.8216960271552949,0.09001551991722695,2,2,4,4,4.0,4,4,4,8,4.0,4.0,0.0,0.0,0.0,5.0,0.0,0.0,0.0,0.0,2.75,2.323,2.41,2.3665000000000003,-3.3191907383238854,1.0,1.0
mp-1519983,Eu2YNbO6,Eu,Eu,Y,Nb,-3.3331864490000016,0.10768180268751415,0.2671000000000001,14.0000004,149.84218197636812,6.4467587777733195,Fm-3m,225,1.5,1.5,1.22,1.6,3.44,1.4100000000000001,1.17,1.17,0.9,0.72,0.8222915962214602,0.22222222222222227,3,3,3,5,4.0,6,3,5,6,2.5,3.5,0.5,1.5,2.0,3.0,0.5,1.5,2.0,1.0,2.57,2.3,2.12,2.21,-3.3418961764113986,14.0000004,14.0000004
mp-1519973,Ba2GdWO6,Ba,Ba,Gd,W,-3.0421188810000004,0.03697244304165892,0.0,6.0000002,157.64454300826543,7.497073597192524,Fm-3m,225,0.89,0.89,1.2,1.7,3.44,1.45,1.35,1.35,0.938,0.66,0.8842854244033678,0.34793491864831033,2,2,4,6,5.0,4,4,6,8,3.5,4.5,0.5,1.5,2.0,3.0,0.5,1.5,2.0,1.0,2.75,2.338,2.06,2.199,-3.031856765036479,6.0000002,6.0000002
mp-1520000,Eu2TiSbO6,Eu,Eu,Ti,Sb,-2.8621603043333352,0.21632819724999663,0.0,13.8477195,134.4486985583684,7.034373419743421,Fm-3m,225,1.5,1.5,1.54,2.05,3.44,1.795,1.17,1.17,0.86,0.76,0.8222915962214602,0.12345679012345676,3,3,4,5,4.5,6,4,15,6,0.25,5.75,3.75,9.25,13.0,8.0,3.75,0.75,4.5,3.0,2.57,2.26,2.16,2.21,-2.8673512378850137,13.8477195,13.8477195
mp-1520056,Ba2TbCeO6,Ba,Ba,Tb,Ce,-3.358507361166666,0.043973055375001735,0.0,4.0000046,697.3652317780978,6.378576185526038,Pn-3,201,0.89,0.89,1.5,1.12,3.44,1.31,1.35,1.35,0.9230000000000002,1.01,0.8216960271552949,0.09001551991722695,2,2,4,4,4.0,4,4,4,8,4.0,4.0,0.0,0.0,0.0,5.0,0.0,0.0,0.0,0.0,2.75,2.323,2.41,2.3665000000000003,-3.3437311515489156,4.0000046,4.0000046
mp-1520076,Ca2TbNiO6,Ca,Ca,Tb,Ni,-2.357294276666667,0.2125715339999994,0.0,0.9999855,128.5879619681567,5.085020158811455,Fm-3m,225,1.0,1.0,1.5,1.91,3.44,1.705,1.0,1.0,0.9230000000000002,0.69,0.7691168252199021,0.28890266584004987,2,2,4,10,7.0,4,4,10,8,2.5,5.5,1.5,4.5,6.0,1.0,1.5,4.5,6.0,3.0,2.4,2.323,2.09,2.2065,-2.344986926986406,0.9999855,6.0
mp-1520081,Sr2PrSbO6,Sr,Sr,Pr,Sb,-2.9200014761666666,0.05883847574999912,3.3198,0.0,159.0880783726245,5.572815657519285,Fm-3m,225,0.95,0.95,1.13,2.05,3.44,1.5899999999999999,1.18,1.18,0.99,0.76,0.801905712290678,0.26285714285714284,2,2,4,5,4.5,4,4,15,8,1.25,6.75,2.75,8.25,11.0,6.0,2.75,1.75,4.5,1.0,2.58,2.3899999999999997,2.16,2.275,-2.9387102502075586,0.0,4.5
mp-1520074,Ba2PrVO6,Ba,Ba,Pr,V,-3.054679460666667,0.123068497000002,1.6409999999999996,0.0,622.9748987480938,5.997368310678035,Pn-3,201,0.89,0.89,1.13,1.63,3.44,1.38,1.35,1.35,0.99,0.79,0.8491456979314435,0.22471910112359544,2,2,4,5,4.5,4,4,5,8,3.75,4.25,0.25,0.75,1.0,4.0,0.25,0.75,1.0,0.5,2.75,2.3899999999999997,2.19,2.29,-3.0329598183431665,0.0,1.0
mp-1520112,TbEu2VO6,Eu,Eu,Tb,V,-3.119511784666668,0.24888887150000016,0.0,14.0036146,139.66687839460008,7.249980855516221,Fm-3m,225,1.5,1.5,1.5,1.63,3.44,1.565,1.17,1.17,0.9230000000000002,0.79,0.8053465223352214,0.15528312901342686,3,3,4,5,4.5,6,4,5,6,2.75,3.25,1.25,1.75,3.0,2.0,1.25,1.75,3.0,0.5,2.57,2.323,2.19,2.2565,-3.1302310535689486,14.0036146,14.0036146
mp-1520156,Ba2MnSnO6,Ba,Ba,Mn,Sn,-2.4543368092931046,0.08436976383332961,0.0,3.0,136.47580481890176,6.622630540807215,Fm-3m,225,0.89,0.89,1.55,1.96,3.44,1.755,1.35,1.35,0.67,0.69,0.9348767539725988,0.029411764705882217,2,2,7,4,5.5,4,7,14,8,2.25,5.75,4.75,8.25,13.0,8.0,4.75,1.75,6.5,3.0,2.75,2.07,2.09,2.08,-2.4381756533274817,3.0,6.5
mp-1520146,Ba2PrTiO6,Ba,Ba,Pr,Ti,-3.2180900494999998,0.10926502009374683,0.0,0.9999999,162.11571046447114,5.73014884859731,Fm-3m,225,0.89,0.89,1.13,1.54,3.44,1.335,1.35,1.35,0.99,0.86,0.8363628594679593,0.14054054054054055,2,2,4,4,4.0,4,4,4,8,4.0,4.0,0.0,0.0,0.0,5.0,0.0,0.0,0.0,0.0,2.75,2.3899999999999997,2.26,2.3249999999999997,-3.210744303231973,0.9999999,0.9999999
mp-1520180,Sr2TiSbO6,Sr,Sr,Ti,Sb,-2.9135366723333336,0.12099626260002339,0.0,1.7e-06,135.278921007752,5.411566667618194,Fm-3m,225,0.95,0.95,1.54,2.05,3.44,1.795,1.18,1.18,0.86,0.76,0.8254911744168745,0.12345679012345676,2,2,4,5,4.5,4,4,15,8,1.25,6.75,2.75,8.25,11.0,6.0,2.75,1.75,4.5,1.0,2.58,2.26,2.16,2.21,-2.8767729987974313,1.7e-06,4.5
mp-1520203,CeEu2WO6,Eu,Eu,Ce,W,-3.0109684872500027,0.19527062899999947,0.0,35.9079835,610.6181808843847,7.874195188125466,Pn-3,201,1.5,1.5,1.12,1.7,3.44,1.4100000000000001,1.17,1.17,1.01,0.66,0.8130937036462761,0.41916167664670656,3,3,4,6,5.0,6,4,6,6,2.5,3.5,1.5,2.5,4.0,1.0,1.5,2.5,4.0,1.0,2.57,2.41,2.06,2.2350000000000003,-3.01543780689744,35.9079835,35.9079835
mp-1520172,Ba2CaCrO6,Ba,Ba,Ca,Cr,-2.605433114,0.10257251799999789,0.6019999999999999,0.0,143.3476485879613,5.360200309982638,Fm-3m,225,0.89,0.89,1.0,1.66,3.44,1.33,1.35,1.35,1.0,0.73,0.8585181670035346,0.31213872832369943,2,2,4,6,5.0,4,4,6,8,3.5,4.5,0.5,1.5,2.0,3.0,0.5,1.5,2.0,1.0,2.75,2.4,2.13,2.2649999999999997,-2.6124194499223643,0.0,2.0
mp-1520195,Sr2GdVO6,Sr,Sr,Gd,V,-3.1108784739999997,0.13208536974999063,1.4759000000000002,7.0000001,141.1350645140224,5.6407581023295155,Fm-3m,225,0.95,0.95,1.2,1.63,3.44,1.415,1.18,1.18,0.938,0.79,0.8058018972885569,0.1712962962962962,2,2,4,5,4.5,4,4,5,8,3.75,4.25,0.25,0.75,1.0,4.0,0.25,0.75,1.0,0.5,2.58,2.338,2.19,2.2640000000000002,-3.1112668661177545,7.0000001,7.0000001
mp-1520209,Sr2EuNbO6,Sr,Sr,Eu,Nb,-3.207159169500001,0.11914002449999828,0.0,23.9999996,604.3807951463845,5.6720231933704985,Pn-3,201,0.95,0.95,1.5,1.6,3.44,1.55,1.18,1.18,1.17,0.72,0.7779682283417027,0.47619047619047616,2,2,4,5,4.5,4,4,5,8,3.75,4.25,0.25,0.75,1.0,4.0,0.25,0.75,1.0,0.5,2.58,2.57,2.12,2.3449999999999998,-3.2132227651566865,23.9999996,23.9999996
mp-1520277,Sr2EuNbO6,Sr,Sr,Eu,Nb,-3.140314507500001,0.18598468649999944,0.0,6.0000001,154.90750922391265,5.532433361159511,Fm-3m,225,0.95,0.95,1.5,1.6,3.44,1.55,1.18,1.18,1.17,0.72,0.7779682283417027,0.47619047619047616,2,2,4,5,4.5,4,4,5,8,3.75,4.25,0.25,0.75,1.0,4.0,0.25,0.75,1.0,0.5,2.58,2.57,2.12,2.3449999999999998,-3.12431566946116,6.0000001,6.0000001
mp-1520275,Ca2VGaO6,Ca,Ca,V,Ga,-2.746217601250001,0.09804998969444156,1.6738999999999997,2e-07,109.16485163271432,4.514970261893494,Fm-3m,225,1.0,1.0,1.63,1.81,3.44,1.72,1.0,1.0,0.79,0.62,0.8062025058658974,0.2411347517730497,2,2,5,3,4.0,4,5,13,8,2.0,6.0,3.0,7.0,10.0,5.0,3.0,3.0,6.0,0.0,2.4,2.19,2.02,2.105,-2.778543813418733,2e-07,6.0
mp-1520291,Ca2CeNiO6,Ca,Ca,Ce,Ni,-2.5538016679999993,0.1982714386250013,1.4500000000000002,0.0,129.89173841090513,4.7935205569647925,Fm-3m,225,1.0,1.0,1.12,1.91,3.44,1.5150000000000001,1.0,1.0,1.01,0.69,0.7542472332656506,0.3764705882352942,2,2,4,10,7.0,4,4,10,8,2.5,5.5,1.5,4.5,6.0,1.0,1.5,4.5,6.0,3.0,2.4,2.41,2.09,2.25,-2.5748753163829265,0.0,6.0
mp-1520356,Ba2PrTiO6,Ba,Ba,Pr,Ti,-3.2180017409999997,0.10935332859374647,0.0,4.0000015,645.4041178986596,5.757305389882165,Pn-3,201,0.89,0.89,1.13,1.54,3.44,1.335,1.35,1.35,0.99,0.86,0.8363628594679593,0.14054054054054055,2,2,4,4,4.0,4,4,4,8,4.0,4.0,0.0,0.0,0.0,5.0,0.0,0.0,0.0,0.0,2.75,2.3899999999999997,2.26,2.3249999999999997,-3.2393577994315836,4.0000015,4.0000015
mp-1520339,Sr2CaCrO6,Sr,Sr,Ca,Cr,-2.576121714,0.1694954652500016,0.4963000000000002,0.0,135.59455102986294,4.449229521516631,Fm-3m,225,0.95,0.95,1.0,1.66,3.44,1.33,1.18,1.18,1.0,0.73,0.805446134861498,0.31213872832369943,2,2,4,6,5.0,4,4,6,8,3.5,4.5,0.5,1.5,2.0,3.0,0.5,1.5,2.0,1.0,2.58,2.4,2.13,2.2649999999999997,-2.557115562160529,0.0,2.0
mp-1520392,Sr2SmBiO6,Sr,Sr,Sm,Bi,-2.7717566162500007,0.03933861775000036,1.9436,0.0,641.03666207748,6.533775518929641,Pn-3,201,0.95,0.95,1.17,1.9,3.44,1.535,1.18,1.18,0.958,1.03,0.762044902030615,0.07243460764587531,2,2,4,5,4.5,4,4,15,8,1.25,6.75,2.75,8.25,11.0,6.0,2.75,1.75,4.5,1.0,2.58,2.3579999999999997,2.4299999999999997,2.3939999999999997,-2.7375443487983624,0.0,4.5
mp-1520367,CeEu2WO6,Eu,Eu,Ce,W,-2.915188918000003,0.2910501982499998,0.0,16.0000003,153.45494605308224,7.833124420829271,Fm-3m,225,1.5,1.5,1.12,1.7,3.44,1.4100000000000001,1.17,1.17,1.01,0.66,0.8130937036462761,0.41916167664670656,3,3,4,6,5.0,6,4,6,6,2.5,3.5,1.5,2.5,4.0,1.0,1.5,2.5,4.0,1.0,2.57,2.41,2.06,2.2350000000000003,-2.9172779023707522,16.0000003,16.0000003
mp-1520386,Sr2ZrFeO6,Sr,Sr,Zr,Fe,-2.8898307389999998,0.052490123749999285,0.0,4.0000001,133.19404479077755,5.215041412184093,Fm-3m,225,0.95,0.95,1.33,1.83,3.44,1.58,1.18,1.18,0.72,0.61,0.8834554457439674,0.16541353383458643,2,2,4,8,6.0,4,4,8,8,3.0,5.0,1.0,3.0,4.0,1.0,1.0,3.0,4.0,2.0,2.58,2.12,2.01,2.065,-2.8932071734638,4.0000001,4.0000001
mp-1520382,Sr2TiBiO6,Sr,Sr,Ti,Bi,-2.774480701333334,0.13165976199999907,0.0,1.43e-05,144.03825709662695,6.087992171242887,Fm-3m,225,0.95,0.95,1.54,1.9,3.44,1.72,1.18,1.18,0.86,1.03,0.7779682283417027,0.1798941798941799,2,2,4,5,4.5,4,4,15,8,1.25,6.75,2.75,8.25,11.0,6.0,2.75,1.75,4.5,1.0,2.58,2.26,2.4299999999999997,2.3449999999999998,-2.7730796580710706,1.43e-05,4.5
mp-1520422,Ba2SmBiO6,Ba,Ba,Sm,Bi,-2.780479544749999,0.0,2.4961,0.0,665.6043008029156,7.284677949886564,Pn-3,201,0.89,0.89,1.17,1.9,3.44,1.535,1.35,1.35,0.958,1.03,0.8122571630171284,0.07243460764587531,2,2,4,5,4.5,4,4,15,8,1.25,6.75,2.75,8.25,11.0,6.0,2.75,1.75,4.5,1.0,2.75,2.3579999999999997,2.4299999999999997,2.3939999999999997,-2.7572419786978353,0.0,4.5
mp-1520430,Eu2CoWO6,Eu,Eu,Co,W,-2.4780477050000003,0.12552995749999774,0.0,16.2706353,128.70533834687683,8.291998449373722,Fm-3m,225,1.5,1.5,1.88,1.7,3.44,1.79,1.17,1.17,0.65,0.66,0.8843135900970448,0.015267175572519097,3,3,9,6,7.5,6,9,6,6,3.75,2.25,5.25,3.75,9.0,4.0,4.75,3.75,8.5,1.0,2.57,2.05,2.06,2.0549999999999997,-2.4965947676838116,16.2706353,16.2706353
mp-1520458,Ba2YSbO6,Ba,Ba,Y,Sb,-3.07470075375,0.001245110250000181,3.5546999999999995,0.0,619.4831505015379,6.232927199014555,Pn-3,201,0.89,0.89,1.22,2.05,3.44,1.6349999999999998,1.35,1.35,0.9,0.76,0.8719926673825137,0.1686746987951807,2,2,3,5,4.0,4,3,15,8,1.0,7.0,2.0,8.0,10.0,5.0,2.0,2.0,4.0,0.0,2.75,2.3,2.16,2.23,-3.0699333740953043,0.0,4.0
mp-1520435,Ba2SmFeO6,Ba,Ba,Sm,Fe,-2.639739194500001,0.02625229514582994,0.0,2.9999993,149.11714410571452,6.423747816269808,Fm-3m,225,0.89,0.89,1.17,1.83,3.44,1.5,1.35,1.35,0.958,0.61,0.8903588133072369,0.4438775510204081,2,2,4,8,6.0,4,4,8,8,3.0,5.0,1.0,3.0,4.0,1.0,1.0,3.0,4.0,2.0,2.75,2.3579999999999997,2.01,2.1839999999999997,-2.6202352419043526,2.9999993,4.0
mp-1520455,Ba2LaBiO6,Ba,Ba,La,Bi,-2.7599746185000003,0.028196863000000683,1.9851999999999999,0.0,178.5856855846996,6.681148855041681,Fm-3m,225,0.89,0.89,1.1,1.9,3.44,1.5,1.35,1.35,1.032,1.03,0.7998945488535605,0.0019398642095053362,2,2,4,5,4.5,4,3,15,8,1.0,7.0,2.0,8.0,10.0,5.0,2.0,2.0,4.0,0.0,2.75,2.432,2.4299999999999997,2.431,-2.7499527351012034,0.0,4.0
mp-1520448,Sr2TbSeO6,Sr,Sr,Tb,Se,-2.65065377290104,0.18413467868749755,0.0,0.3293521,142.3414340203298,5.939356748304045,Fm-3m,225,0.95,0.95,1.5,2.55,3.44,2.025,1.18,1.18,0.9230000000000002,1.98,0.6397809908684176,0.7282121942817774,2,2,4,4,4.0,4,4,4,8,4.0,4.0,0.0,0.0,0.0,5.0,0.0,0.0,0.0,0.0,2.58,2.323,3.38,2.8514999999999997,-2.6468621405690653,0.3293521,0.3293521
mp-1520462,Eu2ZrTiO6,Eu,Eu,Zr,Ti,-3.537095413333334,0.06226101674999995,0.0034000000000000696,14.0001123,133.11375292200592,6.7239944093077515,Fm-3m,225,1.5,1.5,1.33,1.54,3.44,1.435,1.17,1.17,0.72,0.86,0.8298011085157201,0.17721518987341772,3,3,4,4,4.0,6,4,4,6,3.0,3.0,1.0,1.0,2.0,3.0,1.0,1.0,2.0,0.0,2.57,2.12,2.26,2.19,-3.517074491481991,14.0001123,14.0001123
mp-1520436,Ba2TbBiO6,Ba,Ba,Tb,Bi,-2.815806033666667,0.010778440999999361,1.8106,0.0,166.89084907753883,7.348523591586161,Fm-3m,225,0.89,0.89,1.5,1.9,3.44,1.7,1.35,1.35,0.9230000000000002,1.03,0.8182384381498025,0.1095750128008191,2,2,4,5,4.5,4,4,15,8,1.25,6.75,2.75,8.25,11.0,6.0,2.75,1.75,4.5,1.0,2.75,2.323,2.4299999999999997,2.3765,-2.869870679526652,0.0,4.5
mp-1520500,Sr2CeHfO6,Sr,Sr,Ce,Hf,-3.667068374499999,0.05043714799999677,2.3310999999999997,0.0,610.5647347565774,6.416724019254285,Pn-3,201,0.95,0.95,1.12,1.3,3.44,1.21,1.18,1.18,1.01,0.71,0.8072280953368551,0.34883720930232565,2,2,4,4,4.0,4,4,4,8,4.0,4.0,0.0,0.0,0.0,5.0,0.0,0.0,0.0,0.0,2.58,2.41,2.11,2.26,-3.6535108681093806,0.0,0.0
mp-1520494,SmEu2VO6,Eu,Eu,Sm,V,-3.0460942095000023,0.30135762374999864,0.0,13.9991388,142.09083620768982,7.026203257311527,Fm-3m,225,1.5,1.5,1.17,1.63,3.44,1.4,1.17,1.17,0.958,0.79,0.7991488248238465,0.19221967963386719,3,3,4,5,4.5,6,4,5,6,2.75,3.25,1.25,1.75,3.0,2.0,1.25,1.75,3.0,0.5,2.57,2.3579999999999997,2.19,2.274,-3.059175723162551,13.9991388,13.9991388
mp-1520515,Ba2TbBiO6,Ba,Ba,Tb,Bi,-2.8193329524166666,0.007251522249999809,1.7238000000000002,6e-07,666.1514245289337,7.364099491543589,Pn-3,201,0.89,0.89,1.5,1.9,3.44,1.7,1.35,1.35,0.9230000000000002,1.03,0.8182384381498025,0.1095750128008191,2,2,4,5,4.5,4,4,15,8,1.25,6.75,2.75,8.25,11.0,6.0,2.75,1.75,4.5,1.0,2.75,2.323,2.4299999999999997,2.3765,-2.8559456103537957,6e-07,4.5
mp-1520526,Ba2LaBiO6,Ba,Ba,La,Bi,-2.77462120925,0.013550272250000717,1.7696999999999994,0.0,713.0588110990531,6.693178908662581,Pn-3,201,0.89,0.89,1.1,1.9,3.44,1.5,1.35,1.35,1.032,1.03,0.7998945488535605,0.0019398642095053362,2,2,4,5,4.5,4,3,15,8,1.0,7.0,2.0,8.0,10.0,5.0,2.0,2.0,4.0,0.0,2.75,2.432,2.4299999999999997,2.431,-2.7643971572595007,0.0,4.0
mp-1520510,Ba2SmBiO6,Ba,Ba,Sm,Bi,-2.7725478845000007,0.007931660249998806,1.8538000000000001,0.0,171.05679550263756,7.086407995603278,Fm-3m,225,0.89,0.89,1.17,1.9,3.44,1.535,1.35,1.35,0.958,1.03,0.8122571630171284,0.07243460764587531,2,2,4,5,4.5,4,4,15,8,1.25,6.75,2.75,8.25,11.0,6.0,2.75,1.75,4.5,1.0,2.75,2.3579999999999997,2.4299999999999997,2.3939999999999997,-2.7450747135967415,0.0,4.5
mp-1520511,Sr2HfSnO6,Sr,Sr,Hf,Sn,-3.2062138974999996,0.018647883249999886,3.7826999999999997,0.0,140.22463890291198,6.731419369528751,Fm-3m,225,0.95,0.95,1.3,1.96,3.44,1.63,1.18,1.18,0.71,0.69,0.8687311883149013,0.0285714285714286,2,2,4,4,4.0,4,4,14,8,1.5,6.5,2.5,7.5,10.0,5.0,2.5,2.5,5.0,0.0,2.58,2.11,2.09,2.0999999999999996,-3.2089628677925535,0.0,5.0
mp-1520521,HfTi(SnO3)2,Sn,Sn,Hf,Ti,-2.7210226443333334,0.1892182645000009,1.8075,0.0,132.13708894039243,7.0345548543262915,Fm-3m,225,1.96,1.96,1.3,1.54,3.44,1.42,0.69,0.69,0.71,0.86,0.6763630080914802,0.19108280254777074,2,2,4,4,4.0,4,4,4,8,4.0,4.0,0.0,0.0,0.0,5.0,0.0,0.0,0.0,0.0,2.09,2.11,2.26,2.1849999999999996,-2.7019651533892746,0.0,0.0
mp-1520549,TbEu2SnO6,Eu,Eu,Tb,Sn,-2.9168790561666675,0.3030974718593704,0.0,13.0000004,151.06910319374907,7.4476806482374265,Fm-3m,225,1.5,1.5,1.5,1.96,3.44,1.73,1.17,1.17,0.9230000000000002,0.69,0.8235959336729785,0.28890266584004987,3,3,4,4,4.0,6,4,14,6,0.5,5.5,3.5,8.5,12.0,7.0,3.5,1.5,5.0,2.0,2.57,2.323,2.09,2.2065,-2.8846334910068947,13.0000004,13.0000004
mp-1520554,BaTb2DyO6,Tb,Tb,Ba,Dy,-3.407552780999999,0.19681597231249892,0.0,1.9074756,651.6339817333873,7.274536066237195,P4_2/mmc,131,1.5,1.5,0.89,1.22,3.44,1.055,0.9230000000000002,0.9230000000000002,1.35,1.07,0.6293521274698659,0.23140495867768598,3,3,4,4,4.0,6,4,4,6,3.0,3.0,1.0,1.0,2.0,3.0,1.0,1.0,2.0,0.0,2.323,2.75,2.4699999999999998,2.61,-3.381254491928318,1.9074756,2.0
mp-1520564,Ba2CaSeO6,Ba,Ba,Ca,Se,-2.5497940242343753,0.0,2.01,0.0,143.5908969776417,5.6629405966002,Fm-3m,225,0.89,0.89,1.0,2.55,3.44,1.775,1.35,1.35,1.0,1.98,0.672852473447407,0.6577181208053691,2,2,4,4,4.0,4,4,4,8,4.0,4.0,0.0,0.0,0.0,5.0,0.0,0.0,0.0,0.0,2.75,2.4,3.38,2.8899999999999997,-2.5169947336469476,0.0,0.0
mp-1520551,Ca2MgWO6,Ca,Ca,Mg,W,-2.91797424575,0.06589825774999625,3.2545,0.0,118.5577312994937,5.382532541655526,Fm-3m,225,1.0,1.0,1.31,1.7,3.44,1.505,1.0,1.0,0.72,0.66,0.8119886482524947,0.08695652173913036,2,2,4,6,5.0,4,4,6,8,3.5,4.5,0.5,1.5,2.0,3.0,0.5,1.5,2.0,1.0,2.4,2.12,2.06,2.09,-2.903131695928562,0.0,2.0
mp-1520571,Ba2CaWO6,Ba,Ba,Ca,W,-3.0277438465000004,0.004992724499999213,3.191,0.0,620.6565845699799,6.362965168761108,Pn-3,201,0.89,0.89,1.0,1.7,3.44,1.35,1.35,1.35,1.0,0.66,0.8719926673825137,0.4096385542168674,2,2,4,6,5.0,4,4,6,8,3.5,4.5,0.5,1.5,2.0,3.0,0.5,1.5,2.0,1.0,2.75,2.4,2.06,2.23,-3.0262351737219686,0.0,2.0
mp-1520572,Na2CeWO6,Na,Na,Ce,W,-2.64105161127586,0.08754443550000435,2.1917,0.0,141.39136654208744,5.47203274399508,Fm-3m,225,0.93,0.93,1.12,1.7,3.44,1.4100000000000001,1.02,1.02,1.01,0.66,0.7656368726941588,0.41916167664670656,1,1,4,6,5.0,2,4,6,10,4.5,5.5,0.0,0.5,0.5,4.5,0.0,0.5,0.5,0.5,2.42,2.41,2.06,2.2350000000000003,-2.6730909275138037,0.0,0.5
mp-1520593,BaTb2DyO6,Tb,Tb,Ba,Dy,-3.2469725085,0.3573962448124979,0.0,0.2352503,160.6670265604371,7.376023263121342,Cmmm,65,1.5,1.5,0.89,1.22,3.44,1.055,0.9230000000000002,0.9230000000000002,1.35,1.07,0.6293521274698659,0.23140495867768598,3,3,4,4,4.0,6,4,4,6,3.0,3.0,1.0,1.0,2.0,3.0,1.0,1.0,2.0,0.0,2.323,2.75,2.4699999999999998,2.61,-3.251893758262599,0.2352503,2.0
mp-1520584,BaTb2DyO6,Tb,Tb,Ba,Dy,-3.464246642,0.14012211131249863,0.0,2.0,317.4273714625792,7.466802374766384,P2_1/m,11,1.5,1.5,0.89,1.22,3.44,1.055,0.9230000000000002,0.9230000000000002,1.35,1.07,0.6293521274698659,0.23140495867768598,3,3,4,4,4.0,6,4,4,6,3.0,3.0,1.0,1.0,2.0,3.0,1.0,1.0,2.0,0.0,2.323,2.75,2.4699999999999998,2.61,-3.4811115739063236,2.0,2.0
mp-1520588,Eu2ZrWO6,Eu,Eu,Zr,W,-2.9842597630000016,0.18791182074999746,0.0,11.6227842,141.83151207932892,7.902648662737881,Fm-3m,225,1.5,1.5,1.33,1.7,3.44,1.5150000000000001,1.17,1.17,0.72,0.66,0.8695045108370465,0.08695652173913036,3,3,4,6,5.0,6,4,6,6,2.5,3.5,1.5,2.5,4.0,1.0,1.5,2.5,4.0,1.0,2.57,2.12,2.06,2.09,-2.9408409086500455,11.6227842,11.6227842
mp-1520596,Sr2CeHfO6,Sr,Sr,Ce,Hf,-3.6023779749999987,0.11512754749999665,2.4374000000000002,0.0,157.49477590820976,6.218976750545551,Fm-3m,225,0.95,0.95,1.12,1.3,3.44,1.21,1.18,1.18,1.01,0.71,0.8072280953368551,0.34883720930232565,2,2,4,4,4.0,4,4,4,8,4.0,4.0,0.0,0.0,0.0,5.0,0.0,0.0,0.0,0.0,2.58,2.41,2.11,2.26,-3.6058956912486453,0.0,0.0
mp-1520599,Sr2SmBiO6,Sr,Sr,Sm,Bi,-2.6901447335000013,0.12095050049999934,2.1141000000000005,0.0,165.15582471335102,6.340057422570012,Fm-3m,225,0.95,0.95,1.17,1.9,3.44,1.535,1.18,1.18,0.958,1.03,0.762044902030615,0.07243460764587531,2,2,4,5,4.5,4,4,15,8,1.25,6.75,2.75,8.25,11.0,6.0,2.75,1.75,4.5,1.0,2.58,2.3579999999999997,2.4299999999999997,2.3939999999999997,-2.6876806373643114,0.0,4.5
mp-1520585,Eu2VWO6,Eu,Eu,V,W,-2.733905529000002,0.08063484674999977,0.39420000000000055,16.9999997,129.93122752175051,8.11162923899567,Fm-3m,225,1.5,1.5,1.63,1.7,3.44,1.665,1.17,1.17,0.79,0.66,0.8551832600703185,0.1793103448275862,3,3,5,6,5.5,6,5,6,6,2.75,3.25,2.25,2.75,5.0,0.0,2.25,2.75,5.0,0.5,2.57,2.19,2.06,2.125,-2.722875821479193,16.9999997,16.9999997
mp-1520577,Sr2TbWO6,Sr,Sr,Tb,W,-3.0239631246666674,0.14405633062500023,0.0,1.0,149.59046694464985,6.815767843264398,Fm-3m,225,0.95,0.95,1.5,1.7,3.44,1.6,1.18,1.18,0.9230000000000002,0.66,0.8324597287069553,0.332280480101074,2,2,4,6,5.0,4,4,6,8,3.5,4.5,0.5,1.5,2.0,3.0,0.5,1.5,2.0,1.0,2.58,2.323,2.06,2.1915,-3.0230910757392184,1.0,2.0
mp-1520595,Sr2CuWO6,Sr,Sr,Cu,W,-2.4412602199999993,0.07597998899999858,0.0,0.0301035,129.14681505376774,6.668323619583765,Fm-3m,225,0.95,0.95,1.9,1.7,3.44,1.7999999999999998,1.18,1.18,0.77,0.66,0.862569974213377,0.1538461538461538,2,2,11,6,8.5,4,11,6,8,5.25,2.75,5.75,3.25,9.0,4.0,4.25,3.25,7.5,1.0,2.58,2.17,2.06,2.115,-2.4073591991913843,0.0301035,7.5
mp-1520629,Sr2TbBiO6,Sr,Sr,Tb,Bi,-2.746376261666667,0.06813982349999925,2.0184,0.0,160.18455401064674,6.625610797642733,Fm-3m,225,0.95,0.95,1.5,1.9,3.44,1.7,1.18,1.18,0.9230000000000002,1.03,0.7676564256096329,0.1095750128008191,2,2,4,5,4.5,4,4,15,8,1.25,6.75,2.75,8.25,11.0,6.0,2.75,1.75,4.5,1.0,2.58,2.323,2.4299999999999997,2.3765,-2.7588292489013564,0.0,4.5
mp-1520630,Sr2TbGeO6,Sr,Sr,Tb,Ge,-2.9174508491666664,0.11617854668750205,0.0,0.9999995,140.2420032432068,5.953437133584223,Fm-3m,225,0.95,0.95,1.5,2.01,3.44,1.755,1.18,1.18,0.9230000000000002,0.73,0.8193736786262262,0.23351482153660033,2,2,4,4,4.0,4,4,4,8,4.0,4.0,0.0,0.0,0.0,5.0,0.0,0.0,0.0,0.0,2.58,2.323,2.13,2.2264999999999997,-2.9135587000619214,0.9999995,0.9999995
mp-1520624,Ba2YWO6,Ba,Ba,Y,W,-3.12685046075,0.0,1.7928000000000002,4.0000002,619.8072903524679,6.894947036289666,Pn-3,201,0.89,0.89,1.22,1.7,3.44,1.46,1.35,1.35,0.9,0.66,0.8919924992032137,0.30769230769230765,2,2,3,6,4.5,4,3,6,8,3.25,4.75,0.0,1.25,1.25,3.75,0.0,1.25,1.25,1.25,2.75,2.3,2.06,2.1799999999999997,-3.141699872463961,4.0000002,4.0000002
mp-1520641,Sr2TbBiO6,Sr,Sr,Tb,Bi,-2.814516085166666,0.0,2.6815000000000007,0.0,609.2606737059314,6.967923954210697,Pn-3,201,0.95,0.95,1.5,1.9,3.44,1.7,1.18,1.18,0.9230000000000002,1.03,0.7676564256096329,0.1095750128008191,2,2,4,5,4.5,4,4,15,8,1.25,6.75,2.75,8.25,11.0,6.0,2.75,1.75,4.5,1.0,2.58,2.323,2.4299999999999997,2.3765,-2.84091653539108,0.0,4.5
mp-1520655,Ca2GaBiO6,Ca,Ca,Ga,Bi,-2.22423961575,0.16891948445833016,0.0,0.0,131.84390508239974,5.7287883437069835,Fm-3m,225,1.0,1.0,1.81,1.9,3.44,1.855,1.0,1.0,0.62,1.03,0.7627219212798716,0.49696969696969706,2,2,3,5,4.0,4,13,15,8,3.5,4.5,9.5,10.0,19.5,14.5,0.5,0.0,0.5,0.5,2.4,2.02,2.4299999999999997,2.2249999999999996,-2.2364749975681057,0.0,0.5
mp-1520674,Sr2TbWO6,Sr,Sr,Tb,W,-3.128878083166667,0.039141372125001794,2.0089,3.9999999,588.2567970073718,6.932849051279035,Pn-3,201,0.95,0.95,1.5,1.7,3.44,1.6,1.18,1.18,0.9230000000000002,0.66,0.8324597287069553,0.332280480101074,2,2,4,6,5.0,4,4,6,8,3.5,4.5,0.5,1.5,2.0,3.0,0.5,1.5,2.0,1.0,2.58,2.323,2.06,2.1915,-3.1296188191076353,3.9999999,3.9999999
mp-1520688,Sr2CeCrO6,Sr,Sr,Ce,Cr,-3.0068775899999993,0.12773806525000175,0.0,2.0000002,142.3098114121763,5.406572316697248,Fm-3m,225,0.95,0.95,1.12,1.66,3.44,1.3900000000000001,1.18,1.18,1.01,0.73,0.8036720244322875,0.32183908045977017,2,2,4,6,5.0,4,4,6,8,3.5,4.5,0.5,1.5,2.0,3.0,0.5,1.5,2.0,1.0,2.58,2.41,2.13,2.27,-3.0154636344903447,2.0000002,2.0000002
mp-1520691,Eu2HfZrO6,Eu,Eu,Hf,Zr,-3.633371646000002,0.04655686025000172,0.3481000000000005,13.9999999,144.13892122710402,7.7145070587636955,Fm-3m,225,1.5,1.5,1.3,1.33,3.44,1.315,1.17,1.17,0.71,0.72,0.8592266797396819,0.013986013986014,3,3,4,4,4.0,6,4,4,6,3.0,3.0,1.0,1.0,2.0,3.0,1.0,1.0,2.0,0.0,2.57,2.11,2.12,2.115,-3.647220065597479,13.9999999,13.9999999
mp-1520715,Ba2GdBiO6,Ba,Ba,Gd,Bi,-2.7969715697500006,0.0,1.5940999999999996,28.0000017,673.7089537013594,7.264973106350778,Pn-3,201,0.89,0.89,1.2,1.9,3.44,1.5499999999999998,1.35,1.35,0.938,1.03,0.8156642819895158,0.09349593495934967,2,2,4,5,4.5,4,4,15,8,1.25,6.75,2.75,8.25,11.0,6.0,2.75,1.75,4.5,1.0,2.75,2.338,2.4299999999999997,2.384,-2.8250979190234373,28.0000017,28.0000017
mp-1520718,Ba2BiWO6,Ba,Ba,Bi,W,-2.4173104010000004,0.1520981792499887,0.0,1.0,163.4967374771576,7.7541185894105675,Fm-3m,225,0.89,0.89,1.9,1.7,3.44,1.7999999999999998,1.35,1.35,1.03,0.66,0.8661664357518954,0.4378698224852071,2,2,5,6,5.5,4,15,6,8,6.25,1.75,8.75,4.25,13.0,8.0,1.25,4.25,5.5,3.0,2.75,2.4299999999999997,2.06,2.245,-2.4189725124525743,1.0,5.5
mp-1520731,Ba2GdBiO6,Ba,Ba,Gd,Bi,-2.791320897,0.005650672750000751,1.6632000000000002,6.9999999,168.5925840954651,7.257848048904412,Fm-3m,225,0.89,0.89,1.2,1.9,3.44,1.5499999999999998,1.35,1.35,0.938,1.03,0.8156642819895158,0.09349593495934967,2,2,4,5,4.5,4,4,15,8,1.25,6.75,2.75,8.25,11.0,6.0,2.75,1.75,4.5,1.0,2.75,2.338,2.4299999999999997,2.384,-2.82141530448062,6.9999999,6.9999999
mp-1520756,Sr2NbSbO6,Sr,Sr,Nb,Sb,-2.743826389,0.18059080779998915,0.8047000000000004,0.0,152.91921852973746,5.276384208894797,Fm-3m,225,0.95,0.95,1.6,2.05,3.44,1.825,1.18,1.18,0.72,0.76,0.8524932221781742,0.054054054054054106,2,2,5,5,5.0,4,5,15,8,1.5,6.5,3.5,8.5,12.0,7.0,3.5,1.5,5.0,2.0,2.58,2.12,2.16,2.14,-2.728625269726208,0.0,5.0
mp-1520765,Ba2TbZrO6,Ba,Ba,Tb,Zr,-3.376336468666667,0.05644578843751091,0.0,1.0,166.20044057924144,6.202524104376677,Fm-3m,225,0.89,0.89,1.5,1.33,3.44,1.415,1.35,1.35,0.9230000000000002,0.72,0.8753291236835496,0.24710894704808295,2,2,4,4,4.0,4,4,4,8,4.0,4.0,0.0,0.0,0.0,5.0,0.0,0.0,0.0,0.0,2.75,2.323,2.12,2.2215,-3.374687673607977,1.0,1.0
mp-1520823,Sr2YNbO6,Sr,Sr,Y,Nb,-3.3927320609999994,0.0738317189999993,2.8887,0.0,150.55777342522782,4.996785839220065,Fm-3m,225,0.95,0.95,1.22,1.6,3.44,1.4100000000000001,1.18,1.18,0.9,0.72,0.8254911744168745,0.22222222222222227,2,2,3,5,4.0,4,3,5,8,3.5,4.5,0.0,0.5,0.5,4.5,0.0,0.5,0.5,0.5,2.58,2.3,2.12,2.21,-3.421883090989298,0.0,0.5
mp-1520812,Ba2TbZrO6,Ba,Ba,Tb,Zr,-3.382159219916667,0.0506230371875116,0.0,3.9999992,661.9890767866606,6.228877635592678,Pn-3,201,0.89,0.89,1.5,1.33,3.44,1.415,1.35,1.35,0.9230000000000002,0.72,0.8753291236835496,0.24710894704808295,2,2,4,4,4.0,4,4,4,8,4.0,4.0,0.0,0.0,0.0,5.0,0.0,0.0,0.0,0.0,2.75,2.323,2.12,2.2215,-3.388343401457664,3.9999992,3.9999992
mp-1520815,Sr2NbSbO6,Sr,Sr,Nb,Sb,-2.8027262572500007,0.121690939549989,1.1448999999999998,0.0,595.9625117294906,5.415512110285729,Pn-3,201,0.95,0.95,1.6,2.05,3.44,1.825,1.18,1.18,0.72,0.76,0.8524932221781742,0.054054054054054106,2,2,5,5,5.0,4,5,15,8,1.5,6.5,3.5,8.5,12.0,7.0,3.5,1.5,5.0,2.0,2.58,2.12,2.16,2.14,-2.8177693853618124,0.0,5.0
mp-1520885,Ba2BiWO6,Ba,Ba,Bi,W,-2.4907615329999997,0.07864704724998894,1.9603999999999995,4.0000002,652.0884328983368,7.776694248322961,Pn-3,201,0.89,0.89,1.9,1.7,3.44,1.7999999999999998,1.35,1.35,1.03,0.66,0.8661664357518954,0.4378698224852071,2,2,5,6,5.5,4,15,6,8,6.25,1.75,8.75,4.25,13.0,8.0,1.25,4.25,5.5,3.0,2.75,2.4299999999999997,2.06,2.245,-2.484378042791616,4.0000002,5.5
mp-1520897,Sr2CrBiO6,Sr,Sr,Cr,Bi,-2.3416594180000003,0.11313846760937718,0.27269999999999994,3.0000003,137.03271292055814,6.449265249134742,Fm-3m,225,0.95,0.95,1.66,1.9,3.44,1.7799999999999998,1.18,1.18,0.73,1.03,0.8001471471321459,0.34090909090909094,2,2,6,5,5.5,4,6,15,8,1.75,6.25,4.25,8.75,13.0,8.0,4.25,1.25,5.5,3.0,2.58,2.13,2.4299999999999997,2.28,-2.3148504090795377,3.0000003,5.5
mp-1520912,Sr2CeVO6,Sr,Sr,Ce,V,-3.1439569619999994,0.13284921485000112,0.0,0.9999998,143.75255705681462,5.340128189650206,Fm-3m,225,0.95,0.95,1.12,1.63,3.44,1.375,1.18,1.18,1.01,0.79,0.793189345852736,0.2444444444444444,2,2,4,5,4.5,4,4,5,8,3.75,4.25,0.25,0.75,1.0,4.0,0.25,0.75,1.0,0.5,2.58,2.41,2.19,2.3,-3.1814604113929144,0.9999998,1.0
mp-1520931,Sr2InWO6,Sr,Sr,In,W,-2.519313970666667,0.14685220199999804,0.0,0.9999999,140.8074206270991,6.720753154515177,Fm-3m,225,0.95,0.95,1.78,1.7,3.44,1.74,1.18,1.18,0.8,0.66,0.8564955377752548,0.19178082191780824,2,2,3,6,4.5,4,13,6,8,5.75,2.25,7.25,3.75,11.0,6.0,2.75,3.75,6.5,1.0,2.58,2.2,2.06,2.13,-2.5170134490837186,0.9999999,6.5
mp-1520908,Ba2NdVO6,Ba,Ba,Nd,V,-3.0813995617499996,0.11058782862500127,1.6381000000000001,0.0,153.58918263888415,6.1175486536608235,Fm-3m,225,0.89,0.89,1.14,1.63,3.44,1.3849999999999998,1.35,1.35,0.983,0.79,0.8504455054725586,0.21771009588268464,2,2,4,5,4.5,4,4,5,8,3.75,4.25,0.25,0.75,1.0,4.0,0.25,0.75,1.0,0.5,2.75,2.383,2.19,2.2865,-3.0846022176613324,0.0,1.0
mp-1520939,Ba2SmNbO6,Ba,Ba,Sm,Nb,-3.396624508250001,0.0,2.9074999999999998,0.0,645.3543490019397,6.318592567522932,Pn-3,201,0.89,0.89,1.17,1.6,3.44,1.385,1.35,1.35,0.958,0.72,0.8684875606355542,0.2836710369487485,2,2,4,5,4.5,4,4,5,8,3.75,4.25,0.25,0.75,1.0,4.0,0.25,0.75,1.0,0.5,2.75,2.3579999999999997,2.12,2.239,-3.3831977067209915,0.0,1.0
mp-1520930,Eu2ZrCrO6,Eu,Eu,Zr,Cr,-3.1660976540000023,0.10693787075000394,0.0,16.0000008,131.01540279039938,6.884020070234899,Fm-3m,225,1.5,1.5,1.33,1.66,3.44,1.495,1.17,1.17,0.72,0.73,0.8551832600703185,0.013793103448275874,3,3,4,6,5.0,6,4,6,6,2.5,3.5,1.5,2.5,4.0,1.0,1.5,2.5,4.0,1.0,2.57,2.12,2.13,2.125,-3.1618337214352485,16.0000008,16.0000008
mp-1520955,Eu2FeSnO6,Eu,Eu,Fe,Sn,-2.4875989955000017,0.16439341399999918,0.0,18.0000008,129.0243872065366,7.393528530871343,Fm-3m,225,1.5,1.5,1.83,1.96,3.44,1.895,1.17,1.17,0.61,0.69,0.8864704525119156,0.12307692307692303,3,3,8,4,6.0,6,8,14,6,1.5,4.5,6.5,9.5,16.0,11.0,3.5,0.5,4.0,3.0,2.57,2.01,2.09,2.05,-2.502638382134778,18.0000008,18.0000008
mp-1520957,Ba2NdVO6,Ba,Ba,Nd,V,-3.07679323425,0.11519415612500072,1.6267,0.0,614.0701617148425,6.12040353724721,Pn-3,201,0.89,0.89,1.14,1.63,3.44,1.3849999999999998,1.35,1.35,0.983,0.79,0.8504455054725586,0.21771009588268464,2,2,4,5,4.5,4,4,5,8,3.75,4.25,0.25,0.75,1.0,4.0,0.25,0.75,1.0,0.5,2.75,2.383,2.19,2.2865,-3.0831743129633327,0.0,1.0
mp-1520970,Sr2TbCrO6,Sr,Sr,Tb,Cr,-2.858492841666666,0.15520605262500187,0.0,1.0001343,138.53611947939208,5.779301097217236,Fm-3m,225,0.95,0.95,1.5,1.66,3.44,1.58,1.18,1.18,0.9230000000000002,0.73,0.8193736786262262,0.23351482153660033,2,2,4,6,5.0,4,4,6,8,3.5,4.5,0.5,1.5,2.0,3.0,0.5,1.5,2.0,1.0,2.58,2.323,2.13,2.2264999999999997,-2.874413358802736,1.0001343,2.0
mp-1520951,Sr2CuBiO6,Sr,Sr,Cu,Bi,-1.9567732410000005,0.06430827884374324,0.0,2.34e-05,136.36267071785252,6.621602296816262,Fm-3m,225,0.95,0.95,1.9,1.9,3.44,1.9,1.18,1.18,0.77,1.03,0.793189345852736,0.2888888888888889,2,2,11,5,8.0,4,11,15,8,3.0,5.0,8.0,10.0,18.0,13.0,2.0,0.0,2.0,2.0,2.58,2.17,2.4299999999999997,2.3,-1.9352530982280285,2.34e-05,2.0
mp-1520995,Sr2SmSbO6,Sr,Sr,Sm,Sb,-3.033312743750001,0.02508152774999939,3.5285,0.0,603.2813174681592,5.982380056682884,Pn-3,201,0.95,0.95,1.17,2.05,3.44,1.6099999999999999,1.18,1.18,0.958,0.76,0.8075854340244766,0.2305005820721769,2,2,4,5,4.5,4,4,15,8,1.25,6.75,2.75,8.25,11.0,6.0,2.75,1.75,4.5,1.0,2.58,2.3579999999999997,2.16,2.259,-3.0328865107765623,0.0,4.5
mp-1520994,Ba2PrHfO6,Ba,Ba,Pr,Hf,-3.340600360166667,0.1030568554375133,0.0,1.0,172.1865914688154,6.654709502537459,Fm-3m,225,0.89,0.89,1.13,1.3,3.44,1.2149999999999999,1.35,1.35,0.99,0.71,0.8642416214502247,0.3294117647058824,2,2,4,4,4.0,4,4,4,8,4.0,4.0,0.0,0.0,0.0,5.0,0.0,0.0,0.0,0.0,2.75,2.3899999999999997,2.11,2.25,-3.302576546451607,1.0,1.0
mp-1521018,NdEu2NbO6,Eu,Eu,Nd,Nb,-3.3197629370000015,0.08199708651667237,0.07709999999999972,55.9997557,613.718299913663,6.894917365731459,Pn-3,201,1.5,1.5,1.14,1.6,3.44,1.37,1.17,1.17,0.983,0.72,0.8071349889626591,0.30886670581327075,3,3,4,5,4.5,6,4,5,6,2.75,3.25,1.25,1.75,3.0,2.0,1.25,1.75,3.0,0.5,2.57,2.383,2.12,2.2515,-3.320976153276294,55.9997557,55.9997557
mp-1521041,Eu2FeWO6,Eu,Eu,Fe,W,-2.5211265920000017,0.11376869224999453,0.0,17.5696206,128.46506867808608,8.26758906897821,Fm-3m,225,1.5,1.5,1.83,1.7,3.44,1.7650000000000001,1.17,1.17,0.61,0.66,0.8930046327515612,0.07874015748031503,3,3,8,6,7.0,6,8,6,6,3.5,2.5,4.5,3.5,8.0,3.0,4.5,3.5,8.0,1.0,2.57,2.01,2.06,2.035,-2.535294727338211,17.5696206,17.5696206
mp-1521033,Sr2TbZrO6,Sr,Sr,Tb,Zr,-3.3059174436666665,0.1586914616875017,0.0,1.0,160.50084857485737,5.394248164671579,Fm-3m,225,0.95,0.95,1.5,1.33,3.44,1.415,1.18,1.18,0.9230000000000002,0.72,0.8212178687649303,0.24710894704808295,2,2,4,4,4.0,4,4,4,8,4.0,4.0,0.0,0.0,0.0,5.0,0.0,0.0,0.0,0.0,2.58,2.323,2.12,2.2215,-3.336191731518923,1.0,1.0
mp-1521056,Sr2SmSbO6,Sr,Sr,Sm,Sb,-2.9887438155,0.06965045600000064,3.4098,0.0,153.67464656797688,5.871264718664003,Fm-3m,225,0.95,0.95,1.17,2.05,3.44,1.6099999999999999,1.18,1.18,0.958,0.76,0.8075854340244766,0.2305005820721769,2,2,4,5,4.5,4,4,15,8,1.25,6.75,2.75,8.25,11.0,6.0,2.75,1.75,4.5,1.0,2.58,2.3579999999999997,2.16,2.259,-3.0248066090251187,0.0,4.5
mp-1521065,Ba2CeSnO6,Ba,Ba,Ce,Sn,-3.1146230590000004,0.0010660574999734607,2.1136999999999997,0.0,649.1278973705942,6.441073689158408,Pn-3,201,0.89,0.89,1.12,1.96,3.44,1.54,1.35,1.35,1.01,0.69,0.8642416214502247,0.3764705882352942,2,2,4,4,4.0,4,4,14,8,1.5,6.5,2.5,7.5,10.0,5.0,2.5,2.5,5.0,0.0,2.75,2.41,2.09,2.25,-3.14630577786011,0.0,5.0
mp-1521061,Eu2TiNbO6,Eu,Eu,Ti,Nb,-3.3432930493333344,0.00774966550003775,0.0,13.5124513,128.68843310444842,6.976926880752225,Fm-3m,225,1.5,1.5,1.54,1.6,3.44,1.57,1.17,1.17,0.86,0.72,0.8298011085157201,0.17721518987341772,3,3,4,5,4.5,6,4,5,6,2.75,3.25,1.25,1.75,3.0,2.0,1.25,1.75,3.0,0.5,2.57,2.26,2.12,2.19,-3.337950516313105,13.5124513,13.5124513
mp-1521068,Ba2PrHfO6,Ba,Ba,Pr,Hf,-3.355705937416667,0.08795127818751247,0.0,3.9999655,685.76835373414,6.683608190536522,Pn-3,201,0.89,0.89,1.13,1.3,3.44,1.2149999999999999,1.35,1.35,0.99,0.71,0.8642416214502247,0.3294117647058824,2,2,4,4,4.0,4,4,4,8,4.0,4.0,0.0,0.0,0.0,5.0,0.0,0.0,0.0,0.0,2.75,2.3899999999999997,2.11,2.25,-3.345531436952068,3.9999655,3.9999655
mp-1521082,Ba2PrSeO6,Ba,Ba,Pr,Se,-2.5822079134010414,0.1419877168749979,0.0,0.0006294,158.63966416906118,6.181167226138718,Fm-3m,225,0.89,0.89,1.13,2.55,3.44,1.8399999999999999,1.35,1.35,0.99,1.98,0.6740185955850974,0.6666666666666667,2,2,4,4,4.0,4,4,4,8,4.0,4.0,0.0,0.0,0.0,5.0,0.0,0.0,0.0,0.0,2.75,2.3899999999999997,3.38,2.885,-2.613831727441684,0.0006294,0.0006294
mp-1521094,Ba2CeSnO6,Ba,Ba,Ce,Sn,-3.1156891165000005,0.0,2.1443999999999996,0.0,162.30800115493082,6.440040834249154,Fm-3m,225,0.89,0.89,1.12,1.96,3.44,1.54,1.35,1.35,1.01,0.69,0.8642416214502247,0.3764705882352942,2,2,4,4,4.0,4,4,14,8,1.5,6.5,2.5,7.5,10.0,5.0,2.5,2.5,5.0,0.0,2.75,2.41,2.09,2.25,-3.097788350218478,0.0,5.0
mp-1521078,Sr2VInO6,Sr,Sr,V,In,-2.667111297666667,0.11858735374999796,1.7974999999999999,0.0,131.16103964705846,5.532502386840689,Fm-3m,225,0.95,0.95,1.63,1.78,3.44,1.705,1.18,1.18,0.79,0.8,0.8311323441737097,0.012578616352201269,2,2,5,3,4.0,4,5,13,8,2.0,6.0,3.0,7.0,10.0,5.0,3.0,3.0,6.0,0.0,2.58,2.19,2.2,2.1950000000000003,-2.6767725187003357,0.0,6.0
mp-1521087,KNa(BiO3)2,Bi,Bi,K,Na,-1.4632074968629318,0.11321539475000097,0.0,7.2e-06,148.3769607889618,6.446726432592773,Cmmm,65,1.9,1.9,0.82,0.93,3.44,0.875,1.03,1.03,1.38,1.02,0.6608728762628117,0.29999999999999993,3,3,4,4,4.0,6,4,4,6,3.0,3.0,1.0,1.0,2.0,3.0,1.0,1.0,2.0,0.0,2.4299999999999997,2.78,2.42,2.5999999999999996,-1.460271636623221,7.2e-06,2.0
mp-1521114,Ba2TbHfO6,Ba,Ba,Tb,Hf,-3.460192446916667,0.04669244468751366,0.0,3.9999991,652.4763469930308,7.2080518882116635,Pn-3,201,0.89,0.89,1.5,1.3,3.44,1.4,1.35,1.35,0.9230000000000002,0.71,0.8773036987426147,0.2608695652173915,2,2,4,4,4.0,4,4,4,8,4.0,4.0,0.0,0.0,0.0,5.0,0.0,0.0,0.0,0.0,2.75,2.323,2.11,2.2165,-3.4279480343515583,3.9999991,3.9999991
mp-1521124,KNa(BiO3)2,Bi,Bi,K,Na,-1.4892949538629316,0.08712793775000094,0.3114999999999999,0.0,295.33050532342565,6.477797977953131,Pmn2_1,31,1.9,1.9,0.82,0.93,3.44,0.875,1.03,1.03,1.38,1.02,0.6608728762628117,0.29999999999999993,3,3,4,4,4.0,6,4,4,6,3.0,3.0,1.0,1.0,2.0,3.0,1.0,1.0,2.0,0.0,2.4299999999999997,2.78,2.42,2.5999999999999996,-1.471358167545621,0.0,2.0
mp-1521167,Sr2NbSnO6,Sr,Sr,Nb,Sn,-2.8095148845000013,0.15861387331250665,0.0,1.0,139.3293495815036,5.75468060487576,Fm-3m,225,0.95,0.95,1.6,1.96,3.44,1.78,1.18,1.18,0.72,0.69,0.8666676938058397,0.04255319148936174,2,2,5,4,4.5,4,5,14,8,1.75,6.25,3.25,7.75,11.0,6.0,3.25,2.25,5.5,1.0,2.58,2.12,2.09,2.105,-2.814885497458118,1.0,5.5
mp-1521253,Eu2CrSnO6,Eu,Eu,Cr,Sn,-2.6536272505,0.1400000283124978,0.0,16.0000004,128.03899723970662,7.400512809338876,Fm-3m,225,1.5,1.5,1.66,1.96,3.44,1.81,1.17,1.17,0.73,0.69,0.8612627619191597,0.056338028169014134,3,3,6,4,5.0,6,6,14,6,1.0,5.0,5.0,9.0,14.0,9.0,5.0,1.0,6.0,4.0,2.57,2.13,2.09,2.11,-2.671451095008306,16.0000004,16.0000004
mp-1521257,Ba2PrSeO6,Ba,Ba,Pr,Se,-2.589507760401042,0.13468786987499737,0.0,9.7e-06,636.042161444762,6.166750271397619,Pn-3,201,0.89,0.89,1.13,2.55,3.44,1.8399999999999999,1.35,1.35,0.99,1.98,0.6740185955850974,0.6666666666666667,2,2,4,4,4.0,4,4,4,8,4.0,4.0,0.0,0.0,0.0,5.0,0.0,0.0,0.0,0.0,2.75,2.3899999999999997,3.38,2.885,-2.6325440684276282,9.7e-06,9.7e-06
mp-1521272,Ba2TbHfO6,Ba,Ba,Tb,Hf,-3.4595299126666665,0.0473549789375145,0.0,0.9999998,164.2282981392184,7.159368114759525,Fm-3m,225,0.89,0.89,1.5,1.3,3.44,1.4,1.35,1.35,0.9230000000000002,0.71,0.8773036987426147,0.2608695652173915,2,2,4,4,4.0,4,4,4,8,4.0,4.0,0.0,0.0,0.0,5.0,0.0,0.0,0.0,0.0,2.75,2.323,2.11,2.2165,-3.473912979051515,0.9999998,0.9999998
mp-1521261,NdEu2NbO6,Eu,Eu,Nd,Nb,-3.214158502750003,0.1876015207666697,0.6566999999999998,13.9999997,156.25600783409794,6.770198826906326,Fm-3m,225,1.5,1.5,1.14,1.6,3.44,1.37,1.17,1.17,0.983,0.72,0.8071349889626591,0.30886670581327075,3,3,4,5,4.5,6,4,5,6,2.75,3.25,1.25,1.75,3.0,2.0,1.25,1.75,3.0,0.5,2.57,2.383,2.12,2.2515,-3.2183811075265565,13.9999997,13.9999997
mp-1521267,KNa(BiO3)2,Bi,Bi,K,Na,-1.4223160428629313,0.15410684875000147,0.0,0.2185566,154.42612952215944,6.194195749552356,P4/mmm,123,1.9,1.9,0.82,0.93,3.44,0.875,1.03,1.03,1.38,1.02,0.6608728762628117,0.29999999999999993,3,3,4,4,4.0,6,4,4,6,3.0,3.0,1.0,1.0,2.0,3.0,1.0,1.0,2.0,0.0,2.4299999999999997,2.78,2.42,2.5999999999999996,-1.442059633405955,0.2185566,2.0
mp-1521282,Sr2TbZrO6,Sr,Sr,Tb,Zr,-3.374332641166667,0.09027626418750145,0.0,4.0000006,624.0656932864969,5.549296602373503,Pn-3,201,0.95,0.95,1.5,1.33,3.44,1.415,1.18,1.18,0.9230000000000002,0.72,0.8212178687649303,0.24710894704808295,2,2,4,4,4.0,4,4,4,8,4.0,4.0,0.0,0.0,0.0,5.0,0.0,0.0,0.0,0.0,2.58,2.323,2.12,2.2215,-3.3769577805085134,4.0000006,4.0000006
mp-1521309,Sr2SmVO6,Sr,Sr,Sm,V,-3.078556790500001,0.15604222206248863,1.6372,0.0,144.0952018873996,5.445480725364993,Fm-3m,225,0.95,0.95,1.17,1.63,3.44,1.4,1.18,1.18,0.958,0.79,0.8022583533251066,0.19221967963386719,2,2,4,5,4.5,4,4,5,8,3.75,4.25,0.25,0.75,1.0,4.0,0.25,0.75,1.0,0.5,2.58,2.3579999999999997,2.19,2.274,-3.0770197528408256,0.0,1.0
mp-1521392,Ba2SrMnO6,Ba,Ba,Sr,Mn,-2.400711489043104,0.11778468050001933,0.0,3.9999973,635.8797681194807,5.360778663818431,Pn-3,201,0.89,0.89,0.95,1.55,3.44,1.25,1.35,1.35,1.18,0.67,0.8363628594679593,0.5513513513513512,2,2,4,7,5.5,4,4,7,8,3.25,4.75,0.75,2.25,3.0,2.0,0.75,2.25,3.0,1.5,2.75,2.58,2.07,2.325,-2.4052086086792657,3.9999973,3.9999973
mp-1521416,CeEu2ZrO6,Eu,Eu,Ce,Zr,-3.4683082300000008,0.17910904485000145,0.27639999999999976,13.9999997,160.60197688551318,6.52693833131077,Fm-3m,225,1.5,1.5,1.12,1.33,3.44,1.225,1.17,1.17,1.01,0.72,0.8023242506178486,0.33526011560693647,3,3,4,4,4.0,6,4,4,6,3.0,3.0,1.0,1.0,2.0,3.0,1.0,1.0,2.0,0.0,2.57,2.41,2.12,2.265,-3.48130828161647,13.9999997,13.9999997
mp-1521426,Sr2TbNiO6,Sr,Sr,Tb,Ni,-2.4472162266666673,0.10267857081250398,0.0,0.0306809,132.85039693378152,6.110354913146138,Fm-3m,225,0.95,0.95,1.5,1.91,3.44,1.705,1.18,1.18,0.9230000000000002,0.69,0.8268005871113948,0.28890266584004987,2,2,4,10,7.0,4,4,10,8,2.5,5.5,1.5,4.5,6.0,1.0,1.5,4.5,6.0,3.0,2.58,2.323,2.09,2.2065,-2.443843133227333,0.0306809,6.0
mp-1521423,Sr2TbVO6,Sr,Sr,Tb,V,-3.1432366236666667,0.12141954043749159,1.6184000000000003,0.0,139.7136725440421,5.718056996587434,Fm-3m,225,0.95,0.95,1.5,1.63,3.44,1.565,1.18,1.18,0.9230000000000002,0.79,0.8084801663910005,0.15528312901342686,2,2,4,5,4.5,4,4,5,8,3.75,4.25,0.25,0.75,1.0,4.0,0.25,0.75,1.0,0.5,2.58,2.323,2.19,2.2565,-3.1343978106752783,0.0,1.0
mp-1521428,Sr2EuVO6,Sr,Sr,Eu,V,-2.8985133765000013,0.2318906585000473,0.0,5.9999998,142.6403494347289,5.519694478330173,Fm-3m,225,0.95,0.95,1.5,1.63,3.44,1.565,1.18,1.18,1.17,0.79,0.7665275191013834,0.3877551020408162,2,2,4,5,4.5,4,4,5,8,3.75,4.25,0.25,0.75,1.0,4.0,0.25,0.75,1.0,0.5,2.58,2.57,2.19,2.38,-2.920321358048858,5.9999998,5.9999998
mp-1521453,Sr2PrGeO6,Sr,Sr,Pr,Ge,-2.805281211916666,0.16512050793750177,0.0,3.9999812,589.5810379102655,5.461524731986297,Pn-3,201,0.95,0.95,1.13,2.01,3.44,1.5699999999999998,1.18,1.18,0.99,0.73,0.8072280953368551,0.3023255813953489,2,2,4,4,4.0,4,4,4,8,4.0,4.0,0.0,0.0,0.0,5.0,0.0,0.0,0.0,0.0,2.58,2.3899999999999997,2.13,2.26,-2.7770625643217404,3.9999812,3.9999812
mp-1521461,Ba2CrSnO6,Ba,Ba,Cr,Sn,-2.5034371524999997,0.10044754731249839,0.0,2.0000003,137.8321835292371,6.522015362784301,Fm-3m,225,0.89,0.89,1.66,1.96,3.44,1.81,1.35,1.35,0.73,0.69,0.9215846674232254,0.056338028169014134,2,2,6,4,5.0,4,6,14,8,2.0,6.0,4.0,8.0,12.0,7.0,4.0,2.0,6.0,2.0,2.75,2.13,2.09,2.11,-2.505408915145685,2.0000003,6.0
mp-6019,Sr2YNbO6,Sr,Sr,Y,Nb,-3.46656378,0.0,3.1959999999999997,0.0006948,291.23990916869263,5.166221568898578,P2_1/c,14,0.95,0.95,1.22,1.6,3.44,1.4100000000000001,1.18,1.18,0.9,0.72,0.8254911744168745,0.22222222222222227,2,2,3,5,4.0,4,3,5,8,3.5,4.5,0.0,0.5,0.5,4.5,0.0,0.5,0.5,0.5,2.58,2.3,2.12,2.21,-3.466186787541103,0.0006948,0.5
mp-6037,Ba2SmSbO6,Ba,Ba,Sm,Sb,-3.0407220915,0.0,3.6828,2.23e-05,160.31118276746218,6.65795949552417,Fm-3m,225,0.89,0.89,1.17,2.05,3.44,1.6099999999999999,1.35,1.35,0.958,0.76,0.8607984277392677,0.2305005820721769,2,2,4,5,4.5,4,4,15,8,1.25,6.75,2.75,8.25,11.0,6.0,2.75,1.75,4.5,1.0,2.75,2.3579999999999997,2.16,2.259,-3.026557803034869,2.23e-05,4.5
mp-6065,Sr2GaSbO6,Sr,Sr,Ga,Sb,-2.61723140975,0.03898757775000128,0.7322999999999995,0.0,126.9200753918022,6.053917311940468,Fm-3m,225,0.95,0.95,1.81,2.05,3.44,1.93,1.18,1.18,0.62,0.76,0.8728877968714319,0.20289855072463772,2,2,3,5,4.0,4,13,15,8,3.5,4.5,9.5,10.0,19.5,14.5,0.5,0.0,0.5,0.5,2.58,2.02,2.16,2.09,-2.61256708712473,0.0,0.5
mp-6068,Sr2TbRuO6,Sr,Sr,Tb,Ru,-2.8482116766666663,0.0,0.18789999999999996,5.9994161,283.86612732371435,6.215120372708506,P2_1/c,14,0.95,0.95,1.5,2.2,3.44,1.85,1.18,1.18,0.9230000000000002,0.68,0.8286783990285226,0.30318153462258274,2,2,4,8,6.0,4,4,8,8,3.0,5.0,1.0,3.0,4.0,1.0,1.0,3.0,4.0,2.0,2.58,2.323,2.08,2.2015000000000002,-2.829148943988401,5.9994161,5.9994161
mp-6110,Sr2YSbO6,Sr,Sr,Y,Sb,-3.0434140220000003,0.05185218600000052,3.5141,4e-06,148.1414988380859,5.401710660427878,Fm-3m,225,0.95,0.95,1.22,2.05,3.44,1.6349999999999998,1.18,1.18,0.9,0.76,0.8180876661261401,0.1686746987951807,2,2,3,5,4.0,4,3,15,8,1.0,7.0,2.0,8.0,10.0,5.0,2.0,2.0,4.0,0.0,2.58,2.3,2.16,2.23,-3.037671538695964,4e-06,4.0
mp-6122,Ba2NdSbO6,Ba,Ba,Nd,Sb,-3.0134353197500006,0.0,3.7031,4.27e-05,162.7565447672368,6.495506432835607,R-3,148,0.89,0.89,1.14,2.05,3.44,1.5949999999999998,1.35,1.35,0.983,0.76,0.856061478434077,0.25588066551921973,2,2,4,5,4.5,4,4,15,8,1.25,6.75,2.75,8.25,11.0,6.0,2.75,1.75,4.5,1.0,2.75,2.383,2.16,2.2715,-3.025684067242809,4.27e-05,4.5
mp-6135,Ba2PrIrO6,Ba,Ba,Pr,Ir,-2.6720464501666656,0.0,0.0,1.9998783,157.64428931345427,7.413183004253533,Fm-3m,225,0.89,0.89,1.13,2.2,3.44,1.665,1.35,1.35,0.99,0.68,0.8700419007888168,0.37125748502994005,2,2,4,9,6.5,4,4,9,8,2.75,5.25,1.25,3.75,5.0,0.0,1.25,3.75,5.0,2.5,2.75,2.3899999999999997,2.08,2.235,-2.6648163796625437,1.9998783,5.0
mp-6152,La2ZnIrO6,La,La,Zn,Ir,-2.653771361500001,0.030093694942308957,0.0,2.0001825,259.4466988617756,8.082737110077947,P2_1/c,14,1.1,1.1,1.65,2.2,3.44,1.925,1.032,1.032,0.74,0.68,0.8150159676993761,0.08450704225352106,3,3,12,9,10.5,6,12,9,6,3.75,2.25,8.25,6.75,15.0,10.0,1.75,3.25,5.0,1.5,2.432,2.1399999999999997,2.08,2.11,-2.676645885646414,2.0001825,5.0
mp-6145,Ba2LuRuO6,Ba,Ba,Lu,Ru,-2.887728081666667,0.0,0.055600000000000094,2.9999962,145.85184058720668,7.362606387104363,Fm-3m,225,0.89,0.89,1.0,2.2,3.44,1.6,1.35,1.35,0.861,0.68,0.8958966359193761,0.2349123945489941,2,2,4,8,6.0,4,4,8,8,3.0,5.0,1.0,3.0,4.0,1.0,1.0,3.0,4.0,2.0,2.75,2.261,2.08,2.1705,-2.8855568875511364,2.9999962,4.0
mp-6167,Ba2NdNbO6,Ba,Ba,Nd,Nb,-3.3743605727499997,0.0,2.9872999999999994,8.1e-05,163.76848158667022,6.162807461201132,C2/m,12,0.89,0.89,1.14,1.6,3.44,1.37,1.35,1.35,0.983,0.72,0.8636658442207442,0.30886670581327075,2,2,4,5,4.5,4,4,5,8,3.75,4.25,0.25,0.75,1.0,4.0,0.25,0.75,1.0,0.5,2.75,2.383,2.12,2.2515,-3.375025172562889,8.1e-05,1.0
mp-6200,Ba2NdRuO6,Ba,Ba,Nd,Ru,-2.76169770475,0.0,0.15010000000000012,3.0009811,158.384067237913,6.4579073389326975,C2/m,12,0.89,0.89,1.14,2.2,3.44,1.67,1.35,1.35,0.983,0.68,0.8714065194994424,0.36440168370414905,2,2,4,8,6.0,4,4,8,8,3.0,5.0,1.0,3.0,4.0,1.0,1.0,3.0,4.0,2.0,2.75,2.383,2.08,2.2315,-2.7658600418954506,3.0009811,4.0
mp-6183,Ba2PrRuO6,Ba,Ba,Pr,Ru,-2.741390882166667,0.0,0.1636000000000002,6.0,310.71604751091206,6.548054533331102,C2/m,12,0.89,0.89,1.13,2.2,3.44,1.665,1.35,1.35,0.99,0.68,0.8700419007888168,0.37125748502994005,2,2,4,8,6.0,4,4,8,8,3.0,5.0,1.0,3.0,4.0,1.0,1.0,3.0,4.0,2.0,2.75,2.3899999999999997,2.08,2.235,-2.7439616323954454,6.0,6.0
mp-6192,Ba2DySbO6,Ba,Ba,Dy,Sb,-3.092258773166665,0.0,3.4686000000000003,2.27e-05,154.81351992845413,7.024608098469735,Fm-3m,225,0.89,0.89,1.22,2.05,3.44,1.6349999999999998,1.35,1.35,1.07,0.76,0.8399756579969787,0.3387978142076503,2,2,4,5,4.5,4,4,15,8,1.25,6.75,2.75,8.25,11.0,6.0,2.75,1.75,4.5,1.0,2.75,2.4699999999999998,2.16,2.315,-3.129895754076618,2.27e-05,4.5
mp-6231,Ba2ErSbO6,Ba,Ba,Er,Sb,-3.108728319000001,0.0,3.3844000000000003,8.7e-06,152.7359625291706,7.1718984391891745,Fm-3m,225,0.89,0.89,1.24,2.05,3.44,1.645,1.35,1.35,0.89,0.76,0.8739522014665195,0.1575757575757576,2,2,4,5,4.5,4,4,15,8,1.25,6.75,2.75,8.25,11.0,6.0,2.75,1.75,4.5,1.0,2.75,2.29,2.16,2.225,-3.11970281715482,8.7e-06,4.5
mp-6254,Ba2TbNbO6,Ba,Ba,Tb,Nb,-3.4515069166666663,0.0,2.9923,4.3e-06,157.18446770642552,6.576068944039077,I4/m,87,0.89,0.89,1.5,1.6,3.44,1.55,1.35,1.35,0.9230000000000002,0.72,0.8753291236835496,0.24710894704808295,2,2,4,5,4.5,4,4,5,8,3.75,4.25,0.25,0.75,1.0,4.0,0.25,0.75,1.0,0.5,2.75,2.323,2.12,2.2215,-3.449650018643844,4.3e-06,1.0
mp-6252,Sr2CuTeO6,Sr,Sr,Cu,Te,-2.2117306526666667,0.03316240737500209,0.23709999999999987,1.0012102,130.66181553784574,5.876269488683195,I4/m,87,0.95,0.95,1.9,2.1,3.44,2.0,1.18,1.18,0.77,2.21,0.6312579569070218,0.9664429530201342,2,2,11,4,7.5,4,11,4,8,5.75,2.25,5.25,1.75,7.0,2.0,4.75,1.75,6.5,3.0,2.58,2.17,3.61,2.8899999999999997,-2.2085335248267186,1.0012102,6.5
mp-6270,Ba2LiReO6,Ba,Ba,Li,Re,-2.741621015583333,0.0,1.8198000000000003,4.76e-05,139.62374972423694,6.705229390011655,Fm-3m,225,0.89,0.89,0.98,1.9,3.44,1.44,1.35,1.35,0.76,0.63,0.9281831256625327,0.18705035971223022,2,2,4,7,5.5,4,4,7,8,3.25,4.75,0.75,2.25,3.0,2.0,0.75,2.25,3.0,1.5,2.75,2.16,2.03,2.0949999999999998,-2.7621745184018525,4.76e-05,3.0
mp-6265,Ba2TbSbO6,Ba,Ba,Tb,Sb,-3.084002428666667,0.0,3.5147999999999997,9e-06,155.9715578384631,6.934395442658015,Fm-3m,225,0.89,0.89,1.5,2.05,3.44,1.775,1.35,1.35,0.9230000000000002,0.76,0.8675189151296031,0.19370172311348796,2,2,4,5,4.5,4,4,15,8,1.25,6.75,2.75,8.25,11.0,6.0,2.75,1.75,4.5,1.0,2.75,2.323,2.16,2.2415000000000003,-3.058688271849373,9e-06,4.5
mp-6294,Sr2ErRuO6,Sr,Sr,Er,Ru,-2.877480758499999,0.0,0.0,5.9993859,278.56300678556045,6.432795490516584,P2_1/c,14,0.95,0.95,1.24,2.2,3.44,1.7200000000000002,1.18,1.18,0.89,0.68,0.8349361535291957,0.2675159235668789,2,2,4,8,6.0,4,4,8,8,3.0,5.0,1.0,3.0,4.0,1.0,1.0,3.0,4.0,2.0,2.58,2.29,2.08,2.185,-2.894804255464289,5.9993859,5.9993859
mp-6304,Sr2GaSbO6,Sr,Sr,Ga,Sb,-2.6297341187499987,0.026484868750002555,1.3067999999999995,7.48e-05,126.85609035632396,6.0569708516869545,I4/m,87,0.95,0.95,1.81,2.05,3.44,1.93,1.18,1.18,0.62,0.76,0.8728877968714319,0.20289855072463772,2,2,3,5,4.0,4,13,15,8,3.5,4.5,9.5,10.0,19.5,14.5,0.5,0.0,0.5,0.5,2.58,2.02,2.16,2.09,-2.610344974739464,7.48e-05,0.5
mp-6362,Sr2TbIrO6,Sr,Sr,Tb,Ir,-2.7726971211666664,0.0,0.0,4.0021052,284.54646315123256,7.264080660818549,P2_1/c,14,0.95,0.95,1.5,2.2,3.44,1.85,1.18,1.18,0.9230000000000002,0.68,0.8286783990285226,0.30318153462258274,2,2,4,9,6.5,4,4,9,8,2.75,5.25,1.25,3.75,5.0,0.0,1.25,3.75,5.0,2.5,2.58,2.323,2.08,2.2015000000000002,-2.7641532339292327,4.0021052,5.0
mp-6389,NaLa2RuO6,La,La,Na,Ru,-2.7921878171379304,0.0,0.47750000000000004,5.9946925,274.8032953668443,6.016869521059242,P2_1/c,14,1.1,1.1,0.93,2.2,3.44,1.5650000000000002,1.032,1.032,1.02,0.68,0.764303863042526,0.3999999999999999,3,3,4,8,6.0,6,4,8,6,2.0,4.0,2.0,4.0,6.0,1.0,2.0,4.0,6.0,2.0,2.432,2.42,2.08,2.25,-2.8051123633348065,5.9946925,6.0
mp-6430,Ba2YReO6,Ba,Ba,Y,Re,-3.0263639822499995,0.0,0.0,2.0007899,152.36560483122406,7.03777671532601,Fm-3m,225,0.89,0.89,1.22,1.9,3.44,1.56,1.35,1.35,0.9,0.63,0.8981725858027739,0.35294117647058826,2,2,3,7,5.0,4,3,7,8,3.0,5.0,0.0,2.0,2.0,3.0,0.0,2.0,2.0,2.0,2.75,2.3,2.03,2.165,-2.990857764397809,2.0007899,2.0007899
mp-6428,Ba2YRuO6,Ba,Ba,Y,Ru,-2.8311144150000005,0.0,0.09030000000000005,3.0002985,151.041477102345,6.1634844219400025,Fm-3m,225,0.89,0.89,1.22,2.2,3.44,1.71,1.35,1.35,0.9,0.68,0.8879194740926967,0.2784810126582278,2,2,3,8,5.5,4,3,8,8,2.75,5.25,0.25,2.75,3.0,2.0,0.25,2.75,3.0,2.5,2.75,2.3,2.08,2.19,-2.85498715163513,3.0002985,3.0002985
mp-6457,La2MgTiO6,La,La,Mg,Ti,-3.6831222398333336,0.00808312274999956,3.1450000000000005,0.0005126,250.43416824993582,5.914257812153361,P2_1/c,14,1.1,1.1,1.31,1.54,3.44,1.425,1.032,1.032,0.72,0.86,0.7852436949067048,0.17721518987341772,3,3,4,4,4.0,6,4,4,6,3.0,3.0,1.0,1.0,2.0,3.0,1.0,1.0,2.0,0.0,2.432,2.12,2.26,2.19,-3.664739156361134,0.0005126,2.0
mp-6492,Ba2YSbO6,Ba,Ba,Y,Sb,-3.075945864,0.0,3.5454,0.0,155.1813923192647,6.220451628228049,Fm-3m,225,0.89,0.89,1.22,2.05,3.44,1.6349999999999998,1.35,1.35,0.9,0.76,0.8719926673825137,0.1686746987951807,2,2,3,5,4.0,4,3,15,8,1.0,7.0,2.0,8.0,10.0,5.0,2.0,2.0,4.0,0.0,2.75,2.3,2.16,2.23,-3.05593421763914,0.0,4.0
mp-6603,Sr2CeIrO6,Sr,Sr,Ce,Ir,-2.8414484105000013,0.0,0.0,2.0026063,283.6770461996348,7.066137940531708,P2_1/c,14,0.95,0.95,1.12,2.2,3.44,1.6600000000000001,1.18,1.18,1.01,0.68,0.8126216015417783,0.39053254437869817,2,2,4,9,6.5,4,4,9,8,2.75,5.25,1.25,3.75,5.0,0.0,1.25,3.75,5.0,2.5,2.58,2.41,2.08,2.245,-2.854860814681534,2.0026063,5.0
mp-6609,Ba2HoRuO6,Ba,Ba,Ho,Ru,-2.8559745354999997,0.0,0.07600000000000007,3.0000142,149.60325945917185,7.066579950449293,Fm-3m,225,0.89,0.89,1.23,2.2,3.44,1.715,1.35,1.35,0.9010000000000001,0.68,0.8877167990244261,0.27956989247311836,2,2,4,8,6.0,4,4,8,8,3.0,5.0,1.0,3.0,4.0,1.0,1.0,3.0,4.0,2.0,2.75,2.301,2.08,2.1905,-2.828125229498713,3.0000142,4.0
mp-6613,Ba2YTaO6,Ba,Ba,Y,Ta,-3.5658466267333333,0.0015944080000007688,3.3617999999999997,0.0,155.9613726667593,6.819522766974852,Fm-3m,225,0.89,0.89,1.22,1.5,3.44,1.3599999999999999,1.35,1.35,0.9,0.72,0.8798840037389165,0.22222222222222227,2,2,3,5,4.0,4,3,5,8,3.5,4.5,0.0,0.5,0.5,4.5,0.0,0.5,0.5,0.5,2.75,2.3,2.12,2.21,-3.570847557025312,0.0,0.5
mp-6621,Ba2ErRuO6,Ba,Ba,Er,Ru,-2.8655752519999993,0.0,0.07160000000000011,3.0008054,148.6889622359816,7.136039165106862,Fm-3m,225,0.89,0.89,1.24,2.2,3.44,1.7200000000000002,1.35,1.35,0.89,0.68,0.8899513264361582,0.2675159235668789,2,2,4,8,6.0,4,4,8,8,3.0,5.0,1.0,3.0,4.0,1.0,1.0,3.0,4.0,2.0,2.75,2.29,2.08,2.185,-2.859801379414402,3.0008054,4.0
mp-6635,Ba2CaReO6,Ba,Ba,Ca,Re,-2.9155346292500006,0.0001810090000002873,0.0,0.9863074,152.0769221195082,6.517981423522204,Fm-3m,225,0.89,0.89,1.0,1.9,3.44,1.45,1.35,1.35,1.0,0.63,0.8778978095995511,0.45398773006134974,2,2,4,7,5.5,4,4,7,8,3.25,4.75,0.75,2.25,3.0,2.0,0.75,2.25,3.0,1.5,2.75,2.4,2.03,2.215,-2.910328192474576,0.9863074,3.0
mp-6644,LiLa2RuO6,La,La,Li,Ru,-2.862336244833334,0.0,0.3146999999999993,5.9949063,254.30174037758718,6.292353143192995,P2_1/c,14,1.1,1.1,0.98,2.2,3.44,1.59,1.032,1.032,0.76,0.68,0.8111715527573977,0.11111111111111106,3,3,4,8,6.0,6,4,8,6,2.0,4.0,2.0,4.0,6.0,1.0,2.0,4.0,6.0,2.0,2.432,2.16,2.08,2.12,-2.865022419662745,5.9949063,6.0
mp-6653,Ba2ErNbO6,Ba,Ba,Er,Nb,-3.479930908,0.0,2.8541999999999996,0.0001643,154.67319921611963,6.772306083341658,Fm-3m,225,0.89,0.89,1.24,1.6,3.44,1.42,1.35,1.35,0.89,0.72,0.8818792055614537,0.21118012422360255,2,2,4,5,4.5,4,4,5,8,3.75,4.25,0.25,0.75,1.0,4.0,0.25,0.75,1.0,0.5,2.75,2.29,2.12,2.205,-3.4637147425368044,0.0001643,1.0
mp-6674,LiLa2SbO6,La,La,Li,Sb,-3.059468489833334,0.0031347194999993278,3.885700000000001,0.0002912,266.1510333672148,6.270385055216717,P2_1/c,14,1.1,1.1,0.98,2.05,3.44,1.515,1.032,1.032,0.76,0.76,0.7961498573359646,0.0,3,3,4,5,4.5,6,4,15,6,0.25,5.75,3.75,9.25,13.0,8.0,3.75,0.75,4.5,3.0,2.432,2.16,2.16,2.16,-3.04359871542229,0.0002912,4.5
mp-6692,Ba2PrSbO6,Ba,Ba,Pr,Sb,-2.994456447166667,0.0,3.712,2.61e-05,164.4830522193651,6.393663972593862,R-3,148,0.89,0.89,1.13,2.05,3.44,1.5899999999999999,1.35,1.35,0.99,0.76,0.8547444607749475,0.26285714285714284,2,2,4,5,4.5,4,4,15,8,1.25,6.75,2.75,8.25,11.0,6.0,2.75,1.75,4.5,1.0,2.75,2.3899999999999997,2.16,2.275,-3.0294270866314306,2.61e-05,4.5
mp-6676,Sr2HoRuO6,Sr,Sr,Ho,Ru,-2.8669802899999994,0.0,0.0,5.9993342,280.19250735196414,6.367783144877738,P2_1/c,14,0.95,0.95,1.23,2.2,3.44,1.715,1.18,1.18,0.9010000000000001,0.68,0.8328397605392799,0.27956989247311836,2,2,4,8,6.0,4,4,8,8,3.0,5.0,1.0,3.0,4.0,1.0,1.0,3.0,4.0,2.0,2.58,2.301,2.08,2.1905,-2.8408934851424363,5.9993342,5.9993342
mp-6687,Ba2HoSbO6,Ba,Ba,Ho,Sb,-3.0998822164999993,0.0,3.4227999999999996,0.0007888,153.76838811163023,7.098597836374432,Fm-3m,225,0.89,0.89,1.23,2.05,3.44,1.64,1.35,1.35,0.9010000000000001,0.76,0.8717971971589353,0.16977724262492488,2,2,4,5,4.5,4,4,15,8,1.25,6.75,2.75,8.25,11.0,6.0,2.75,1.75,4.5,1.0,2.75,2.301,2.16,2.2305,-3.133132056260713,0.0007888,4.5
mp-6732,La2MgIrO6,La,La,Mg,Ir,-2.939900697000001,0.0,0.0,1.9999739,254.91195397034417,7.691007952603113,P2_1/c,14,1.1,1.1,1.31,2.2,3.44,1.7550000000000001,1.032,1.032,0.72,0.68,0.8188969961169922,0.05714285714285704,3,3,4,9,6.5,6,4,9,6,1.75,4.25,2.25,4.75,7.0,2.0,2.25,4.75,7.0,2.5,2.432,2.12,2.08,2.1,-2.919249772913168,1.9999739,7.0
mp-6739,Ba2CaOsO6,Ba,Ba,Ca,Os,-2.6814129579999992,0.0,0.0,2.0004098,150.88930401897395,6.613556265526729,Fm-3m,225,0.89,0.89,1.0,2.2,3.44,1.6,1.35,1.35,1.0,0.63,0.8778978095995511,0.45398773006134974,2,2,4,8,6.0,4,4,8,8,3.0,5.0,1.0,3.0,4.0,1.0,1.0,3.0,4.0,2.0,2.75,2.4,2.03,2.215,-2.6588788552634477,2.0004098,4.0
mp-6782,Li2ZrTeO6,Li,Li,Zr,Te,-2.496664910333334,0.012301818249996543,2.7792,0.0,111.64952494879341,4.8887192085958615,R3,146,0.98,0.98,1.33,2.1,3.44,1.715,0.76,0.76,0.72,2.21,0.5331066831982347,1.0170648464163823,1,1,4,4,4.0,2,4,4,10,5.0,5.0,0.0,0.0,0.0,5.0,0.0,0.0,0.0,0.0,2.16,2.12,3.61,2.865,-2.518484238937638,0.0,0.0
mp-6798,Ba2NaReO6,Ba,Ba,Na,Re,-2.688152365387931,0.0,1.8705000000000003,0.0010402,149.30637579544822,6.448879851663123,Fm-3m,225,0.89,0.89,0.93,1.9,3.44,1.415,1.35,1.35,1.02,0.63,0.8739522014665195,0.4727272727272728,2,2,4,7,5.5,4,4,7,8,3.25,4.75,0.75,2.25,3.0,2.0,0.75,2.25,3.0,1.5,2.75,2.42,2.03,2.2249999999999996,-2.6963686511470226,0.0010402,3.0
mp-7127,Ba2YbTaO6,Ba,Ba,Yb,Ta,-3.5096626734833336,0.0,0.0,0.0,147.91999404707263,8.134736500814531,Fm-3m,225,0.89,0.89,1.5,1.5,3.44,1.5,1.35,1.35,1.02,0.72,0.8566271578251127,0.34482758620689663,2,2,4,5,4.5,4,4,5,8,3.75,4.25,0.25,0.75,1.0,4.0,0.25,0.75,1.0,0.5,2.75,2.42,2.12,2.27,-3.5317767668530524,0.0,1.0
mp-7251,Ba2YNbO6,Ba,Ba,Y,Nb,-3.444694518,0.0,2.8555,0.0,157.07020714159697,5.84060973706033,Fm-3m,225,0.89,0.89,1.22,1.6,3.44,1.4100000000000001,1.35,1.35,0.9,0.72,0.8798840037389165,0.22222222222222227,2,2,3,5,4.0,4,3,5,8,3.5,4.5,0.0,0.5,0.5,4.5,0.0,0.5,0.5,0.5,2.75,2.3,2.12,2.21,-3.4489929386057745,0.0,0.5
mp-7889,Sr2YReO6,Sr,Sr,Y,Re,-2.9890336722499997,0.08403000685417616,0.0,2.0002989,145.87467299349342,6.219272038680808,Fm-3m,225,0.95,0.95,1.22,1.9,3.44,1.56,1.18,1.18,0.9,0.63,0.8426491895895116,0.35294117647058826,2,2,3,7,5.0,4,3,7,8,3.0,5.0,0.0,2.0,2.0,3.0,0.0,2.0,2.0,2.0,2.58,2.3,2.03,2.165,-2.9951943579337144,2.0002989,2.0002989
mp-7888,Sr2HoReO6,Sr,Sr,Ho,Re,-3.0184233677500005,0.07306219185417717,0.0,1.9994257,144.46637440251996,7.153746896489218,Fm-3m,225,0.95,0.95,1.23,1.9,3.44,1.565,1.18,1.18,0.9010000000000001,0.63,0.8424546273199227,0.3540169823644678,2,2,4,7,5.5,4,4,7,8,3.25,4.75,0.75,2.25,3.0,2.0,0.75,2.25,3.0,1.5,2.58,2.301,2.03,2.1654999999999998,-3.0028301571046137,1.9994257,3.0
mp-8496,Sr2SmNbO6,Sr,Sr,Sm,Nb,-3.4257397005000003,0.0047544710624976005,3.1716000000000006,0.0010115,299.2559211917522,5.709841689050585,P2_1/c,14,0.95,0.95,1.17,1.6,3.44,1.385,1.18,1.18,0.958,0.72,0.8147992387053563,0.2836710369487485,2,2,4,5,4.5,4,4,5,8,3.75,4.25,0.25,0.75,1.0,4.0,0.25,0.75,1.0,0.5,2.58,2.3579999999999997,2.12,2.239,-3.399533525577608,0.0010115,1.0
mp-8673,Li2SnTeO6,Li,Li,Sn,Te,-2.0039591093333335,0.0,2.0439000000000003,0.0036168,228.829632860771,5.169476930953037,Pnn2,34,0.98,0.98,1.96,2.1,3.44,2.0300000000000002,0.76,0.76,0.69,2.21,0.5359125078466466,1.0482758620689656,1,1,4,4,4.0,2,14,4,10,7.5,2.5,6.5,1.5,8.0,3.0,3.5,1.5,5.0,2.0,2.16,2.09,3.61,2.8499999999999996,-1.9760454331175343,0.0036168,5.0
mp-9115,Ba2SrIrO6,Ba,Ba,Sr,Ir,-2.4566585610000002,0.0,0.0,2.9981241,163.12124935980196,6.621821165418166,Fm-3m,225,0.89,0.89,0.95,2.2,3.44,1.5750000000000002,1.35,1.35,1.18,0.68,0.8345680893832641,0.5376344086021505,2,2,4,9,6.5,4,4,9,8,2.75,5.25,1.25,3.75,5.0,0.0,1.25,3.75,5.0,2.5,2.75,2.58,2.08,2.33,-2.467901921531566,2.9981241,5.0
mp-9238,Ba2UCuO6,Ba,Ba,U,Cu,-2.9889008239999995,0.008739094250000079,0.0,0.9990314,154.01391607319943,7.247763181616174,I4/mmm,139,0.89,0.89,1.7,1.9,3.44,1.7999999999999998,1.35,1.35,1.025,0.77,0.8463737315617,0.2841225626740946,2,2,4,11,7.5,4,4,11,8,2.25,5.75,1.75,5.25,7.0,2.0,1.75,4.75,6.5,3.0,2.75,2.425,2.17,2.2975,-2.99308526147489,0.9990314,6.5
mp-9319,Ba2PrPtO6,Ba,Ba,Pr,Pt,-2.5597956491666674,0.0,0.0,1.0009024,161.24179231093254,7.277311390237878,Fm-3m,225,0.89,0.89,1.13,2.2,3.44,1.665,1.35,1.35,0.99,0.8,0.8472957073041419,0.21229050279329603,2,2,4,10,7.0,4,4,10,8,2.5,5.5,1.5,4.5,6.0,1.0,1.5,4.5,6.0,3.0,2.75,2.3899999999999997,2.2,2.295,-2.593464413011086,1.0009024,6.0
mp-9413,Ca2TiSiO6,Ca,Ca,Ti,Si,-3.397758357333333,0.10430932866666431,2.3708,0.0,104.9546469690704,3.9886755661189324,Fm-3m,225,1.0,1.0,1.54,1.9,3.44,1.72,1.0,1.0,0.86,0.4,0.835988312732864,0.7301587301587301,2,2,4,4,4.0,4,4,4,8,4.0,4.0,0.0,0.0,0.0,5.0,0.0,0.0,0.0,0.0,2.4,2.26,1.7999999999999998,2.03,-3.413875758663257,0.0,0.0
mp-10301,Sr2ScIrO6,Sr,Sr,Sc,Ir,-2.806069953499994,0.0,0.0,1.9973812,128.12972739008868,6.588896603272118,C2/m,12,0.95,0.95,1.36,2.2,3.44,1.7800000000000002,1.18,1.18,0.745,0.68,0.8635907670822688,0.09122807017543852,2,2,3,9,6.0,4,3,9,8,2.5,5.5,0.5,3.5,4.0,1.0,0.5,3.5,4.0,3.0,2.58,2.145,2.08,2.1125,-2.786772920838045,1.9973812,4.0
mp-10302,Ba2ScIrO6,Ba,Ba,Sc,Ir,-2.7803704155000006,0.0,0.0,2.0000334,139.6439944322221,7.227767729504711,Fm-3m,225,0.89,0.89,1.36,2.2,3.44,1.7800000000000002,1.35,1.35,0.745,0.68,0.9204940346807128,0.09122807017543852,2,2,3,9,6.0,4,3,9,8,2.5,5.5,0.5,3.5,4.0,1.0,0.5,3.5,4.0,3.0,2.75,2.145,2.08,2.1125,-2.748058759029036,2.0000334,4.0
mp-10321,La2ZnRhO6,La,La,Zn,Rh,-2.662992525999999,0.0,0.0,2.0177869,257.6178053131479,6.988759913861848,P2_1/c,14,1.1,1.1,1.65,2.28,3.44,1.9649999999999999,1.032,1.032,0.74,0.665,0.8179232779289813,0.10676156583629887,3,3,12,9,10.5,6,12,9,6,3.75,2.25,8.25,6.75,15.0,10.0,1.75,3.25,5.0,1.5,2.432,2.1399999999999997,2.065,2.1025,-2.6876795034375975,2.0177869,5.0
mp-10344,Ba2PrNbO6,Ba,Ba,Pr,Nb,-3.354416347166667,0.0,2.9791000000000003,0.001601,330.69680647059783,6.070435408796124,P2_1/c,14,0.89,0.89,1.13,1.6,3.44,1.365,1.35,1.35,0.99,0.72,0.8623253429104237,0.31578947368421056,2,2,4,5,4.5,4,4,5,8,3.75,4.25,0.25,0.75,1.0,4.0,0.25,0.75,1.0,0.5,2.75,2.3899999999999997,2.12,2.255,-3.366265632349725,0.001601,1.0
mp-10349,Na2SnTeO6,Na,Na,Sn,Te,-1.860587601942529,0.03861253587499913,1.2432999999999996,0.0006827,239.21542863427447,5.390655398543717,P2_1/c,14,0.93,0.93,1.96,2.1,3.44,2.0300000000000002,1.02,1.02,0.69,2.21,0.6004204949022613,1.0482758620689656,1,1,4,4,4.0,2,14,4,10,7.5,2.5,6.5,1.5,8.0,3.0,3.5,1.5,5.0,2.0,2.42,2.09,3.61,2.8499999999999996,-1.8611157170817074,0.0006827,5.0
mp-10320,La2MgRhO6,La,La,Mg,Rh,-2.943168876,0.0,0.0,1.997962,253.6559435992273,6.559749286698312,P2_1/c,14,1.1,1.1,1.31,2.28,3.44,1.795,1.032,1.032,0.72,0.665,0.8218321107984151,0.07942238267148005,3,3,4,9,6.5,6,4,9,6,1.75,4.25,2.25,4.75,7.0,2.0,2.25,4.75,7.0,2.5,2.432,2.12,2.065,2.0925000000000002,-2.937565652823608,1.997962,7.0
mp-10335,Ba2CuTeO6,Ba,Ba,Cu,Te,-2.159168554666666,0.01840281850004466,0.0,0.9986042,136.88339784072446,6.815179091799715,I4/m,87,0.89,0.89,1.9,2.1,3.44,2.0,1.35,1.35,0.77,2.21,0.672852473447407,0.9664429530201342,2,2,11,4,7.5,4,11,4,8,5.75,2.25,5.25,1.75,7.0,2.0,4.75,1.75,6.5,3.0,2.75,2.17,3.61,2.8899999999999997,-2.175360625065099,0.9986042,6.5
mp-10340,Na2GeTeO6,Na,Na,Ge,Te,-1.9465762939425288,0.0,2.6627,0.0006018,251.8799530552762,4.512172795754796,P-31c,163,0.93,0.93,2.01,2.1,3.44,2.0549999999999997,1.02,1.02,0.73,2.21,0.5962363799552073,1.0068027210884354,1,1,4,4,4.0,2,4,4,10,5.0,5.0,0.0,0.0,0.0,5.0,0.0,0.0,0.0,0.0,2.42,2.13,3.61,2.87,-1.9380950730532471,0.0006018,0.0006018
mp-10584,Ba2LiOsO6,Ba,Ba,Li,Os,-2.4420123233333335,0.0,0.0,0.7105988,138.31618125654984,6.816914769501713,Fm-3m,225,0.89,0.89,0.98,2.2,3.44,1.59,1.35,1.35,0.76,0.63,0.9281831256625327,0.18705035971223022,2,2,4,8,6.0,4,4,8,8,3.0,5.0,1.0,3.0,4.0,1.0,1.0,3.0,4.0,2.0,2.75,2.16,2.03,2.0949999999999998,-2.451489110274752,0.7105988,4.0
mp-10731,Ba2PrSbO6,Ba,Ba,Pr,Sb,-2.9880088001666665,0.006447647000000778,3.6872000000000003,6.2e-06,165.32645801822397,6.361046971449096,Fm-3m,225,0.89,0.89,1.13,2.05,3.44,1.5899999999999999,1.35,1.35,0.99,0.76,0.8547444607749475,0.26285714285714284,2,2,4,5,4.5,4,4,15,8,1.25,6.75,2.75,8.25,11.0,6.0,2.75,1.75,4.5,1.0,2.75,2.3899999999999997,2.16,2.275,-2.988297845584232,6.2e-06,4.5
mp-11585,La2MgGeO6,La,La,Mg,Ge,-3.2555147500000006,0.01626009624999991,0.42329999999999934,0.0001459,120.82054890339442,6.469947864419521,R-3,148,1.1,1.1,1.31,2.01,3.44,1.66,1.032,1.032,0.72,0.73,0.8092629138097334,0.013793103448275874,3,3,4,4,4.0,6,4,4,6,3.0,3.0,1.0,1.0,2.0,3.0,1.0,1.0,2.0,0.0,2.432,2.12,2.13,2.125,-3.2445890650399267,0.0001459,2.0
mp-11734,Sr2MgReO6,Sr,Sr,Mg,Re,-2.8633491387500007,0.004170884999998847,0.0,0.9988758,127.03055381369765,6.297398661765418,Fm-3m,225,0.95,0.95,1.31,1.9,3.44,1.605,1.18,1.18,0.72,0.63,0.8791978291379723,0.13333333333333328,2,2,4,7,5.5,4,4,7,8,3.25,4.75,0.75,2.25,3.0,2.0,0.75,2.25,3.0,1.5,2.58,2.12,2.03,2.075,-2.863220693353782,0.9988758,3.0
mp-11914,NaLa2IrO6,La,La,Na,Ir,-2.7015885496379313,0.0,0.0,4.0183792,275.10156728105716,7.110689701053568,P2_1/c,14,1.1,1.1,0.93,2.2,3.44,1.5650000000000002,1.032,1.032,1.02,0.68,0.764303863042526,0.3999999999999999,3,3,4,9,6.5,6,4,9,6,1.75,4.25,2.25,4.75,7.0,2.0,2.25,4.75,7.0,2.5,2.432,2.42,2.08,2.25,-2.7103162674484627,4.0183792,7.0
mp-11903,LiEu2IrO6,Eu,Eu,Li,Ir,-2.4261625343333337,0.012805673299999043,0.0,20.3736739,245.60281527320467,8.1008821466135,P2_1/c,14,1.5,1.5,0.98,2.2,3.44,1.59,1.17,1.17,0.76,0.68,0.8572002017214277,0.11111111111111106,3,3,4,9,6.5,6,4,9,6,1.75,4.25,2.25,4.75,7.0,2.0,2.25,4.75,7.0,2.5,2.57,2.16,2.08,2.12,-2.4283547304118502,20.3736739,20.3736739
mp-11912,NaNd2IrO6,Nd,Nd,Na,Ir,-2.6212972601379314,0.005412503750000575,0.0,0.3351523,266.6731591930824,7.468347971221791,P2_1/c,14,1.14,1.14,0.93,2.2,3.44,1.5650000000000002,0.983,0.983,1.02,0.68,0.7489046486966856,0.3999999999999999,3,3,4,9,6.5,6,4,9,6,1.75,4.25,2.25,4.75,7.0,2.0,2.25,4.75,7.0,2.5,2.383,2.42,2.08,2.25,-2.623064519322038,0.3351523,7.0
mp-11904,LiSm2IrO6,Sm,Sm,Li,Ir,-2.742124424333332,0.0,0.0,3.9945857,235.45495875006736,8.404772841667581,P2_1/c,14,1.17,1.17,0.98,2.2,3.44,1.59,0.958,0.958,0.76,0.68,0.7864895236027729,0.11111111111111106,3,3,4,9,6.5,6,4,9,6,1.75,4.25,2.25,4.75,7.0,2.0,2.25,4.75,7.0,2.5,2.3579999999999997,2.16,2.08,2.12,-2.7495246449309745,3.9945857,7.0
mp-11905,LiNd2IrO6,Nd,Nd,Li,Ir,-2.717315583833334,0.0,0.0,4.0504608,247.86480682820056,7.820023969709392,P2_1/c,14,1.14,1.14,0.98,2.2,3.44,1.59,0.983,0.983,0.76,0.68,0.7948280469658219,0.11111111111111106,3,3,4,9,6.5,6,4,9,6,1.75,4.25,2.25,4.75,7.0,2.0,2.25,4.75,7.0,2.5,2.383,2.16,2.08,2.12,-2.722491505086676,4.0504608,7.0
mp-11906,LiPr2IrO6,Pr,Pr,Li,Ir,-2.699372322166667,0.0,0.0,4.0059474,251.10409768342407,7.630944594468054,P2_1/c,14,1.13,1.13,0.98,2.2,3.44,1.59,0.99,0.99,0.76,0.68,0.7971628335074755,0.11111111111111106,3,3,4,9,6.5,6,4,9,6,1.75,4.25,2.25,4.75,7.0,2.0,2.25,4.75,7.0,2.5,2.3899999999999997,2.16,2.08,2.12,-2.667399378756573,4.0059474,7.0
mp-11913,NaPr2IrO6,Pr,Pr,Na,Ir,-2.621027141971264,0.0,0.0,4.0050562,270.2867972216805,7.28655892150685,P2_1/c,14,1.13,1.13,0.93,2.2,3.44,1.5650000000000002,0.99,0.99,1.02,0.68,0.751104536460377,0.3999999999999999,3,3,4,9,6.5,6,4,9,6,1.75,4.25,2.25,4.75,7.0,2.0,2.25,4.75,7.0,2.5,2.3899999999999997,2.42,2.08,2.25,-2.609808753012439,4.0050562,7.0
mp-11892,NaNd2RuO6,Nd,Nd,Na,Ru,-2.673883322137931,0.03756091775000492,0.0,0.2682259,266.31709385824956,6.341694458817571,P2_1/c,14,1.14,1.14,0.93,2.2,3.44,1.5650000000000002,0.983,0.983,1.02,0.68,0.7489046486966856,0.3999999999999999,3,3,4,8,6.0,6,4,8,6,2.0,4.0,2.0,4.0,6.0,1.0,2.0,4.0,6.0,2.0,2.383,2.42,2.08,2.25,-2.679792928498514,0.2682259,6.0
mp-11992,LiLa2IrO6,La,La,Li,Ir,-2.774933723833334,0.0,0.0,4.0021228,254.43594613378923,7.478749340761331,P2_1/c,14,1.1,1.1,0.98,2.2,3.44,1.59,1.032,1.032,0.76,0.68,0.8111715527573977,0.11111111111111106,3,3,4,9,6.5,6,4,9,6,1.75,4.25,2.25,4.75,7.0,2.0,2.25,4.75,7.0,2.5,2.432,2.16,2.08,2.12,-2.760994635743119,4.0021228,7.0
mp-11982,Sr2CaTeO6,Sr,Sr,Ca,Te,-2.8037404886666666,0.0,3.2142,0.0028462,288.48199699662354,5.052894230485451,P2_1/c,14,0.95,0.95,1.0,2.1,3.44,1.55,1.18,1.18,1.0,2.21,0.6070999984896148,0.7538940809968847,2,2,4,4,4.0,4,4,4,8,4.0,4.0,0.0,0.0,0.0,5.0,0.0,0.0,0.0,0.0,2.58,2.4,3.61,3.005,-2.810416878461787,0.0028462,0.0028462
mp-12323,NaSm2IrO6,Sm,Sm,Na,Ir,-2.658174027637931,0.008738299124999571,0.0,4.00038,260.74835763815094,7.7938924637591995,P2_1/c,14,1.17,1.17,0.93,2.2,3.44,1.5650000000000002,0.958,0.958,1.02,0.68,0.7410479066835016,0.3999999999999999,3,3,4,9,6.5,6,4,9,6,1.75,4.25,2.25,4.75,7.0,2.0,2.25,4.75,7.0,2.5,2.3579999999999997,2.42,2.08,2.25,-2.6347115348861982,4.00038,7.0
mp-12355,Sr2YTaO6,Sr,Sr,Y,Ta,-3.586965255233333,0.0,3.8284000000000002,0.0,280.75842475056976,6.400529576059878,P2_1/c,14,0.95,0.95,1.22,1.5,3.44,1.3599999999999999,1.18,1.18,0.9,0.72,0.8254911744168745,0.22222222222222227,2,2,3,5,4.0,4,3,5,8,3.5,4.5,0.0,0.5,0.5,4.5,0.0,0.5,0.5,0.5,2.58,2.3,2.12,2.21,-3.579572411389371,0.0,0.5
mp-12337,NaLa2OsO6,La,La,Na,Os,-2.811734130637931,0.0,0.5186999999999999,5.9991,277.0345975398251,7.037254250054313,P2_1/c,14,1.1,1.1,0.93,2.2,3.44,1.5650000000000002,1.032,1.032,1.02,0.63,0.7728915468969365,0.4727272727272728,3,3,4,8,6.0,6,4,8,6,2.0,4.0,2.0,4.0,6.0,1.0,2.0,4.0,6.0,2.0,2.432,2.42,2.03,2.2249999999999996,-2.8138801735180157,5.9991,6.0
mp-12385,Ba2YTaO6,Ba,Ba,Y,Ta,-3.5674410347333327,0.0,3.4638999999999998,0.0,155.50834731730168,6.839389331940263,I4/m,87,0.89,0.89,1.22,1.5,3.44,1.3599999999999999,1.35,1.35,0.9,0.72,0.8798840037389165,0.22222222222222227,2,2,3,5,4.0,4,3,5,8,3.5,4.5,0.0,0.5,0.5,4.5,0.0,0.5,0.5,0.5,2.75,2.3,2.12,2.21,-3.5584866962171273,0.0,0.5
mp-12449,LiPr2OsO6,Pr,Pr,Li,Os,-2.800856855666667,0.0,0.4064999999999994,5.9994714,253.51149373571508,7.532449304239148,P2_1/c,14,1.13,1.13,0.98,2.2,3.44,1.59,0.99,0.99,0.76,0.63,0.8066755164848919,0.18705035971223022,3,3,4,8,6.0,6,4,8,6,2.0,4.0,2.0,4.0,6.0,1.0,2.0,4.0,6.0,2.0,2.3899999999999997,2.16,2.03,2.0949999999999998,-2.832274378708037,5.9994714,6.0
mp-12427,Sr2TaGaO6,Sr,Sr,Ta,Ga,-3.1763085814833056,0.0,4.0469,0.0,123.27093072659356,7.030428209517894,I4/m,87,0.95,0.95,1.5,1.81,3.44,1.655,1.18,1.18,0.72,0.62,0.8813214953919287,0.14925373134328357,2,2,5,3,4.0,4,5,13,8,2.0,6.0,3.0,7.0,10.0,5.0,3.0,3.0,6.0,0.0,2.58,2.12,2.02,2.0700000000000003,-3.1988439308615018,0.0,6.0
mp-12410,Ba2TbIrO6,Ba,Ba,Tb,Ir,-2.770439125666666,0.0,0.0,2.0000097,151.5834849087099,7.906963359234243,Fm-3m,225,0.89,0.89,1.5,2.2,3.44,1.85,1.35,1.35,0.9230000000000002,0.68,0.883281239274588,0.30318153462258274,2,2,4,9,6.5,4,4,9,8,2.75,5.25,1.25,3.75,5.0,0.0,1.25,3.75,5.0,2.5,2.75,2.323,2.08,2.2015000000000002,-2.794317625794647,2.0000097,5.0
mp-12417,Ba2CaReO6,Ba,Ba,Ca,Re,-2.9157156382500014,0.0,0.0,1.0026089,148.70864454671502,6.6656148762757566,I4/m,87,0.89,0.89,1.0,1.9,3.44,1.45,1.35,1.35,1.0,0.63,0.8778978095995511,0.45398773006134974,2,2,4,7,5.5,4,4,7,8,3.25,4.75,0.75,2.25,3.0,2.0,0.75,2.25,3.0,1.5,2.75,2.4,2.03,2.215,-2.9128567763547273,1.0026089,3.0
mp-12450,LiNd2OsO6,Nd,Nd,Li,Os,-2.818654912833334,0.0,0.4066000000000001,6.0000258,250.14090451156446,7.722486460804823,P2_1/c,14,1.14,1.14,0.98,2.2,3.44,1.59,0.983,0.983,0.76,0.63,0.8043128685286601,0.18705035971223022,3,3,4,8,6.0,6,4,8,6,2.0,4.0,2.0,4.0,6.0,1.0,2.0,4.0,6.0,2.0,2.383,2.16,2.03,2.0949999999999998,-2.7840046128436318,6.0000258,6.0000258
mp-12451,LiLa2OsO6,La,La,Li,Os,-2.8770802708333343,0.0,0.33560864464592033,5.9999999,249.18006831315373,7.6100134934190224,P2_1/c,14,1.1,1.1,0.98,2.2,3.44,1.59,1.032,1.032,0.76,0.63,0.8208514042222834,0.18705035971223022,3,3,4,8,6.0,6,4,8,6,2.0,4.0,2.0,4.0,6.0,1.0,2.0,4.0,6.0,2.0,2.432,2.16,2.03,2.0949999999999998,-2.8324542679094815,5.9999999,6.0
mp-12448,LiSm2OsO6,Sm,Sm,Li,Os,-2.8429345188333337,0.0,0.3960999999999997,5.9978801,244.31203829312057,8.073062933199623,P2_1/c,14,1.17,1.17,0.98,2.2,3.44,1.59,0.958,0.958,0.76,0.63,0.795874840113546,0.18705035971223022,3,3,4,8,6.0,6,4,8,6,2.0,4.0,2.0,4.0,6.0,1.0,2.0,4.0,6.0,2.0,2.3579999999999997,2.16,2.03,2.0949999999999998,-2.8301734968045187,5.9978801,6.0
mp-12525,Sr2LiReO6,Sr,Sr,Li,Re,-2.738560688583334,0.010782035000000079,1.6795999999999998,0.0006466,125.89237887715667,6.125298815343102,Fm-3m,225,0.95,0.95,0.98,1.9,3.44,1.44,1.18,1.18,0.76,0.63,0.870804532439758,0.18705035971223022,2,2,4,7,5.5,4,4,7,8,3.25,4.75,0.75,2.25,3.0,2.0,0.75,2.25,3.0,1.5,2.58,2.16,2.03,2.0949999999999998,-2.728543799084445,0.0006466,3.0
mp-12644,Ba2LuNbO6,Ba,Ba,Lu,Nb,-3.5062734356666665,0.0,2.851,0.0,148.2991313028161,7.149695846561876,Fm-3m,225,0.89,0.89,1.0,1.6,3.44,1.3,1.35,1.35,0.861,0.72,0.8877167990244261,0.17836812144212527,2,2,4,5,4.5,4,4,5,8,3.75,4.25,0.25,0.75,1.0,4.0,0.25,0.75,1.0,0.5,2.75,2.261,2.12,2.1905,-3.542294590349721,0.0,1.0
mp-12637,Ba2NdNbO6,Ba,Ba,Nd,Nb,-3.35878035975,0.015580212999999787,2.856,7.57e-05,165.71147910643413,6.090547412129908,Fm-3m,225,0.89,0.89,1.14,1.6,3.44,1.37,1.35,1.35,0.983,0.72,0.8636658442207442,0.30886670581327075,2,2,4,5,4.5,4,4,5,8,3.75,4.25,0.25,0.75,1.0,4.0,0.25,0.75,1.0,0.5,2.75,2.383,2.12,2.2515,-3.3696338357446805,7.57e-05,1.0
mp-12640,Ba2DyNbO6,Ba,Ba,Dy,Nb,-3.458601736166666,0.0,2.8597,0.0,156.79671133235095,6.630188437745379,Fm-3m,225,0.89,0.89,1.22,1.6,3.44,1.4100000000000001,1.35,1.35,1.07,0.72,0.8472957073041419,0.39106145251396657,2,2,4,5,4.5,4,4,5,8,3.75,4.25,0.25,0.75,1.0,4.0,0.25,0.75,1.0,0.5,2.75,2.4699999999999998,2.12,2.295,-3.474357411204831,0.0,1.0
mp-12642,Ba2TmNbO6,Ba,Ba,Tm,Nb,-3.492432531000001,0.0,2.8577000000000004,0.0,153.40047852113267,6.846627922938332,Fm-3m,225,0.89,0.89,1.25,1.6,3.44,1.425,1.35,1.35,1.03,0.72,0.8547444607749475,0.35428571428571437,2,2,4,5,4.5,4,4,5,8,3.75,4.25,0.25,0.75,1.0,4.0,0.25,0.75,1.0,0.5,2.75,2.4299999999999997,2.12,2.275,-3.504849482965023,0.0,1.0
mp-12641,Ba2HoNbO6,Ba,Ba,Ho,Nb,-3.4687507135000004,0.0,2.8596,0.0,155.6667424207625,6.704241173373677,Fm-3m,225,0.89,0.89,1.23,1.6,3.44,1.415,1.35,1.35,0.9010000000000001,0.72,0.8796849799877882,0.22331893892658872,2,2,4,5,4.5,4,4,5,8,3.75,4.25,0.25,0.75,1.0,4.0,0.25,0.75,1.0,0.5,2.75,2.301,2.12,2.2105,-3.472113589871696,0.0,1.0
mp-12730,Ba2YbRuO6,Ba,Ba,Yb,Ru,-2.782053713250002,0.0,0.0,3.0,142.61684063337782,7.507176778966685,Fm-3m,225,0.89,0.89,1.5,2.2,3.44,1.85,1.35,1.35,1.02,0.68,0.8642416214502247,0.3999999999999999,2,2,4,8,6.0,4,4,8,8,3.0,5.0,1.0,3.0,4.0,1.0,1.0,3.0,4.0,2.0,2.75,2.42,2.08,2.25,-2.7914955248039446,3.0,4.0
mp-12729,Ba2TmRuO6,Ba,Ba,Tm,Ru,-2.876566269,0.0,0.06450000000000022,3.0009044,147.5468271009395,7.210131390090269,Fm-3m,225,0.89,0.89,1.25,2.2,3.44,1.725,1.35,1.35,1.03,0.68,0.8623253429104237,0.4093567251461988,2,2,4,8,6.0,4,4,8,8,3.0,5.0,1.0,3.0,4.0,1.0,1.0,3.0,4.0,2.0,2.75,2.4299999999999997,2.08,2.255,-2.916152265207516,3.0009044,4.0
mp-12878,Sr2YSbO6,Sr,Sr,Y,Sb,-3.095266208000001,0.0,3.7072999999999996,0.0003315,290.0634833088896,5.517533640546532,P2_1/c,14,0.95,0.95,1.22,2.05,3.44,1.6349999999999998,1.18,1.18,0.9,0.76,0.8180876661261401,0.1686746987951807,2,2,3,5,4.0,4,3,15,8,1.0,7.0,2.0,8.0,10.0,5.0,2.0,2.0,4.0,0.0,2.58,2.3,2.16,2.23,-3.08030800287765,0.0003315,4.0
mp-12912,Ba2PrRuO6,Ba,Ba,Pr,Ru,-2.7364761841666665,0.004914698000000328,0.13450000000000006,3.0003193,160.75765515925903,6.328114270723006,Fm-3m,225,0.89,0.89,1.13,2.2,3.44,1.665,1.35,1.35,0.99,0.68,0.8700419007888168,0.37125748502994005,2,2,4,8,6.0,4,4,8,8,3.0,5.0,1.0,3.0,4.0,1.0,1.0,3.0,4.0,2.0,2.75,2.3899999999999997,2.08,2.235,-2.7579310446814627,3.0003193,4.0
mp-12911,Ba2LaRuO6,Ba,Ba,La,Ru,-2.7804216264999995,0.0,0.24369999999999958,3.0000327,161.3447028854519,6.284483441319672,R-3,148,0.89,0.89,1.1,2.2,3.44,1.6500000000000001,1.35,1.35,1.032,0.68,0.8619431064995591,0.41121495327102797,2,2,4,8,6.0,4,3,8,8,2.75,5.25,0.25,2.75,3.0,2.0,0.25,2.75,3.0,2.5,2.75,2.432,2.08,2.2560000000000002,-2.7756366892177766,3.0000327,3.0000327
mp-13000,Ba2HoTaO6,Ba,Ba,Ho,Ta,-3.5903397202333323,0.0,3.4478000000000004,0.0,154.28766470373407,7.711723011578868,I4/m,87,0.89,0.89,1.23,1.5,3.44,1.365,1.35,1.35,0.9010000000000001,0.72,0.8796849799877882,0.22331893892658872,2,2,4,5,4.5,4,4,5,8,3.75,4.25,0.25,0.75,1.0,4.0,0.25,0.75,1.0,0.5,2.75,2.301,2.12,2.2105,-3.5488580668383327,0.0,1.0
mp-13001,Ba2HoTaO6,Ba,Ba,Ho,Ta,-3.589574164233332,0.0007655560000010553,3.3828,0.0,154.57781216113375,7.697247862832114,Fm-3m,225,0.89,0.89,1.23,1.5,3.44,1.365,1.35,1.35,0.9010000000000001,0.72,0.8796849799877882,0.22331893892658872,2,2,4,5,4.5,4,4,5,8,3.75,4.25,0.25,0.75,1.0,4.0,0.25,0.75,1.0,0.5,2.75,2.301,2.12,2.2105,-3.6079618560650606,0.0,1.0
mp-13019,NaLa2TaO6,La,La,Na,Ta,-3.504750970871265,0.0,3.971,6.63e-05,285.5542309167873,6.719341005679399,P2_1/c,14,1.1,1.1,0.93,1.5,3.44,1.215,1.032,1.032,1.02,0.72,0.7575699083020632,0.34482758620689663,3,3,4,5,4.5,6,4,5,6,2.75,3.25,1.25,1.75,3.0,2.0,1.25,1.75,3.0,0.5,2.432,2.42,2.12,2.27,-3.555356721326192,6.63e-05,3.0
mp-13055,Ba2LaTaO6,Ba,Ba,La,Ta,-3.5066615782333344,0.0,3.6212999999999997,0.0,162.0157176249183,7.077143322386012,C2/m,12,0.89,0.89,1.1,1.5,3.44,1.3,1.35,1.35,1.032,0.72,0.8543689139995632,0.35616438356164387,2,2,4,5,4.5,4,3,5,8,3.5,4.5,0.0,0.5,0.5,4.5,0.0,0.5,0.5,0.5,2.75,2.432,2.12,2.276,-3.5123816626709368,0.0,0.5
mp-13056,Ba2LaTaO6,Ba,Ba,La,Ta,-3.506252752233334,0.000408826000001028,3.6682,1.36e-05,165.91729789829657,6.9107228036802555,R-3,148,0.89,0.89,1.1,1.5,3.44,1.3,1.35,1.35,1.032,0.72,0.8543689139995632,0.35616438356164387,2,2,4,5,4.5,4,3,5,8,3.5,4.5,0.0,0.5,0.5,4.5,0.0,0.5,0.5,0.5,2.75,2.432,2.12,2.276,-3.484233559533363,1.36e-05,0.5
mp-13323,Ba2EuNbO6,Ba,Ba,Eu,Nb,-3.2191303125000004,0.05974897525000422,0.0,6.0044042,160.53965077715748,6.366628418426469,I4/m,87,0.89,0.89,1.5,1.6,3.44,1.55,1.35,1.35,1.17,0.72,0.8292297007518148,0.47619047619047616,2,2,4,5,4.5,4,4,5,8,3.75,4.25,0.25,0.75,1.0,4.0,0.25,0.75,1.0,0.5,2.75,2.57,2.12,2.3449999999999998,-3.1799633634155886,6.0044042,6.0044042
mp-13356,Ba2SrTeO6,Ba,Ba,Sr,Te,-2.730477315666667,0.0,3.1401000000000003,0.0002353,164.74931149326784,5.90509714247602,R-3,148,0.89,0.89,0.95,2.1,3.44,1.525,1.35,1.35,1.18,2.21,0.628285508324073,0.6076696165191741,2,2,4,4,4.0,4,4,4,8,4.0,4.0,0.0,0.0,0.0,5.0,0.0,0.0,0.0,0.0,2.75,2.58,3.61,3.0949999999999998,-2.755068307555715,0.0002353,0.0002353
mp-13811,Ba2MgUO6,Ba,Ba,Mg,U,-3.4572446644999983,0.0,2.0536999999999996,6.09e-05,152.3566554679817,6.898912118671835,Fm-3m,225,0.89,0.89,1.31,1.7,3.44,1.505,1.35,1.35,0.72,1.025,0.8556847737130938,0.34957020057306587,2,2,4,4,4.0,4,4,4,8,4.0,4.0,0.0,0.0,0.0,5.0,0.0,0.0,0.0,0.0,2.75,2.12,2.425,2.2725,-3.447310680035268,6.09e-05,6.09e-05
mp-13929,Ba2SmReO6,Ba,Ba,Sm,Re,-2.979957276750001,0.0032728244791631056,0.0,0.0012139,157.43602391227296,7.459297394187273,Fm-3m,225,0.89,0.89,1.17,1.9,3.44,1.535,1.35,1.35,0.958,0.63,0.8863006601016433,0.4130982367758186,2,2,4,7,5.5,4,4,7,8,3.25,4.75,0.75,2.25,3.0,2.0,0.75,2.25,3.0,1.5,2.75,2.3579999999999997,2.03,2.194,-2.9892634858856018,0.0012139,3.0
mp-13934,Ba2TmReO6,Ba,Ba,Tm,Re,-3.0716796582500017,0.0,0.0,2.0035358,148.7958145374135,8.09972597714641,Fm-3m,225,0.89,0.89,1.25,1.9,3.44,1.575,1.35,1.35,1.03,0.63,0.8719926673825137,0.4819277108433735,2,2,4,7,5.5,4,4,7,8,3.25,4.75,0.75,2.25,3.0,2.0,0.75,2.25,3.0,1.5,2.75,2.4299999999999997,2.03,2.2299999999999995,-3.0737986253360843,2.0035358,3.0
mp-13940,Sr2TmReO6,Sr,Sr,Tm,Re,-3.048674391250002,0.058439533041676484,0.0,2.0008048,142.1429715965891,7.317452854817717,Fm-3m,225,0.95,0.95,1.25,1.9,3.44,1.575,1.18,1.18,1.03,0.63,0.8180876661261401,0.4819277108433735,2,2,4,7,5.5,4,4,7,8,3.25,4.75,0.75,2.25,3.0,2.0,0.75,2.25,3.0,1.5,2.58,2.4299999999999997,2.03,2.2299999999999995,-2.995787524309661,2.0008048,3.0
mp-13937,Sr2TbReO6,Sr,Sr,Tb,Re,-2.9914924659166657,0.08864850085417864,0.0,1.9989962,146.7766722745452,6.9732088510763,Fm-3m,225,0.95,0.95,1.5,1.9,3.44,1.7,1.18,1.18,0.9230000000000002,0.63,0.8381968736325719,0.3773341918866711,2,2,4,7,5.5,4,4,7,8,3.25,4.75,0.75,2.25,3.0,2.0,0.75,2.25,3.0,1.5,2.58,2.323,2.03,2.1765,-3.0215518724845687,1.9989962,3.0
mp-13941,Sr2YbReO6,Sr,Sr,Yb,Re,-2.9157167270000004,0.0,0.0,2.0,137.78674967178137,7.598280099497323,Fm-3m,225,0.95,0.95,1.5,1.9,3.44,1.7,1.18,1.18,1.02,0.63,0.819926065375862,0.4727272727272728,2,2,4,7,5.5,4,4,7,8,3.25,4.75,0.75,2.25,3.0,2.0,0.75,2.25,3.0,1.5,2.58,2.42,2.03,2.2249999999999996,-2.910641933770109,2.0,3.0
mp-13933,Ba2HoReO6,Ba,Ba,Ho,Re,-3.0504090257499996,0.0,0.0,2.0008785,150.71518068773153,7.952461743120571,Fm-3m,225,0.89,0.89,1.23,1.9,3.44,1.565,1.35,1.35,0.9010000000000001,0.63,0.8979652035386774,0.3540169823644678,2,2,4,7,5.5,4,4,7,8,3.25,4.75,0.75,2.25,3.0,2.0,0.75,2.25,3.0,1.5,2.75,2.301,2.03,2.1654999999999998,-3.041055162314691,2.0008785,3.0
mp-13935,Ba2YbReO6,Ba,Ba,Yb,Re,-2.933922713000001,0.0,0.0,2.0,144.77359808261343,8.37185208529183,Fm-3m,225,0.89,0.89,1.5,1.9,3.44,1.7,1.35,1.35,1.02,0.63,0.8739522014665195,0.4727272727272728,2,2,4,7,5.5,4,4,7,8,3.25,4.75,0.75,2.25,3.0,2.0,0.75,2.25,3.0,1.5,2.75,2.42,2.03,2.2249999999999996,-2.9122069865012143,2.0,3.0
mp-13938,Sr2DyReO6,Sr,Sr,Dy,Re,-2.999338294416667,0.08651884891667727,0.0,0.0919374,145.55345808467467,7.072592089294295,Fm-3m,225,0.95,0.95,1.22,1.9,3.44,1.56,1.18,1.18,1.07,0.63,0.8108157757605744,0.5176470588235295,2,2,4,7,5.5,4,4,7,8,3.25,4.75,0.75,2.25,3.0,2.0,0.75,2.25,3.0,1.5,2.58,2.4699999999999998,2.03,2.25,-2.997378631347249,0.0919374,3.0
mp-13936,Sr2GdReO6,Sr,Sr,Gd,Re,-2.9614581922500007,0.09699045416667751,0.0,4.9988586,148.5924465710668,6.869275186333859,Fm-3m,225,0.95,0.95,1.2,1.9,3.44,1.5499999999999998,1.18,1.18,0.938,0.63,0.8353184503027895,0.3928571428571428,2,2,4,7,5.5,4,4,7,8,3.25,4.75,0.75,2.25,3.0,2.0,0.75,2.25,3.0,1.5,2.58,2.338,2.03,2.184,-2.9552971814599185,4.9988586,4.9988586
mp-13939,Sr2ErReO6,Sr,Sr,Er,Re,-3.0323577842500007,0.0665114384166774,0.0,1.9855941,143.77741051422953,7.214921578695592,Fm-3m,225,0.95,0.95,1.24,1.9,3.44,1.5699999999999998,1.18,1.18,0.89,0.63,0.8445997664172651,0.34210526315789475,2,2,4,7,5.5,4,4,7,8,3.25,4.75,0.75,2.25,3.0,2.0,0.75,2.25,3.0,1.5,2.58,2.29,2.03,2.16,-3.0401907555984367,1.9855941,3.0
mp-14223,Ba2YbSbO6,Ba,Ba,Yb,Sb,-0.4768635697500031,2.521150947999997,0.0,1.2392028,199.2716741463206,5.545225593965053,Fm-3m,225,0.89,0.89,1.5,2.05,3.44,1.775,1.35,1.35,1.02,0.76,0.8491456979314435,0.29213483146067415,2,2,4,5,4.5,4,4,15,8,1.25,6.75,2.75,8.25,11.0,6.0,2.75,1.75,4.5,1.0,2.75,2.42,2.16,2.29,-0.47148103092510096,1.2392028,4.5
mp-14226,Ba2YSbO6,Ba,Ba,Y,Sb,-0.9981449470000001,2.0778009170000002,0.0,0.2729607,205.60998453716394,4.694802865220723,Fm-3m,225,0.89,0.89,1.22,2.05,3.44,1.6349999999999998,1.35,1.35,0.9,0.76,0.8719926673825137,0.1686746987951807,2,2,3,5,4.0,4,3,15,8,1.0,7.0,2.0,8.0,10.0,5.0,2.0,2.0,4.0,0.0,2.75,2.3,2.16,2.23,-1.0050087925099482,0.2729607,4.0
mp-14292,Ba2NdSbO6,Ba,Ba,Nd,Sb,-3.00894608975,0.0044892299999999,3.6674,0.0,163.4603492444386,6.467538998957887,Fm-3m,225,0.89,0.89,1.14,2.05,3.44,1.5949999999999998,1.35,1.35,0.983,0.76,0.856061478434077,0.25588066551921973,2,2,4,5,4.5,4,4,15,8,1.25,6.75,2.75,8.25,11.0,6.0,2.75,1.75,4.5,1.0,2.75,2.383,2.16,2.2715,-2.996514651952879,0.0,4.5
mp-14294,Ba2YbSbO6,Ba,Ba,Yb,Sb,-2.998014517750002,0.0,0.0,0.0,146.63063811058572,7.535985670300834,Fm-3m,225,0.89,0.89,1.5,2.05,3.44,1.775,1.35,1.35,1.02,0.76,0.8491456979314435,0.29213483146067415,2,2,4,5,4.5,4,4,15,8,1.25,6.75,2.75,8.25,11.0,6.0,2.75,1.75,4.5,1.0,2.75,2.42,2.16,2.29,-3.0054067244708746,0.0,4.5
mp-14430,Sr2YRuO6,Sr,Sr,Y,Ru,-2.8422780180000005,0.0,0.0,5.9992088,282.584622226224,5.420400828296918,P2_1/c,14,0.95,0.95,1.22,2.2,3.44,1.71,1.18,1.18,0.9,0.68,0.83302990660333,0.2784810126582278,2,2,3,8,5.5,4,3,8,8,2.75,5.25,0.25,2.75,3.0,2.0,0.25,2.75,3.0,2.5,2.58,2.3,2.08,2.19,-2.8347360101219565,5.9992088,5.9992088
mp-14551,Sr2CaUO6,Sr,Sr,Ca,U,-3.575181262999999,0.0,2.2089,0.0002608,312.87930745311166,5.831040959086338,P2_1/c,14,0.95,0.95,1.0,1.7,3.44,1.35,1.18,1.18,1.0,1.025,0.7562012416419867,0.02469135802469127,2,2,4,4,4.0,4,4,4,8,4.0,4.0,0.0,0.0,0.0,5.0,0.0,0.0,0.0,0.0,2.58,2.4,2.425,2.4124999999999996,-3.5757665192736985,0.0002608,0.0002608
mp-14552,Ba2SrUO6,Ba,Ba,Sr,U,-3.5092926230000003,0.0,2.2855000000000003,0.0,347.77879236140313,6.649239305630288,P2_1/c,14,0.89,0.89,0.95,1.7,3.44,1.325,1.35,1.35,1.18,1.025,0.7770404188863159,0.14058956916099774,2,2,4,4,4.0,4,4,4,8,4.0,4.0,0.0,0.0,0.0,5.0,0.0,0.0,0.0,0.0,2.75,2.58,2.425,2.5025,-3.486771617984557,0.0,0.0
mp-14735,La2CuSnO6,La,La,Cu,Sn,-2.7735690560000004,0.04499002074999492,0.0,1.4752587,536.9079749350874,6.879129712877003,P2_1/m,11,1.1,1.1,1.9,1.96,3.44,1.93,1.032,1.032,0.77,0.69,0.8073632356083021,0.10958904109589052,3,3,11,4,7.5,6,11,14,6,2.25,3.75,8.75,10.0,18.75,13.75,1.25,0.0,1.25,1.25,2.432,2.17,2.09,2.13,-2.77459693047177,1.4752587,1.4752587
mp-15002,Sr2CaIrO6,Sr,Sr,Ca,Ir,-2.5457749655000006,0.0,0.0,6.00327,284.66483948039644,5.874512382029286,P2_1/c,14,0.95,0.95,1.0,2.2,3.44,1.6,1.18,1.18,1.0,0.68,0.8144354890452199,0.3809523809523809,2,2,4,9,6.5,4,4,9,8,2.75,5.25,1.25,3.75,5.0,0.0,1.25,3.75,5.0,2.5,2.58,2.4,2.08,2.24,-2.581235614864138,6.00327,6.00327
mp-15888,Ba2YIrO6,Ba,Ba,Y,Ir,-2.7615947299999997,0.0,0.0,2.0,150.9240161972271,7.171124735294759,Fm-3m,225,0.89,0.89,1.22,2.2,3.44,1.71,1.35,1.35,0.9,0.68,0.8879194740926967,0.2784810126582278,2,2,3,9,6.0,4,3,9,8,2.5,5.5,0.5,3.5,4.0,1.0,0.5,3.5,4.0,3.0,2.75,2.3,2.08,2.19,-2.7363562999857196,2.0,4.0
mp-15887,Sr2YIrO6,Sr,Sr,Y,Ir,-2.7659542549999996,0.0,0.0,4.0006066,283.26092665553847,6.47610756297309,P2_1/c,14,0.95,0.95,1.22,2.2,3.44,1.71,1.18,1.18,0.9,0.68,0.83302990660333,0.2784810126582278,2,2,3,9,6.0,4,3,9,8,2.5,5.5,0.5,3.5,4.0,1.0,0.5,3.5,4.0,3.0,2.58,2.3,2.08,2.19,-2.784068901017252,4.0006066,4.0006066
mp-15889,Ba2LaIrO6,Ba,Ba,La,Ir,-2.7118537085,0.0,0.0,1.9960564,161.57687796609576,7.212178393418639,C2/m,12,0.89,0.89,1.1,2.2,3.44,1.6500000000000001,1.35,1.35,1.032,0.68,0.8619431064995591,0.41121495327102797,2,2,4,9,6.5,4,3,9,8,2.5,5.5,0.5,3.5,4.0,1.0,0.5,3.5,4.0,3.0,2.75,2.432,2.08,2.2560000000000002,-2.7249290352729765,1.9960564,4.0
mp-16307,Sr2MgIrO6,Sr,Sr,Mg,Ir,-2.473373895500001,0.0,0.0,2.5023386,126.70770160876752,6.392207175336097,Fm-3m,225,0.95,0.95,1.31,2.2,3.44,1.7550000000000001,1.18,1.18,0.72,0.68,0.8687311883149013,0.05714285714285704,2,2,4,9,6.5,4,4,9,8,2.75,5.25,1.25,3.75,5.0,0.0,1.25,3.75,5.0,2.5,2.58,2.12,2.08,2.1,-2.4852871213808707,2.5023386,5.0
mp-16605,Sr2TmTaO6,Sr,Sr,Tm,Ta,-3.6324212707333343,0.0,3.873,0.0003839,283.7391345208555,7.26999834418531,P2_1/c,14,0.95,0.95,1.25,1.5,3.44,1.375,1.18,1.18,1.03,0.72,0.801905712290678,0.35428571428571437,2,2,4,5,4.5,4,4,5,8,3.75,4.25,0.25,0.75,1.0,4.0,0.25,0.75,1.0,0.5,2.58,2.4299999999999997,2.12,2.275,-3.604932508869918,0.0003839,1.0
mp-16796,Sr2GdRuO6,Sr,Sr,Gd,Ru,-2.828292794,0.0,0.2536999999999998,20.0000001,278.011893467992,6.325981816298572,P2_1/c,14,0.95,0.95,1.2,2.2,3.44,1.7000000000000002,1.18,1.18,0.938,0.68,0.8258648689277016,0.318912237330037,2,2,4,8,6.0,4,4,8,8,3.0,5.0,1.0,3.0,4.0,1.0,1.0,3.0,4.0,2.0,2.58,2.338,2.08,2.209,-2.871006278279574,20.0000001,20.0000001
mp-18742,Sr2CaWO6,Sr,Sr,Ca,W,-2.9806652965000007,0.06844362650000058,3.2729,0.0002751,298.2807463734944,5.5130828009803095,Pmmn,59,0.95,0.95,1.0,1.7,3.44,1.35,1.18,1.18,1.0,0.66,0.8180876661261401,0.4096385542168674,2,2,4,6,5.0,4,4,6,8,3.5,4.5,0.5,1.5,2.0,3.0,0.5,1.5,2.0,1.0,2.58,2.4,2.06,2.23,-2.9179103258268007,0.0002751,2.0
mp-18744,Sr2ErMoO6,Sr,Sr,Er,Mo,-3.113661218499999,0.0,1.2643000000000004,2.0001857,284.61028785830536,6.2362528648698,P2_1/c,14,0.95,0.95,1.24,2.16,3.44,1.7000000000000002,1.18,1.18,0.89,0.69,0.83302990660333,0.2531645569620254,2,2,4,6,5.0,4,4,6,8,3.5,4.5,0.5,1.5,2.0,3.0,0.5,1.5,2.0,1.0,2.58,2.29,2.09,2.19,-3.092540082318678,2.0001857,2.0001857
mp-18757,Sr2CdWO6,Sr,Sr,Cd,W,-2.594690849,0.023869566000001008,3.3149,0.0,136.55214769979372,6.900916717117696,I4/m,87,0.95,0.95,1.69,1.7,3.44,1.6949999999999998,1.18,1.18,0.95,0.66,0.8273630364903821,0.3602484472049689,2,2,12,6,9.0,4,12,6,8,5.5,2.5,6.5,3.5,10.0,5.0,3.5,3.5,7.0,0.0,2.58,2.3499999999999996,2.06,2.205,-2.5902260707174167,0.0,7.0
mp-18783,Ca2FeMoO6,Ca,Ca,Fe,Mo,-2.5480629329999998,0.003955292999999749,1.2723999999999998,11.9991657,239.16288033666115,4.553824273177323,P2_1/c,14,1.0,1.0,1.83,2.16,3.44,1.995,1.0,1.0,0.61,0.69,0.8278323291940068,0.12307692307692303,2,2,8,6,7.0,4,8,6,8,4.5,3.5,3.5,2.5,6.0,1.0,3.5,2.5,6.0,1.0,2.4,2.01,2.09,2.05,-2.5491608130123256,11.9991657,11.9991657
mp-18764,Ba2SrWO6,Ba,Ba,Sr,W,-2.968149434,0.0,3.2504,3.8e-05,165.22527617156834,6.453306845453025,C2/m,12,0.89,0.89,0.95,1.7,3.44,1.325,1.35,1.35,1.18,0.66,0.838165365630606,0.5652173913043478,2,2,4,6,5.0,4,4,6,8,3.5,4.5,0.5,1.5,2.0,3.0,0.5,1.5,2.0,1.0,2.75,2.58,2.06,2.3200000000000003,-2.9624383525028466,3.8e-05,2.0
mp-18771,Sr2CoWO6,Sr,Sr,Co,W,-2.595678251999999,0.009583880500000141,1.6714999999999995,3.6e-06,258.60430699992935,6.601073463927106,I4/m,87,0.95,0.95,1.88,1.7,3.44,1.79,1.18,1.18,0.65,0.66,0.8877544990079284,0.015267175572519097,2,2,9,6,7.5,4,9,6,8,4.75,3.25,4.25,2.75,7.0,2.0,4.25,2.75,7.0,1.5,2.58,2.05,2.06,2.0549999999999997,-2.5852558034324122,3.6e-06,7.0
mp-18805,Sr2CoMoO6,Sr,Sr,Co,Mo,-2.4421815280000003,0.03312579300000085,0.4208999999999996,2.9997704,121.7360313918703,5.812343494766092,I4/m,87,0.95,0.95,1.88,2.16,3.44,2.02,1.18,1.18,0.65,0.69,0.8813214953919287,0.05970149253731333,2,2,9,6,7.5,4,9,6,8,4.75,3.25,4.25,2.75,7.0,2.0,4.25,2.75,7.0,1.5,2.58,2.05,2.09,2.07,-2.4292772162809992,2.9997704,7.0
mp-18794,Sm2TiMnO6,Sm,Sm,Ti,Mn,-3.436049351626438,0.029054487749997193,1.6792000000000002,10.0013499,249.6574431734069,6.644904030437712,P2_1/c,14,1.17,1.17,1.54,1.55,3.44,1.545,0.958,0.958,0.86,0.67,0.7701421662992511,0.24836601307189535,3,3,4,7,5.5,6,4,7,6,2.25,3.75,1.75,3.25,5.0,0.0,1.75,3.25,5.0,1.5,2.3579999999999997,2.26,2.07,2.165,-3.424937262306369,10.0013499,10.0013499
mp-18829,Sr2ZnMoO6,Sr,Sr,Zn,Mo,-2.5475482929999997,0.025288399000004347,2.3108,3.3e-05,130.24422168375415,5.5152155547333965,Fm-3m,225,0.95,0.95,1.65,2.16,3.44,1.905,1.18,1.18,0.74,0.69,0.8625699742133772,0.06993006993006999,2,2,12,6,9.0,4,12,6,8,5.5,2.5,6.5,3.5,10.0,5.0,3.5,3.5,7.0,0.0,2.58,2.1399999999999997,2.09,2.1149999999999998,-2.545756679374895,3.3e-05,7.0
mp-18845,Ba2FeWO6,Ba,Ba,Fe,W,-2.6401709015000003,0.0,3.0822999999999996,7.82e-05,285.0753211940118,7.110301744816236,Fm-3m,225,0.89,0.89,1.83,1.7,3.44,1.7650000000000001,1.35,1.35,0.61,0.66,0.9555497043061453,0.07874015748031503,2,2,8,6,7.0,4,8,6,8,4.5,3.5,3.5,2.5,6.0,1.0,3.5,2.5,6.0,1.0,2.75,2.01,2.06,2.035,-2.644117669906147,7.82e-05,6.0
mp-18848,Sr2MgWO6,Sr,Sr,Mg,W,-2.9759653285,0.00919155499999924,3.2641,0.0,129.41020337033223,6.15122705074165,Fm-3m,225,0.95,0.95,1.31,1.7,3.44,1.505,1.18,1.18,0.72,0.66,0.8728877968714319,0.08695652173913036,2,2,4,6,5.0,4,4,6,8,3.5,4.5,0.5,1.5,2.0,3.0,0.5,1.5,2.0,1.0,2.58,2.12,2.06,2.09,-2.9789907941730704,0.0,2.0
mp-18857,Sr2FeMoO6,Sr,Sr,Fe,Mo,-2.531505224999999,0.0010811014166680621,1.2803,6.0001556,128.11251785751264,5.483020499764869,I4/m,87,0.95,0.95,1.83,2.16,3.44,1.995,1.18,1.18,0.61,0.69,0.8899197538835574,0.12307692307692303,2,2,8,6,7.0,4,8,6,8,4.5,3.5,3.5,2.5,6.0,1.0,3.5,2.5,6.0,1.0,2.58,2.01,2.09,2.05,-2.535403390607053,6.0001556,6.0001556
mp-18862,La2CoIrO6,La,La,Co,Ir,-2.5306732215000003,0.04937824169231142,0.6153000000000004,7.8834963,245.189955151156,8.46499933199686,P2_1/c,14,1.1,1.1,1.88,2.2,3.44,2.04,1.032,1.032,0.65,0.68,0.8327766062206701,0.04511278195488726,3,3,9,9,9.0,6,9,9,6,3.0,3.0,6.0,6.0,12.0,7.0,4.0,4.0,8.0,0.0,2.432,2.05,2.08,2.065,-2.507997819562659,7.8834963,8.0
mp-18903,Sr2CdWO6,Sr,Sr,Cd,W,-2.536973467,0.08158694800000088,3.543,2e-06,145.8046123007189,6.462998556426221,Fm-3m,225,0.95,0.95,1.69,1.7,3.44,1.6949999999999998,1.18,1.18,0.95,0.66,0.8273630364903821,0.3602484472049689,2,2,12,6,9.0,4,12,6,8,5.5,2.5,6.5,3.5,10.0,5.0,3.5,3.5,7.0,0.0,2.58,2.3499999999999996,2.06,2.205,-2.525102332554383,2e-06,7.0
mp-18899,Nd2MnNiO6,Nd,Nd,Mn,Ni,-2.7804042532931037,0.0,1.4409999999999998,10.0004377,236.20267546413152,7.003597039610394,P2_1/c,14,1.14,1.14,1.55,1.91,3.44,1.73,0.983,0.983,0.67,0.69,0.8101132017151648,0.029411764705882217,3,3,7,10,8.5,6,7,10,6,2.25,3.75,4.75,6.25,11.0,6.0,4.75,3.75,8.5,1.0,2.383,2.07,2.09,2.08,-2.8392120259863893,10.0004377,10.0004377
mp-18888,Sr2CdWO6,Sr,Sr,Cd,W,-2.5402991999999998,0.07826121500000127,3.5122,0.0002321,294.6085640876712,6.397200310439082,Pmmn,59,0.95,0.95,1.69,1.7,3.44,1.6949999999999998,1.18,1.18,0.95,0.66,0.8273630364903821,0.3602484472049689,2,2,12,6,9.0,4,12,6,8,5.5,2.5,6.5,3.5,10.0,5.0,3.5,3.5,7.0,0.0,2.58,2.3499999999999996,2.06,2.205,-2.5271811844694043,0.0002321,7.0
mp-18904,Ba2NdMoO6,Ba,Ba,Nd,Mo,-2.9413238677500004,0.04141504099999871,0.0,0.9999767,162.4379305249755,6.244299354738542,Fm-3m,225,0.89,0.89,1.14,2.16,3.44,1.65,1.35,1.35,0.983,0.69,0.8694583716803066,0.35026897788404066,2,2,4,6,5.0,4,4,6,8,3.5,4.5,0.5,1.5,2.0,3.0,0.5,1.5,2.0,1.0,2.75,2.383,2.09,2.2365,-2.937429143855625,0.9999767,2.0
mp-18908,Sr2NiTeO6,Sr,Sr,Ni,Te,-2.3148060146666674,0.0,0.0,6e-07,514.0849123792196,5.9114445088769285,C2/m,12,0.95,0.95,1.91,2.1,3.44,2.005,1.18,1.18,0.69,2.21,0.6401177177057167,1.0482758620689656,2,2,10,4,7.0,4,10,4,8,5.5,2.5,4.5,1.5,6.0,1.0,4.5,1.5,6.0,3.0,2.58,2.09,3.61,2.8499999999999996,-2.3151801897955853,6e-07,6.0
mp-18940,Sr2NiMoO6,Sr,Sr,Ni,Mo,-2.4803718254999993,0.0,2.0734000000000004,0.0,253.890917647127,5.5706871890235865,I4/m,87,0.95,0.95,1.91,2.16,3.44,2.035,1.18,1.18,0.69,0.69,0.8728877968714319,0.0,2,2,10,6,8.0,4,10,6,8,5.0,3.0,5.0,3.0,8.0,3.0,5.0,3.0,8.0,2.0,2.58,2.09,2.09,2.09,-2.488142194561777,0.0,8.0
mp-18962,Sr2CaMoO6,Sr,Sr,Ca,Mo,-2.8466898750000005,0.07280424450000034,2.2563999999999997,0.0002893,145.73268991655655,4.640426541064921,Fm-3m,225,0.95,0.95,1.0,2.16,3.44,1.58,1.18,1.18,1.0,0.69,0.8126216015417783,0.3668639053254439,2,2,4,6,5.0,4,4,6,8,3.5,4.5,0.5,1.5,2.0,3.0,0.5,1.5,2.0,1.0,2.58,2.4,2.09,2.245,-2.8242076206002804,0.0002893,2.0
mp-18967,Ba2CoMoO6,Ba,Ba,Co,Mo,-2.4632855180000006,0.0,0.0,0.0109821,276.7660678753778,6.306065391872596,Fm-3m,225,0.89,0.89,1.88,2.16,3.44,2.02,1.35,1.35,0.65,0.69,0.9393930667937225,0.05970149253731333,2,2,9,6,7.5,4,9,6,8,4.75,3.25,4.25,2.75,7.0,2.0,4.25,2.75,7.0,1.5,2.75,2.05,2.09,2.07,-2.4443349887575434,0.0109821,7.0
mp-18981,Sr2CaWO6,Sr,Sr,Ca,W,-2.976089124,0.07301979900000077,3.2349,0.0,146.8679810191929,5.598383123685698,Fm-3m,225,0.95,0.95,1.0,1.7,3.44,1.35,1.18,1.18,1.0,0.66,0.8180876661261401,0.4096385542168674,2,2,4,6,5.0,4,4,6,8,3.5,4.5,0.5,1.5,2.0,3.0,0.5,1.5,2.0,1.0,2.58,2.4,2.06,2.23,-2.9915466773564723,0.0,2.0
mp-18977,Ba2CaWO6,Ba,Ba,Ca,W,-3.0296963500000005,0.0030402209999991214,3.183,0.0,154.81755213407968,6.377210101411496,Fm-3m,225,0.89,0.89,1.0,1.7,3.44,1.35,1.35,1.35,1.0,0.66,0.8719926673825137,0.4096385542168674,2,2,4,6,5.0,4,4,6,8,3.5,4.5,0.5,1.5,2.0,3.0,0.5,1.5,2.0,1.0,2.75,2.4,2.06,2.23,-3.0215553042575096,0.0,2.0
mp-18992,Ba2MnTeO6,Ba,Ba,Mn,Te,-2.4804957404597716,0.0,0.9485999999999999,6e-07,579.9485742530934,6.335672272877928,Fm-3m,225,0.89,0.89,1.55,2.1,3.44,1.8250000000000002,1.35,1.35,0.67,2.21,0.6846984676982414,1.0694444444444444,2,2,7,4,5.5,4,7,4,8,4.75,3.25,2.25,0.75,3.0,2.0,2.25,0.75,3.0,1.5,2.75,2.07,3.61,2.84,-2.4999288751505975,6e-07,3.0
mp-18995,Ba2FeMoO6,Ba,Ba,Fe,Mo,-2.4978201220000003,0.003290486000000037,1.6728999999999998,3.9999999,136.65139581841586,6.34844882111285,Fm-3m,225,0.89,0.89,1.83,2.16,3.44,1.995,1.35,1.35,0.61,0.69,0.9485578772014662,0.12307692307692303,2,2,8,6,7.0,4,8,6,8,4.5,3.5,3.5,2.5,6.0,1.0,3.5,2.5,6.0,1.0,2.75,2.01,2.09,2.05,-2.525412485295779,3.9999999,6.0
mp-18986,Ba2MgWO6,Ba,Ba,Mg,W,-2.9532242795,0.0,3.2230999999999996,4.38e-05,139.68398093544786,6.880619869040942,Fm-3m,225,0.89,0.89,1.31,1.7,3.44,1.505,1.35,1.35,0.72,0.66,0.9304036594559836,0.08695652173913036,2,2,4,6,5.0,4,4,6,8,3.5,4.5,0.5,1.5,2.0,3.0,0.5,1.5,2.0,1.0,2.75,2.12,2.06,2.09,-2.9657586239917992,4.38e-05,2.0
mp-19014,Sr2CdWO6,Sr,Sr,Cd,W,-2.618560415,0.0,3.3826,0.0,273.301961801978,6.895925609949363,P2_1/c,14,0.95,0.95,1.69,1.7,3.44,1.6949999999999998,1.18,1.18,0.95,0.66,0.8273630364903821,0.3602484472049689,2,2,12,6,9.0,4,12,6,8,5.5,2.5,6.5,3.5,10.0,5.0,3.5,3.5,7.0,0.0,2.58,2.3499999999999996,2.06,2.205,-2.601312545552345,0.0,7.0
mp-19011,Ba2NiTeO6,Ba,Ba,Ni,Te,-2.2771846756666663,0.0,0.0,2.7e-06,289.3268995963374,6.392955099460609,R-3m,166,0.89,0.89,1.91,2.1,3.44,2.005,1.35,1.35,0.69,2.21,0.6822960169343879,1.0482758620689656,2,2,10,4,7.0,4,10,4,8,5.5,2.5,4.5,1.5,6.0,1.0,4.5,1.5,6.0,3.0,2.75,2.09,3.61,2.8499999999999996,-2.2581221747591447,2.7e-06,6.0
mp-19059,Ca2FeWO6,Ca,Ca,Fe,W,-2.4864607580000007,0.18604887100000056,0.0,4.0000202,124.24134520788049,5.557845883451646,Fm-3m,225,1.0,1.0,1.83,1.7,3.44,1.7650000000000001,1.0,1.0,0.61,0.66,0.833934287394454,0.07874015748031503,2,2,8,6,7.0,4,8,6,8,4.5,3.5,3.5,2.5,6.0,1.0,3.5,2.5,6.0,1.0,2.4,2.01,2.06,2.035,-2.476199049598055,4.0000202,6.0
mp-19078,Ba2SrWO6,Ba,Ba,Sr,W,-2.9671923179999995,0.0009571160000003687,3.3567,0.0,166.34065979923568,6.410034726607162,R-3,148,0.89,0.89,0.95,1.7,3.44,1.325,1.35,1.35,1.18,0.66,0.838165365630606,0.5652173913043478,2,2,4,6,5.0,4,4,6,8,3.5,4.5,0.5,1.5,2.0,3.0,0.5,1.5,2.0,1.0,2.75,2.58,2.06,2.3200000000000003,-2.9526904022630394,0.0,2.0
mp-19098,Ba2CaWO6,Ba,Ba,Ca,W,-3.0327365709999996,0.0,3.2912,1.5e-05,154.80353803049138,6.377787419501912,C2/m,12,0.89,0.89,1.0,1.7,3.44,1.35,1.35,1.35,1.0,0.66,0.8719926673825137,0.4096385542168674,2,2,4,6,5.0,4,4,6,8,3.5,4.5,0.5,1.5,2.0,3.0,0.5,1.5,2.0,1.0,2.75,2.4,2.06,2.23,-3.0224130052577003,1.5e-05,2.0
mp-19100,Sr2CaMoO6,Sr,Sr,Ca,Mo,-2.8545688579999995,0.06492526150000089,2.2527,1.91e-05,297.0774854872558,4.552764010913805,Pmmn,59,0.95,0.95,1.0,2.16,3.44,1.58,1.18,1.18,1.0,0.69,0.8126216015417783,0.3668639053254439,2,2,4,6,5.0,4,4,6,8,3.5,4.5,0.5,1.5,2.0,3.0,0.5,1.5,2.0,1.0,2.58,2.4,2.09,2.245,-2.8673984899044584,1.91e-05,2.0
mp-19093,Ba2UNiO6,Ba,Ba,U,Ni,-3.0844553799999987,0.0,1.6246,1.9877867,150.17182867549965,7.379536283604024,Fm-3m,225,0.89,0.89,1.7,1.91,3.44,1.805,1.35,1.35,1.025,0.69,0.8613703868274665,0.39067055393586003,2,2,4,10,7.0,4,4,10,8,2.5,5.5,1.5,4.5,6.0,1.0,1.5,4.5,6.0,3.0,2.75,2.425,2.09,2.2575,-3.07581692910652,1.9877867,6.0
mp-19085,Ba2MnWO6,Ba,Ba,Mn,W,-2.7469805557931024,0.0,2.2267,0.0,290.591241413471,6.964970710825771,Fm-3m,225,0.89,0.89,1.55,1.7,3.44,1.625,1.35,1.35,0.67,0.66,0.9416676262774846,0.015037593984962419,2,2,7,6,6.5,4,7,6,8,4.25,3.75,2.75,2.25,5.0,0.0,2.75,2.25,5.0,0.5,2.75,2.07,2.06,2.065,-2.7309723652885487,0.0,5.0
mp-19114,Ca2NiWO6,Ca,Ca,Ni,W,-2.608180873,0.0,2.9330000000000003,0.0,239.83055131513552,5.797794523588277,P2_1/c,14,1.0,1.0,1.91,1.7,3.44,1.805,1.0,1.0,0.69,0.66,0.8178584457097415,0.044444444444444314,2,2,10,6,8.0,4,10,6,8,5.0,3.0,5.0,3.0,8.0,3.0,5.0,3.0,8.0,2.0,2.4,2.09,2.06,2.075,-2.5930950464037283,0.0,8.0
mp-19108,Ca2MnWO6,Ca,Ca,Mn,W,-2.7775442822931025,0.0,2.1817,0.0,250.93195879078363,5.491593961383984,P2_1/c,14,1.0,1.0,1.55,1.7,3.44,1.625,1.0,1.0,0.67,0.66,0.8218190192967139,0.015037593984962419,2,2,7,6,6.5,4,7,6,8,4.25,3.75,2.75,2.25,5.0,0.0,2.75,2.25,5.0,0.5,2.4,2.07,2.06,2.065,-2.7537660148636096,0.0,5.0
mp-19116,Sr2CaMoO6,Sr,Sr,Ca,Mo,-2.9194941195000004,0.0,2.5606,0.0003828,286.3458538296092,4.723391892323221,P2_1/c,14,0.95,0.95,1.0,2.16,3.44,1.58,1.18,1.18,1.0,0.69,0.8126216015417783,0.3668639053254439,2,2,4,6,5.0,4,4,6,8,3.5,4.5,0.5,1.5,2.0,3.0,0.5,1.5,2.0,1.0,2.58,2.4,2.09,2.245,-2.905328042555979,0.0003828,2.0
mp-19119,Sr2NiOsO6,Sr,Sr,Ni,Os,-2.0801589849999993,0.1233458580227289,0.0,1.8085979,126.57665655429177,6.823893863961653,I4/m,87,0.95,0.95,1.91,2.2,3.44,2.055,1.18,1.18,0.69,0.63,0.8855997550782975,0.09090909090909083,2,2,10,8,9.0,4,10,8,8,4.5,3.5,5.5,4.5,10.0,5.0,4.5,4.5,9.0,0.0,2.58,2.09,2.03,2.0599999999999996,-2.0731300208491676,1.8085979,9.0
mp-19127,Sr2FeMoO6,Sr,Sr,Fe,Mo,-2.5318481930000005,0.0007381334166671749,1.9774000000000003,3e-07,257.0475416749025,5.465475819081289,Fm-3m,225,0.95,0.95,1.83,2.16,3.44,1.995,1.18,1.18,0.61,0.69,0.8899197538835574,0.12307692307692303,2,2,8,6,7.0,4,8,6,8,4.5,3.5,3.5,2.5,6.0,1.0,3.5,2.5,6.0,1.0,2.58,2.01,2.09,2.05,-2.510445188233672,3e-07,6.0
mp-19161,Ca2CoWO6,Ca,Ca,Co,W,-2.6169339309999997,0.0,1.2029,6.0001157,242.2213679890244,5.743855905392938,P2_1/c,14,1.0,1.0,1.88,1.7,3.44,1.79,1.0,1.0,0.65,0.66,0.8258181386120264,0.015267175572519097,2,2,9,6,7.5,4,9,6,8,4.75,3.25,4.25,2.75,7.0,2.0,4.25,2.75,7.0,1.5,2.4,2.05,2.06,2.0549999999999997,-2.617464356184981,6.0001157,7.0
mp-19159,Ca2PdWO6,Ca,Ca,Pd,W,-2.181132698,0.34014274583333304,0.0,1.7778904,134.67783580342996,5.750731052429175,Fm-3m,225,1.0,1.0,2.2,1.7,3.44,1.9500000000000002,1.0,1.0,0.86,0.66,0.7856742013183861,0.26315789473684204,2,2,10,6,8.0,4,10,6,8,5.0,3.0,5.0,3.0,8.0,3.0,5.0,3.0,8.0,2.0,2.4,2.26,2.06,2.16,-2.198770191024554,1.7778904,8.0
mp-19176,La2NiRuO6,La,La,Ni,Ru,-2.633363193,0.0,0.0,8.001357,253.0605088514348,7.002396887795017,P2_1/c,14,1.1,1.1,1.91,2.2,3.44,2.055,1.032,1.032,0.69,0.68,0.8247883414127979,0.014598540145985252,3,3,10,8,9.0,6,10,8,6,3.5,2.5,6.5,5.5,12.0,7.0,3.5,4.5,8.0,1.0,2.432,2.09,2.08,2.085,-2.6366245322788755,8.001357,8.001357
mp-19182,Ba2CaWO6,Ba,Ba,Ca,W,-3.0302090730000004,0.0025274979999991842,3.1866000000000003,1.35e-05,154.90304384778858,6.37369048935799,I4/m,87,0.89,0.89,1.0,1.7,3.44,1.35,1.35,1.35,1.0,0.66,0.8719926673825137,0.4096385542168674,2,2,4,6,5.0,4,4,6,8,3.5,4.5,0.5,1.5,2.0,3.0,0.5,1.5,2.0,1.0,2.75,2.4,2.06,2.23,-3.0451071258961293,1.35e-05,2.0
